feature_name,feature_class,prim_lat_dec,prim_long_dec
Lone Gulch,Valley,37.7112536,-120.3944773
Stoney Creek,Stream,37.5077144,-120.3585233
Acorn Canyon,Valley,38.7680853,-119.8417344
Adams Gap,Gap,36.5410597,-119.0617733
Adkins Mountain,Summit,37.1381179,-119.8099885
Adobe Gulch,Valley,38.210492,-120.5099577
Adobe Hill,Summit,37.0336779,-119.8619795
Alder Creek,Stream,39.5968506,-120.1693697
Alder Hill,Summit,39.3525671,-120.1953144
Alder Spring,Spring,37.9580052,-120.1941282
Mount Alice,Summit,37.1235772,-118.4658549
Alpine Lake,Lake,37.9622384,-119.3043537
Lake Alpine,Reservoir,38.4762159,-119.9993463
Alta Morris Lake,Lake,38.8935993,-120.1389816
Andrews Lake,Lake,38.0389848,-119.6903171
Andrews Mountain,Summit,37.0768912,-118.0827927
Anna Lake,Lake,38.219071,-119.5066969
Antelope Creek,Stream,38.4535212,-120.5099252
Antelope Peak,Summit,38.4700415,-119.5560486
Apple Tree Spring,Spring,37.4510307,-120.034437
Ardeth Lake,Lake,38.0512353,-119.6915778
Arnett Spring,Spring,36.6182187,-119.1600545
Arrow Creek,Stream,36.8699367,-118.5162104
Ashbrook Creek,Stream,37.1671693,-119.8382114
Avalanche Pass,Gap,36.7485497,-118.5600981
Avery,Populated Place,38.204363,-120.3699194
Avocado Lake,Lake,36.7869951,-119.4121935
Avonelle Lake,Lake,38.054545,-119.6431521
Baby Lake,Lake,37.4727296,-119.0383277
Bagley Valley,Valley,38.5924544,-119.6568188
Bald Mountain,Summit,37.1038303,-119.205814
Bald Mountain,Summit,38.1446359,-120.0871179
Bald Mountain,Summit,39.2970282,-120.1827268
Bald Peak,Summit,38.3721787,-119.7775155
Bald Rock,Summit,37.373723,-119.935368
Baltic Creek,Stream,38.722682,-120.5213135
Baltic Peak,Summit,38.694076,-120.5151236
Bare Island Lake,Lake,37.4954758,-119.4905976
Bark Sharrly Canyon,Valley,38.7109353,-120.2218717
Barker Creek,Stream,39.0635174,-120.3157503
Barney Lake,Lake,38.1405993,-119.4380945
Barrel Spring,Spring,37.4759988,-120.0730668
Barrett Lake,Lake,38.90476,-120.2297936
Barth Mountain,Summit,37.9859725,-120.5622171
Barton Creek,Stream,36.6952166,-118.5570414
Barts Valley,Valley,39.0322582,-120.3731168
Bathtub Lake,Lake,37.4637627,-119.0387861
Bathtub Spring,Spring,37.46713,-120.1383386
Battalion Pass,Gap,37.506604,-119.6984921
Baxter Lakes,Lake,36.8482681,-118.3825982
Bean Gulch,Valley,37.2375412,-119.7742233
Bean Gulch,Valley,37.9432147,-120.5370935
Bear Creek,Stream,37.9424253,-120.4888086
Bear Creek,Stream,38.4535229,-120.0437978
Bear Creek,Stream,39.1904622,-120.1968609
Bear Creek,Stream,38.3943565,-120.5010362
Bear Lake,Lake,38.4738048,-120.0451342
Bear Meadow Creek,Stream,36.9566139,-119.1440062
Bear Mountain,Summit,36.5962308,-119.0472764
Bear Pen Creek,Stream,39.1132396,-120.2879728
Bear Reservoir,Reservoir,37.368829,-120.2279589
Bear Trap Basin,Basin,38.4704674,-120.0915774
Bear Valley,Valley,39.4263972,-120.4332068
Bear Valley,Basin,39.5640722,-120.2252037
Beartrap Lake,Lake,38.1904832,-119.5141016
Becknell Creek,Stream,37.2985549,-119.9687776
Bee Gulch,Valley,38.4807085,-119.9987732
Beetlebug Lake,Lake,37.4725381,-119.0048074
Bell Mountain,Summit,38.1489191,-119.9215359
Beltz Lake,Lake,37.6557211,-120.4407306
Ben Brow Hill,Summit,37.6790085,-120.4101574
Benight Pond,Lake,36.5310872,-119.6534382
Benton Valley,Basin,37.8471545,-118.4940106
Berry Hill,Summit,37.0506916,-119.7211821
Mount Biedeman,Summit,38.1523811,-119.0679543
Big Alkali Lake,Lake,37.6791216,-118.7858683
Big Brewer Lake,Lake,36.7020204,-118.5098495
Big Butte,Summit,38.6764827,-120.5599525
Big Canyon,Valley,38.6659361,-120.5195037
Big Canyon,Valley,39.622017,-120.4627766
Big Chief,Summit,39.2409126,-120.1961865
Big Creek,Stream,37.6907648,-120.4229724
Big Creek,Stream,37.892704,-120.2232443
Big Horn Lake,Lake,37.9500996,-119.2987206
Big Humbug Creek,Stream,37.8929818,-120.2199109
Big Margaret Lake,Lake,37.4583496,-119.0340978
Big Seeley Spring,Spring,37.0206665,-118.2260158
Big Slough,Stream,38.5376886,-119.4801664
Big Spring,Spring,37.4602233,-119.9205835
Big Spring,Spring,38.6904887,-119.5986967
Big Trees Creek,Stream,38.2413069,-120.2729718
Bighorn Lake,Lake,37.0686741,-118.7567368
Bill Moore Canyon,Valley,36.5704577,-119.0224366
Billy Creek,Stream,36.8902263,-119.2951227
Birch Creek,Stream,37.5285428,-118.6387348
Birch Creek,Stream,37.6974309,-118.3726157
Birch Lake,Lake,37.0733256,-118.4283923
Birchim Canyon,Valley,37.4358276,-118.5554113
Black Canyon Spring,Spring,37.3652894,-118.2048723
Black Creek,Stream,37.9965909,-120.5613121
Black Creek,Stream,37.8968708,-120.5852018
Black Dome,Summit,38.5310408,-119.8452745
Black Mountain,Summit,37.2668634,-118.2252787
Black Spring Creek,Stream,38.2107515,-120.5938173
Blackie Lake,Lake,37.5794294,-119.3782587
Blacksmith Creek,Stream,38.1449197,-119.3829392
Blackwell Canyon,Valley,38.5919565,-119.4604988
Blank Peak,Summit,37.6947394,-120.369497
Blanket Creek,Stream,37.8929821,-120.3310255
Blatchley Canyon,Valley,39.5480137,-120.3348034
Bloods Creek,Stream,38.4174126,-120.0596315
Bloomer Lake,Lake,38.2664212,-119.8627157
Blue Canyon,Valley,36.5333669,-119.1009735
Blue Canyon,Valley,38.317783,-119.6641876
Blue Canyon,Valley,36.9300332,-118.7456042
Blue Canyon Falls,Falls,36.9315815,-118.7497695
Blue Jay Lakes,Lake,37.445089,-118.8803142
Blue Mountain,Summit,36.550934,-119.076057
Boca Hill,Summit,39.3800677,-120.1178984
Boca Reservoir,Reservoir,39.4059118,-120.0966396
Boca Spring,Spring,39.4290175,-120.0750832
Bonnie Lake,Lake,38.1889844,-119.5773421
Boone Canyon,Valley,38.3200408,-119.249888
Bostick Mountain,Summit,37.9639948,-120.5350376
Boulder Creek,Stream,37.2427202,-118.9459481
Boulder Creek,Stream,38.4176885,-119.7096196
Boulder Peak,Summit,38.4476661,-119.6877463
Bowman Gulch,Valley,37.9532031,-120.550062
Box Spring,Spring,38.1298028,-119.9054482
Brainerd Lake,Lake,37.09064,-118.4574703
Branford Mountain,Summit,36.9515929,-119.2908152
Branigan Lake,Lake,38.0301152,-119.6877129
Braly Peaks,Summit,38.2515978,-118.9211693
Brewer Creek,Stream,36.6999389,-118.5606527
Mount Brewer,Summit,36.7083193,-118.4852329
Brown Lake,Lake,37.1696227,-118.5429773
Brush Canyon,Valley,36.850015,-118.8532917
Brush Creek,Stream,39.2712952,-120.2065857
Brushy Hollow Creek,Stream,38.2371383,-120.0432413
Bryant Creek,Stream,38.5382423,-119.6565623
Bubbs Creek,Stream,36.7893825,-118.5509319
Buck Canyon,Valley,36.5495429,-119.0135867
Buck Island Lake,Reservoir,39.0020784,-120.2523828
Buck Peak,Summit,36.803504,-118.558037
Buck Point,Summit,37.485023,-120.0777253
Buck Rock Creek,Stream,36.7527224,-118.8228809
Buck Springs,Spring,38.279621,-119.4004449
Buckeye Creek,Stream,36.5971707,-119.1053874
Buckeye Creek,Stream,37.4227175,-119.9882276
Buckeye Creek,Stream,38.2771414,-119.2548779
Buckeye Hill,Summit,37.3296819,-119.9499833
Buckeye Hot Spring,Spring,38.2392022,-119.3250035
Buckhorn Mountain,Summit,37.9588765,-120.2754774
Buckskin Creek,Stream,39.100184,-120.31214
Buckskin Joe Spring,Spring,38.626762,-120.298791
Bugle Lake,Lake,39.0223555,-120.3248633
Bull Canyon,Valley,38.4534505,-119.5996963
Bull Canyon,Valley,38.5175925,-119.7285713
Bull Creek,Stream,38.301584,-119.3621051
Bull Run,Stream,37.3804963,-120.0543402
Bull Run Creek,Stream,38.437411,-119.8982372
Bull Run Lake,Lake,38.4807927,-119.9145654
Bull Run Peak,Summit,38.4754103,-119.8920929
Bumblebee Creek,Stream,38.2354715,-120.0176849
Bummerville,Populated Place,38.4013007,-120.5057585
Burnt Corral Creek,Stream,37.1341088,-118.90289
Burnt Mountain,Summit,36.9723081,-118.7285939
Burnt Point,Summit,36.5829025,-118.911212
Burrough Valley,Basin,36.9752269,-119.3670716
Burton Pass,Gap,36.7538339,-118.8512153
Bush Mountain,Summit,38.3228153,-119.3941444
Butcher Knife Pocket,Valley,37.7329607,-120.4134448
Buttonwillow Peak,Summit,36.6486406,-119.163391
Buzzard Canyon,Valley,37.1498124,-119.856118
Buzzard Roost,Summit,36.5822881,-119.0422759
Buzzard Roost,Summit,39.3713536,-120.4288044
Buzzard Roost Lake,Lake,39.3791728,-120.4077021
By-Day Creek,Stream,38.2646411,-119.2948798
Cabin Creek,Stream,36.9566106,-118.9070531
Cabin Creek,Stream,39.2776841,-120.2060303
California Creek,Stream,38.6824078,-119.5462797
Camp Meeting Gulch,Valley,37.9156401,-120.3766172
Campbell Mountain,Summit,36.6956062,-119.4213062
Cantua Creek,Populated Place,36.50134,-120.3162666
Canzatti Spring,Spring,38.4424211,-120.5284953
Cardoza Lake,Lake,37.6459331,-120.4562495
Cary Canyon,Valley,38.7737961,-119.8246636
Cary Peak,Summit,38.7792111,-119.8483926
Cascade Lake,Lake,37.9898539,-119.3065658
Cascade Lakes,Reservoir,39.3000095,-120.4300188
Casnau Creek,Stream,37.8754825,-120.5204765
Castle Peak,Summit,36.9873163,-118.8630268
Catfish Lake,Lake,39.3342917,-120.4644102
Cathey Pond,Lake,37.4735937,-120.2274171
Cats Head Mountain,Summit,36.958609,-119.2519914
Cedar Canyon,Valley,38.6377378,-120.5645922
Cedar Gulch,Valley,37.9418303,-120.2192257
Centerville,Populated Place,36.7338394,-119.4979071
Chain Lakes,Lake,36.9819552,-118.8881801
Chalfant Valley,Valley,37.4735421,-118.3667938
Chango Lake,Lake,38.3779051,-119.5866107
Chapman Creek,Stream,37.2535565,-119.9457191
Chimney Spring,Spring,36.5557192,-119.0661906
Chimney Spring,Spring,36.8660614,-119.5162435
China Gulch,Valley,37.4029304,-120.0041223
China Hat,Summit,37.4566216,-120.3492134
Cinnabar Canyon,Valley,38.1646879,-119.1516844
Cirque Mountain,Summit,38.1315459,-119.4589458
Citrus Cove,Basin,36.7052272,-119.3512334
Clark Canyon,Valley,38.2703981,-119.1923236
Clark Reservoir,Reservoir,38.3340123,-120.5142172
Clear Lake,Lake,38.1283596,-119.9384071
Clearwater Creek,Stream,38.1749205,-119.1948747
Cliff Lake,Lake,38.975925,-120.148652
Cliff Peak,Summit,36.5565074,-119.1716176
Clinton Spring,Spring,38.4388053,-119.2398584
Clotho,Populated Place,36.7213392,-119.6098571
Coburn Lake,Lake,39.5595005,-120.453473
Cockscomb Lakes,Lake,37.4618856,-119.0434555
Coffin Hollow,Valley,38.1331406,-119.9444629
Colby Lake,Lake,36.6282239,-118.5130243
Cold Creek,Stream,38.911852,-119.9707369
Cold Creek,Stream,37.3807754,-119.0017858
Cold Creek,Stream,39.3232395,-120.2238097
Cold Stream,Stream,39.5774035,-120.3682632
Cold Sulphur Spring,Spring,36.582275,-119.0105431
Coldstream Valley,Valley,39.3160483,-120.2290866
Cole Spring,Spring,36.9850224,-119.2798032
Collier Cove,Basin,36.5266156,-119.085385
Collins Creek,Stream,36.6713395,-119.5281855
Cone Hill,Summit,38.184173,-120.3305233
Conejo,Populated Place,36.5182834,-119.7190244
Conness Lakes,Lake,37.9747498,-119.3056774
Contact Pass,Gap,37.1079886,-118.4876054
Coon Spring,Spring,36.521746,-119.0416515
Copper Creek,Stream,36.7938277,-118.5803768
Cora Lakes,Lake,37.5955047,-119.271238
Corn Jack Peak,Summit,36.6391791,-119.1592228
Corral Gulch,Valley,38.225756,-120.5450388
Corral Gulch,Valley,38.4550934,-120.0440706
Corral Valley,Basin,38.4912994,-119.5726703
Corral Valley Creek,Stream,38.4985212,-119.6048938
Cottonwood Canyon,Valley,37.6608051,-118.3508044
Cottonwood Canyon,Valley,38.1327269,-119.0227942
Cottonwood Canyon,Valley,38.4617179,-119.234467
Cottonwood Creek,Stream,36.8449482,-120.3143356
Cottonwood Creek,Stream,36.9977274,-119.7073673
Cottonwood Creek,Stream,39.1149054,-120.3760314
Cottonwood Creek,Stream,39.5471265,-120.3204836
Cow Creek,Stream,37.2716114,-119.9596094
Cow Creek,Stream,38.232694,-120.0435191
Cowcamp Creek,Stream,38.3349154,-119.4490537
Coyote Creek,Stream,37.3140968,-118.5098362
Coyote Lake,Lake,37.4643282,-119.0523531
Coyote Pass,Gap,36.9807738,-118.7634379
Coyote Spring,Spring,39.1415236,-120.4017429
Coyote Valley,Valley,38.4946582,-119.6000075
Crag Lake,Lake,38.9916818,-120.1563592
Crandall Peak,Summit,38.1588366,-120.1434027
Crater Mountain,Summit,36.9224799,-118.4209834
Crooked Creek,Stream,37.4146539,-118.0042618
Crooked Road Canyon,Valley,37.1698073,-118.1937353
Cross Mountain,Summit,36.7359642,-118.5032957
Crown Valley,Basin,36.945365,-118.832245
Crystal Creek,Stream,36.9163304,-118.7637148
Cunningham Creek,Stream,36.6738273,-118.5375963
Curtis Creek,Stream,37.9110372,-120.4051946
Dan Sullivan Gulch,Valley,37.6412072,-120.3712732
Darby Pond,Basin,36.5827281,-119.672635
Dardanelles Cone,Summit,38.4045948,-119.8720275
Dark Canyon,Valley,38.6838565,-120.3611591
Dark Canyon,Valley,39.5783675,-120.4038377
Dark Canyon,Valley,39.580116,-120.3023914
Daulton Spring,Spring,37.17138,-119.791961
Davis Creek,Stream,36.8424471,-119.0903915
Davis Mountain,Summit,36.9858513,-119.2923707
Dawson Lake,Reservoir,37.646989,-120.4783046
De Long Creek,Stream,37.4471615,-119.7884957
Deadman Creek,Stream,37.4774377,-120.163515
Deadman Creek,Stream,38.3132454,-119.747676
Deadman Lake,Lake,38.2924154,-119.6592823
Deep Canyon,Valley,37.3665719,-118.5084046
Deep Canyon,Valley,39.4566212,-120.0072674
Deep Creek,Stream,36.9332814,-119.2448432
Deep Creek,Stream,39.2582396,-120.2085298
Deep Hollow,Valley,37.2642612,-119.8925162
Deep Wash Canyon,Valley,38.2747495,-119.4282702
Deer Creek,Stream,37.873538,-120.29658
Deer Creek,Stream,39.2221287,-120.1993618
Deerhorn Mountain,Summit,36.7129628,-118.4104496
Dennis Canyon,Valley,38.6849315,-120.3702069
Dennis Spring,Spring,38.6939722,-120.369583
Devils Gate,Gap,38.4140833,-119.1707072
Devils Gate,Gap,38.3496383,-119.3776615
Devils Peak,Summit,39.028857,-120.2912482
Devils Peak,Summit,39.2826237,-120.4405351
Diamond Creek,Stream,38.7196265,-120.5029795
Diamond Valley,Valley,38.7784813,-119.757898
Dicks Lake,Lake,38.9119459,-120.142982
Dicks Pass,Gap,38.9051855,-120.1351868
Dicks Peak,Summit,38.9004581,-120.1509004
Dirty Gulch,Valley,38.1970793,-120.5155093
Disappointment Peak,Summit,37.0679033,-118.4675575
Disaster Peak,Summit,38.4487431,-119.7336662
Dixon Creek,Stream,38.5607415,-119.704064
Doe Canyon,Valley,38.2896205,-119.4365114
Dog Creek,Stream,36.9449396,-118.6914918
Dog Creek,Stream,36.7777279,-119.6401375
Dolly Creek,Stream,39.1454606,-120.4024219
Dome Two,Summit,38.6937909,-119.5875285
Domingo Peak,Summit,37.785984,-120.3307567
Donner Creek,Stream,39.3160174,-120.19992
Dore Pass,Gap,37.9852016,-119.2618215
Lake Doris,Lake,38.9053522,-120.1959794
Dorothy Lake Pass,Gap,38.1807501,-119.5818365
Double Trough Spring,Spring,36.5641626,-119.0571955
Doud Hill,Summit,38.2122448,-120.3365482
Douglas Creek,Stream,38.3376897,-119.7801772
Dragon Gulch,Valley,37.9838854,-120.3921699
Drum Valley,Basin,36.6399484,-119.1281671
Dry Canyon,Valley,38.8235515,-119.7983679
Dry Creek,Stream,38.2921387,-119.4382198
Dry Creek,Lake,37.0483065,-120.0704893
Dry Meadow Creek,Stream,38.1868628,-120.1440776
Dry Valley,Valley,36.612703,-119.0068813
Duck Creek,Stream,38.4429673,-120.0046296
Duck Lake,Lake,36.9925299,-118.8925502
Duck Lake,Lake,38.4753798,-119.97374
Duckwall Creek,Stream,37.9552026,-120.2190772
Dudley Pond,Basin,36.5574505,-119.6320771
Dudley Spring,Spring,36.52228,-119.1017566
Dump Canyon,Valley,38.6070288,-119.6372755
Duncan Canyon,Valley,36.9723947,-119.3646899
Dunn Creek,Stream,37.645766,-120.4099159
Dyer Creek,Stream,37.9796463,-120.2040768
Dynamo Pond,Lake,38.1492934,-119.2234053
Eagle Creek,Stream,38.3429678,-119.832679
Eagle Creek,Stream,38.2379745,-119.3371039
Eagle Peak,Summit,36.9398575,-119.2777399
Eagle Peak,Summit,38.1798461,-119.408612
Eagle Peak,Summit,38.2744707,-119.8481789
Eagle Scout Peak,Summit,36.5457144,-118.5615779
East Boca Canyon,Valley,39.4056067,-120.0847433
East Boca Spring,Spring,39.4159646,-120.0645616
East Kennedy Lake,Lake,36.8774199,-118.652472
East Lake,Lake,36.7259652,-118.4434174
East Slough,Stream,38.634909,-119.505445
East Vidette,Summit,36.7438136,-118.4005552
Edendale Creek,Stream,37.4221603,-120.5288053
Ediza Lake,Lake,37.6851276,-119.1665514
Egypt Creek,Stream,37.2988195,-118.5351139
Elderberry Canyon,Valley,37.384303,-118.6253837
Eldorado Creek,Stream,38.2224178,-120.5718721
Elephant Rock,Summit,38.4464977,-119.9699375
Elephant Rock Lake,Lake,38.4419699,-119.9760497
Elinor Lake,Lake,37.0958147,-118.4800379
Elizabeth Lake,Lake,36.9873429,-118.8421954
Elizabeth Peak,Summit,38.0629635,-120.2474397
Ellis Creek,Stream,39.014351,-120.3032487
Ellis Mountain,Summit,36.5441273,-119.0217604
Elm View,Populated Place,36.5474496,-119.7912504
Emerald Lake,Lake,37.7255303,-119.1650773
Emma Lake,Lake,38.2809879,-119.4828996
Mount Ericsson,Summit,36.6971529,-118.4144644
Eshom Creek,Stream,36.5949467,-118.916492
Eshom Valley,Valley,36.597174,-118.9491441
Lake Estelle,Lake,39.163668,-120.2499654
Evans Creek,Stream,36.8021659,-118.8017698
Fairmead,Populated Place,37.0763341,-120.1929487
Fancher Creek,Stream,36.7563392,-119.5670777
Fay Canyon,Valley,38.8719009,-119.8021009
Fern Lake,Lake,37.45609,-119.0420747
Fern Lake,Lake,39.0337801,-120.2591201
Fernandez Lakes,Lake,37.5825139,-119.3748475
Ferris Canyon,Valley,38.4420819,-119.2173073
Finger Lake,Lake,37.0862391,-118.4601807
Finger Lake,Lake,37.949071,-119.294701
Finger Peaks,Summit,38.0871973,-119.4072716
First Creek,Stream,37.750763,-120.3293593
Fish Creek,Stream,36.788283,-119.4173488
Fish Valley Peak,Summit,38.4347216,-119.5701977
Fisher Lake,Lake,39.2845938,-120.4794343
Five Lakes,Lake,39.1747904,-120.2525866
Five Lakes Creek,Stream,39.0807392,-120.3482519
Flagpole Point,Summit,38.4590993,-120.1107961
Flat Lake,Lake,37.5747758,-119.361401
Fleming Creek,Stream,37.7118752,-120.3565819
Floto Lake,Lake,37.6371224,-120.4877179
Fly Creek,Stream,36.5271707,-119.027605
Fly Valley,Basin,38.430467,-119.6112827
Fontanillis Lake,Lake,38.9205503,-120.1532133
Footman Canyon,Valley,36.7794857,-118.7967155
Fordyce Lake,Reservoir,39.3864015,-120.4804434
Forsyth Peak,Summit,38.1575127,-119.5809295
Fortynine Gap,Gap,37.6265999,-120.3079678
Four Forks Creek,Stream,37.40488,-119.12961
Four Mile Canyon,Valley,38.4446262,-119.5943649
Four-Q Lakes,Lake,38.9431664,-120.2030364
Fox Canyon,Valley,36.8593243,-119.0148974
Fox Lake,Lake,38.9934177,-120.2277749
Fox Spring,Spring,36.7704853,-119.0804593
Fredericksburg Canyon,Valley,38.8324879,-119.7889228
Freeze-Out Spring,Spring,37.74585,-120.4266108
French Creek,Stream,37.9454809,-120.539922
French Pit,Basin,37.6599323,-120.4604732
Fresno Slough,Lake,36.7193199,-120.3376373
Friant,Populated Place,36.9877274,-119.7118118
Frog Lake,Lake,37.4566472,-119.0612383
Fryingpan Canyon,Valley,38.4094151,-119.2247525
Fryingpan Creek,Stream,38.4088056,-119.1707071
Fuller Buttes,Summit,37.4149039,-119.2869007
Furnace Creek,Stream,37.5888205,-118.0053768
Gale Peak,Summit,37.5679873,-119.3870782
Gallats Lake,Lake,36.5960486,-118.4750938
Gallup Creek,Stream,37.7093753,-120.5185313
Gardiner Creek,Stream,36.8118822,-118.5478766
Gardisky Lake,Lake,37.9563021,-119.251381
Garnet Point,Summit,37.4875857,-120.1019382
Gasburg Creek,Stream,37.6654878,-120.4501952
Gaylor Peak,Summit,37.9190971,-119.2655456
Lake Genevieve,Lake,38.996969,-120.1611683
Mount Genevra,Summit,36.6833075,-118.4343247
Geraldine Lakes,Lake,36.9090042,-118.8816039
Gertrude Lake,Lake,38.884457,-120.2010768
Giles Pond,Lake,37.4722495,-120.2391258
Girard Creek,Stream,38.724631,-120.2371354
Givins Gulch,Valley,37.4907458,-120.2178645
Glacier Canyon,Valley,37.9200123,-119.2492604
Glacier Creek,Stream,36.7996601,-118.5464876
Glacier Lake,Lake,36.5955887,-118.5343626
Glacier Monument,Summit,36.7982336,-118.5056305
Glen Aulin,Basin,37.91159,-119.4246052
Glencoe,Populated Place,38.3540801,-120.5849283
Goat Hill,Summit,36.6175636,-119.0550121
Goat Mountain,Summit,36.8694694,-118.5742113
Golden Canyon,Valley,38.4738852,-119.6768256
Goldstein Peak,Summit,36.6289553,-119.15871
Goodwin Creek,Stream,37.6535436,-120.4599176
Gooseberry Creek,Stream,38.1890833,-119.9685163
Gorge of Despair,Valley,36.9090627,-118.7782114
Granite Basin,Basin,36.8541056,-118.6081559
Granite Creek,Stream,36.7907727,-118.6020437
Granite Gorge,Valley,36.9686897,-118.9921988
Granite Hill,Summit,36.6877223,-119.3609432
Granite Lake,Lake,36.863113,-118.6205568
Granite Lakes,Lake,37.9259711,-119.2792409
Granite Peak,Summit,39.4899163,-120.0425341
Grapevine Creek,Stream,36.5671708,-119.0862194
Grapevine Creek,Stream,36.5443934,-119.1259426
Grapevine Creek,Stream,37.8854813,-120.1468536
Grapevine Peak,Summit,36.5630875,-119.1219365
Gravesboro,Populated Place,36.7730053,-119.4115151
Graveyard Creek,Stream,37.7221527,-120.3735269
Grayhorse Creek,Stream,39.0879613,-120.3654749
Grayhorse Valley,Valley,39.0878787,-120.3652185
Greaser Gulch,Valley,37.4204171,-120.2578309
Green Creek,Stream,38.4577365,-119.1663843
Green Mountain,Summit,36.9709868,-119.4083243
Green Mountain,Summit,37.2641064,-119.990709
Green Spring,Spring,36.5433564,-119.1061727
Green Treble Lake,Lake,37.9530858,-119.2907062
Greenstone Lake,Lake,37.9797201,-119.2905739
Griswold Creek,Stream,38.177975,-120.3374176
Grizzly Gulch,Valley,37.8135226,-120.3073564
Grouse Lake,Lake,36.8582714,-118.5895766
Grouse Lakes,Lake,38.9612595,-120.1352468
Grouse Mountain,Summit,37.3062302,-118.5893943
Grouse Mountain,Summit,38.162026,-119.4898759
Grouse Valley,Basin,38.4979667,-120.066021
Grub Gulch,Basin,37.3238329,-119.7715459
Grub Gulch,Valley,38.1193516,-120.2388022
Guadalupe Creek,Stream,37.4541053,-120.0212859
Guadalupe Valley,Basin,37.4466056,-120.011563
Guide Peak,Summit,39.0378123,-120.3130244
Hacker Mountain,Summit,36.915084,-119.2945559
Half Moon Lake,Lake,38.4904128,-119.777329
Half Moon Lake,Lake,38.8964683,-120.1367229
Hamlin Creek,Stream,39.6124029,-120.4010426
Hammils Mountain,Summit,37.8756704,-120.5575802
Happy Gap,Gap,36.8507755,-118.7520467
Harding Point,Summit,39.6093241,-120.3331179
Harrison Pass,Gap,36.6995987,-118.4038042
Harvey Creek,Stream,38.3196399,-119.3076582
Haslett Basin,Basin,36.9680033,-119.2103978
Hatch Creek,Stream,37.7499297,-120.3429708
Haypress Lake,Lake,38.3068575,-119.7643497
Haystack Mountain,Summit,37.3850587,-120.3280341
Haystack Peak,Summit,38.1058046,-119.6846469
Hazel Creek,Stream,38.7337928,-120.536314
Hazel Dell Gulch,Valley,38.2972961,-120.5578904
Headley Peak,Summit,37.6878721,-118.2865536
Heath Spring,Spring,39.2496266,-120.4060353
Heavenly Valley,Basin,38.9237964,-119.9171247
Heavenly Valley Creek,Stream,38.9210188,-119.9724036
Hedrick Meadow,Lake,37.4301867,-119.0702484
Heiser Lake,Lake,38.4945991,-119.9063962
Hells Delight Creek,Stream,38.7121311,-120.2232462
Hells Delight Valley,Basin,38.7026869,-120.2343578
Helm,Populated Place,36.5316159,-120.0982058
Helmke Pond,Lake,36.569942,-119.697783
Henness Pass,Gap,39.5026807,-120.4393752
Henry Peak,Summit,38.4864797,-119.8800183
Hidden Canyon,Valley,38.7731882,-119.876542
Hidden Lake,Lake,38.9866054,-120.1522629
Hidden Lake,Lake,39.0037827,-120.2801308
Hidden Lake,Lake,37.2491553,-118.9849774
High Loch Leven Lake,Lake,39.2863307,-120.4970156
High Mountain,Summit,38.1694766,-120.5102534
Highland Creek,Stream,38.4035242,-120.0893548
Highland Lake,Lake,38.9569244,-120.2416665
Highland Lakes,Lake,38.4918288,-119.8026169
Highland Peak,Summit,38.543624,-119.7555481
Hildreth Creek,Stream,36.9891145,-119.9337677
Hills Valley,Valley,36.6742,-119.3132919
Hilton Creek,Stream,37.5802101,-118.740683
Hiram Canyon,Valley,38.4430075,-119.8623768
Hiram Peak,Summit,38.477876,-119.8034158
Hobart Creek,Stream,38.3946348,-119.9957402
Hobler Lake,Lake,37.1337834,-118.9366746
Hoffman Mountain,Summit,36.988063,-118.9204321
Hoffs Gulch,Valley,37.4904675,-120.0186812
Hog Creek,Stream,36.8224503,-119.529299
Hog Mountain,Summit,36.8857769,-119.313295
Hog Mountain,Summit,37.8834819,-120.354305
Hogback Creek,Stream,36.681877,-118.1134235
Hogback Peak,Summit,36.8765682,-118.7115822
Mount Hogue,Summit,37.7321473,-118.3045466
Hole-In-Ground,Lake,39.3559366,-120.4191864
Holland Creek,Stream,36.7746721,-119.4309603
Home Spring,Spring,36.8737406,-119.5102014
Hopkins Pass,Gap,37.4807689,-118.8423467
Horse Canyon,Valley,38.5054346,-120.0493336
Horse Creek,Stream,37.3454982,-119.891553
Horsecamp Mountain,Summit,37.3288272,-119.8451482
Horseshoe Lake,Lake,38.9540879,-120.221477
Horsethief Canyon,Valley,38.7755902,-119.8807191
Hot Creek,Stream,38.3435263,-119.451276
Hot Creek,Stream,37.7082655,-118.7837422
Hot Springs,Spring,37.2344929,-118.8823928
Hot Springs Pass,Gap,37.1982776,-118.9951144
House Spring,Spring,36.526812,-119.122739
Hulbert Mountain,Summit,37.0554825,-119.6707727
Humbug Creek,Stream,37.4263288,-119.8771107
Humbug Gulch,Valley,38.363288,-120.5614669
Hummingbird Lake,Lake,37.9879936,-119.2856503
Hunter Creek,Stream,37.9263144,-120.2257442
Hunter Reservoir,Reservoir,38.2000176,-120.3595051
Hunters Spring,Spring,39.0968058,-120.3390442
Huntley Mill Lake,Lake,39.2683352,-120.4525692
Huntoon Creek,Stream,38.3093616,-119.3557159
Mount Hutchings,Summit,36.833244,-118.6007383
Ice Lake,Lake,38.114395,-119.4236842
Iceberg Peak,Summit,38.4503677,-119.8226461
Independence,Populated Place,38.3490803,-120.5135368
Independence Creek,Stream,39.5021275,-120.2607591
Independence Gulch,Valley,38.3655271,-120.5321774
Indian Creek,Stream,37.8835369,-120.1529648
Indian Gulch,Valley,37.4404165,-120.174106
Indian Painting Spring,Spring,36.505997,-119.063945
Indian Peak,Summit,37.392714,-119.8122842
Indian Peak,Summit,37.6913817,-118.3132414
Indian Spring,Spring,36.5159297,-119.0762393
Indian Spring,Spring,38.1642009,-120.1738526
Indian Spring,Spring,38.7107403,-119.5868366
Ingalsbe Slough,Stream,37.47077,-120.5860303
Irish Gulch,Valley,38.645251,-120.5447925
Iron Canyon,Valley,37.9444678,-120.5348867
Iron Lakes,Lake,37.490728,-119.496831
Iron Mountain,Summit,37.1857742,-119.9610905
Iron Mountain,Summit,37.4813741,-119.4894893
Iron Mountain,Summit,38.7036403,-120.3559079
Island Lake,Lake,37.1510843,-119.0620213
Italian Creek,Stream,37.4152181,-119.8632207
Jack Nelson Creek,Stream,38.2940822,-120.5574275
Jackass Lakes,Lake,37.5269678,-119.3549481
Jackass Rock,Summit,37.4328579,-119.3017004
Jacks Peak,Summit,38.8903078,-120.1539776
Mount Jackson,Summit,38.3251233,-119.2668101
Jelmini Basin,Basin,38.4715785,-120.1060223
Jelmini Creek,Stream,38.4963003,-120.1218563
Mount Jepson,Summit,37.0888496,-118.4952691
Jerrett Creek,Stream,39.0124062,-120.3496393
Jerrett Peak,Summit,39.0311065,-120.3314633
Jerry Lake,Lake,39.3659935,-120.4565459
Jesse Morrow Mountain,Summit,36.7359182,-119.407782
Joaquin Gulch,Valley,38.1818238,-120.5252936
Jobs Peak,Summit,38.8578734,-119.8613833
Joes Spring,Spring,39.0463286,-120.3737
Johnnie Gulch,Valley,38.033551,-120.1839444
Johnson Creek,Stream,37.6999313,-120.5007528
Jones Canyon,Valley,38.5380204,-119.6568938
Jones Valley,Basin,39.4760138,-120.4593751
Jones Valley,Valley,39.3373252,-120.4641024
Jorgensen Point,Summit,36.7033992,-119.1401438
Josephine Lake,Lake,36.6618002,-118.5505889
Junction Creek,Stream,38.3571371,-119.4471091
Junction Lake,Lake,37.494879,-119.4970241
Junction Reservoir,Reservoir,38.3361784,-119.4776403
KT-22,Summit,39.1829236,-120.2415521
Kanaka Creek,Stream,37.844372,-120.3574154
Kelly Lake,Lake,39.3096114,-120.5785023
Kendrick Peak,Summit,38.1246605,-119.6389215
Kennedy Canyon,Valley,36.9352887,-118.670188
Kennedy Creek,Stream,36.9349393,-118.6698246
Kennedy Lake,Lake,38.2607253,-119.6532791
Kennedy Mountain,Summit,36.8791156,-118.6681862
Kennedy Pass,Gap,36.8760509,-118.6606569
Kennedy Pond,Lake,36.5900436,-119.7157694
Kettle Peak,Summit,38.1229446,-119.4285903
Keys Mountain,Summit,36.9506959,-119.4844671
Kid Mountain,Summit,37.1018392,-118.4283272
Kidd Lake,Reservoir,39.3097937,-120.4278109
Kilborn Lake,Lake,39.3176743,-120.4156556
Kingvale,Populated Place,39.3210149,-120.4288153
Kirkwood Creek,Stream,38.1818617,-119.5321126
Kirkwood Lake,Lake,38.1557687,-119.5088793
Kirkwood Spring,Spring,38.13216,-118.979831
Klondike Lake,Lake,37.2073361,-118.3043016
Knob Hill,Summit,37.3536114,-119.9710523
Koenig Lake,Lake,38.2816077,-119.62829
Kuna Lake,Lake,37.851522,-119.2524895
La Vina,Populated Place,36.8805022,-120.1104401
La Grange,Populated Place,37.6635433,-120.4635289
La Grange Reservoir,Reservoir,37.6803634,-120.4324676
Lacey Valley,Valley,39.4811685,-120.4136038
Lacy Hill,Summit,37.3475786,-119.9464371
Laddies Cove,Basin,39.0860175,-120.2949168
Ladybug Peak,Summit,39.4856373,-120.0453344
Lake Valley,Valley,38.9414464,-120.0009752
Lakeview Spring,Spring,38.3593694,-119.1429787
Larson Canyon,Valley,38.8059302,-119.8081391
Latopie Lake,Lake,38.2885412,-119.6375951
Lawrence Lake,Lake,38.9090136,-120.2256282
Leek Spring Hill,Summit,38.6292485,-120.277081
Leland Creek,Stream,38.2388046,-120.0001843
Leland Gulch,Valley,37.308613,-119.8190056
Leland Lakes,Lake,38.9357733,-120.2184288
Leland Reservoir,Reservoir,38.2327543,-119.9795037
Lemon Canyon,Valley,39.5800986,-120.3023873
Leviathan Peak,Summit,38.6837377,-119.6119749
Lewis Creek,Stream,36.8002277,-119.4356831
Lewis Lake,Lake,36.8799315,-118.6769696
Mount Lewis,Summit,38.0354728,-120.1621606
Lexington Canyon,Valley,38.6652212,-119.6921985
Light Canyon,Valley,38.725019,-120.3388543
Lightner Peak,Summit,37.9451063,-120.5879681
Lillian Lake,Lake,37.5628804,-119.3647446
Lily Lake,Lake,38.1596754,-119.9669233
Lily Pond,Lake,39.3657918,-120.4311712
Little Alkali Lake,Lake,37.6668249,-118.7911701
Little Boulder Creek,Stream,36.765222,-118.799547
Little Butte,Summit,38.6653621,-120.5519827
Little Chief,Summit,39.2451457,-120.2023837
Little Doris Lake,Lake,37.1276983,-119.0646948
Little Dry Creek,Stream,36.9235598,-119.320402
Little Duncan Canyon,Valley,39.1415724,-120.4715338
Little Fryingpan Canyon,Valley,38.4108867,-119.1827268
Little Hot Creek,Stream,37.6896547,-118.8126318
Little Long Valley,Basin,38.3304721,-119.3779392
Little Mill Creek,Stream,38.4626876,-120.5060361
Little Otter Lake,Lake,38.0804101,-119.6562559
Little Powderhorn Creek,Stream,39.0999063,-120.3024175
Little Rancheria Creek,Stream,36.9560562,-118.9606659
Little Seeley Spring,Spring,37.0172826,-118.224642
Little Shuteye Pass,Gap,37.3785539,-119.4362469
Little Shuteye Peak,Summit,37.3945399,-119.4705345
Little Spanish Lake,Lake,36.9285553,-118.9101085
Little Table Mountain,Summit,37.008833,-119.7668025
Little Tehipte Valley,Basin,36.8874425,-118.7984376
Little Teton Creek,Stream,38.3801893,-119.8296236
Little Twin Gulch,Valley,37.6787051,-120.4280089
Live Oak Gulch,Valley,36.5924591,-118.9143086
Live Oak Pass,Gap,36.5693918,-118.952048
Llewellyn Falls,Falls,38.4601847,-119.6049017
Lockwood Creek,Stream,36.8352222,-118.8723282
Log Cabin Creek,Stream,38.2585301,-119.2987689
Logan Spring,Spring,38.3136431,-119.1356857
Lake Lois,Lake,38.9163651,-120.2004019
Lone Star,Populated Place,36.7005057,-119.6812492
Long Barn,Populated Place,38.0929762,-120.1343539
Long Canyon,Valley,37.9220703,-120.546764
Long Canyon,Valley,38.2428396,-119.5437764
Long Canyon,Valley,38.2112262,-120.274434
Long Creek,Stream,36.5505052,-119.2262246
Long Gulch,Valley,37.9409858,-120.4904495
Long Hollow,Valley,37.1634159,-119.771281
Long John Canyon,Valley,36.6359622,-118.0004105
Long Lake,Lake,39.0381774,-120.266555
Long Lake,Lake,39.2927173,-120.4323806
Lang Pond,Lake,36.5440697,-119.6381591
Long Valley,Valley,38.2989666,-119.8326271
Long Valley,Valley,38.4904906,-119.6083473
Long Valley,Valley,39.2508672,-120.4163963
Long Valley,Valley,36.6081474,-119.1921985
Long Valley Creek,Stream,38.2988019,-119.832401
Long Valley Creek,Stream,38.3038069,-119.3087693
Long Valley Ponds,Lake,38.3003515,-119.4178378
Lookout Mountain,Summit,37.407367,-119.9412424
Lookout Mountain,Summit,39.2622351,-120.1459283
Lost Cannon Peak,Summit,38.405623,-119.5488329
Lost Canyon,Valley,36.9394655,-118.7199981
Lost Lake,Lake,36.965989,-119.7368784
Lost Lake,Lake,37.2028516,-118.9457438
Lost Lake,Lake,37.4951021,-119.4619803
Lost Lake,Lake,38.4078121,-119.9375837
Lost Lake,Lake,38.8603995,-120.0974958
Lost Lake,Lake,38.9081838,-120.2348359
Loucks Creek,Stream,37.9240925,-120.5999248
Lower Castle Creek,Stream,39.3340708,-120.4018703
Lower Dominici Creek,Stream,37.6515992,-120.4949187
Lower Fish Valley,Valley,38.4786794,-119.6109638
Lower Lola Montez Lake,Lake,39.3487293,-120.4242542
Lower Long Lake,Lake,38.2259076,-119.5695335
Lower Merced Pass Lake,Lake,37.6261229,-119.4492611
Lower Ottoway Lake,Lake,37.6432297,-119.4188505
Lower Rancheria Creek,Stream,36.8821698,-119.1759509
Lower Velma Lake,Lake,38.9387572,-120.1411071
Lower Yosemite Fall,Falls,37.751314,-119.5965547
Lucas Gulch,Valley,37.6939246,-120.3798283
Lucy Runyon Canyon,Valley,36.5711551,-119.0237568
Lucys Foot Pass,Gap,36.6966393,-118.4230881
Lukens Lake,Lake,37.8598589,-119.6161144
Lundy Pass,Gap,37.9918677,-119.2873786
Luther Creek,Stream,38.8715731,-119.8015667
Lyons Creek,Stream,38.0963097,-120.1618547
Lyons Reservoir,Reservoir,38.0973256,-120.1652152
Madera Equalization Reservoir,Reservoir,37.0669232,-119.9350462
Madera Lake,Reservoir,37.0225629,-119.9906401
Madera Lakes,Lake,37.5423263,-119.3621166
Mahan Lake,Lake,38.0547543,-119.6692894
Maiden Valley,Valley,39.5509538,-120.4403954
Maltby Lake,Lake,38.1191438,-119.4242366
Mankins Spring,Spring,36.6003888,-119.1648418
Marble Canyon,Valley,36.5467392,-119.0107234
Marble Canyon,Valley,37.2908466,-118.2348509
Marble Mountain,Summit,38.0252191,-120.1286795
Margaret Lakes,Lake,37.4583091,-119.0510669
Lake Margaret,Lake,38.7236685,-120.0869363
Mariane Gulch,Valley,38.0863036,-120.416784
Marshall Canyon,Valley,38.4949719,-119.8932221
Martin Creek,Stream,38.7051868,-120.2160238
Martin Pond,Lake,36.5664079,-119.7031601
Masonic Mountain,Summit,38.3435232,-119.1282993
Mather Pass,Gap,37.031879,-118.4601019
Matthes Lake,Lake,37.8105062,-119.3982342
Mattie Lake,Lake,37.9337803,-119.4396143
Maude Lake,Lake,38.8900208,-120.2109096
Maul Lake,Lake,37.9532607,-119.2872438
May Lake,Lake,37.847463,-119.4930956
McClure Spring,Spring,36.5235979,-119.0457348
McConnell Lake,Lake,38.9441939,-120.2270349
McConnell Peak,Summit,38.946444,-120.2420326
McCormick Creek,Stream,38.1826971,-120.3268617
McCormick Pocket,Basin,38.2593583,-119.8462901
McDonald Creek,Stream,37.6524325,-120.4588065
McGee Canyon,Valley,37.17706,-118.7217741
McGee Lake,Lake,37.1469822,-118.7157884
McKinstry Lake,Lake,39.0416585,-120.3312009
McKinstry Peak,Summit,39.0521563,-120.3466574
McMillan Lake,Lake,38.240009,-119.4364878
McMillan Spring,Spring,38.3353004,-119.1453418
McMurry Spring,Spring,37.174018,-118.1796267
McNulty Spring,Spring,37.6845932,-120.4063726
McSwain Meadows,Lake,37.8553788,-119.6363248
Meadow Lake,Reservoir,39.412784,-120.495038
Meadow Lake Hill,Summit,39.4150427,-120.4817969
Meiss Lake,Lake,38.7356157,-120.0128929
Mendota Pool,Reservoir,36.7838283,-120.3714015
Merced Lake,Lake,37.738275,-119.4132319
Merced Pass,Gap,37.6160444,-119.4434811
Merk Canyon,Valley,38.7678439,-119.8424096
Metcalf Gap,Gap,37.4049409,-119.7668263
Mexican Gulch,Valley,38.2583662,-120.5740905
Michie Peak,Summit,38.1237587,-119.6560957
Middle Branigan Lake,Lake,38.0321317,-119.678249
Middle Butte,Summit,38.6708504,-120.5553793
Middle Canyon,Valley,37.7099046,-118.3704575
Middle Fork Bishop Creek,Stream,37.2657649,-118.5781688
Middle Mountain,Summit,38.9565576,-120.1814067
Middle Velma Lake,Lake,38.9365332,-120.1502384
Midge Lake,Lake,37.4830522,-119.0122002
Midway Mountain,Summit,36.6433251,-118.48371
Mildred Lake,Lake,37.8206087,-119.4415085
Milestone Bowl,Basin,36.6213264,-118.4859278
Milestone Creek,Stream,36.6404922,-118.431761
Milestone Mountain,Summit,36.6344742,-118.4845322
Milk Ranch Canyon,Valley,38.2187241,-119.0093367
Mill Canyon,Valley,37.434019,-118.0890605
Mill Creek,Stream,38.181586,-120.3390845
Mill Flat Creek,Stream,36.8566138,-119.0981698
Mill Gulch,Valley,37.6638553,-120.4488044
Miller Creek,Stream,39.0268514,-120.2529693
Miller Lake,Lake,37.9922292,-119.4193102
Mills Spring,Spring,39.3948378,-120.076298
Millys Foot Pass,Gap,36.6858493,-118.4300293
Minarets,Summit,37.6603962,-119.1740398
Mineral Springs,Spring,39.0122191,-120.3361938
Minkler,Populated Place,36.7238391,-119.458183
Minturn,Populated Place,37.1396661,-120.274343
Misery Creek,Stream,38.4479657,-120.5974283
Mist Falls,Falls,36.8135489,-118.54871
Miwok Lake,Lake,38.0559522,-119.7014447
Moccasin Creek,Stream,37.8396499,-120.3390816
Moccasin Peak,Summit,37.8049298,-120.3281718
Moccasin Reservoir,Reservoir,37.8103059,-120.3029898
Mollie Gibson Canyon,Valley,37.3160731,-118.1536674
Monitor Pass,Gap,38.6754627,-119.6204491
Montenegro Spring,Spring,37.294957,-118.1957798
Montgomery Creek,Stream,37.7957657,-118.4742865
Monument Peak,Summit,38.9228302,-119.8976229
Moody Gap,Gap,38.2449178,-120.2332482
Moore Hill,Summit,37.3907689,-119.9873803
Moraine Creek,Stream,36.7313289,-118.6064873
Morgan Canyon,Valley,36.5594201,-119.1105038
Morgan Gulch,Valley,37.664898,-120.4441529
Morton Gulch,Valley,37.6688043,-120.4747931
Mosquito Gulch,Valley,38.3746697,-120.5731123
Mosquito Pass,Gap,38.8774077,-120.1607433
Mossy Pond,Lake,39.3784493,-120.4702039
Mount Shinn Lake,Lake,37.2063373,-118.9245502
Mountain Pass Creek,Stream,37.869927,-120.539644
Mountain Ranch,Populated Place,38.2282509,-120.5407599
Mountain Top,Summit,37.9618643,-120.5740774
Mud Creek,Stream,36.7674504,-119.5223533
Mud Lake,Lake,38.4261124,-119.9677258
Mud Lake,Lake,38.4367565,-120.0202715
Mud Lake,Lake,39.0193511,-120.2714122
Mud Lake,Lake,39.0515935,-120.2575858
Mud Lakes,Lake,39.0195107,-120.2839433
Mud Springs Canyon,Valley,38.2719158,-119.4280984
Mule Spring,Spring,37.1060498,-118.2014854
Murphy Flat,Lake,38.3620095,-119.2609383
Murphy Spring,Spring,38.1907418,-119.0559285
Murray Canyon,Valley,38.4975969,-119.6857893
Murry Gulch,Valley,36.6215955,-119.0357508
Mystic Canyon,Valley,39.4330961,-120.0269824
Nancy Lake,Lake,39.289285,-120.4618073
Navelencia,Populated Place,36.6832831,-119.385679
Ned Gulch,Valley,37.6998886,-120.2605666
Negro Creek,Stream,36.580505,-119.2420592
Negro Jack Gulch,Valley,37.8877708,-120.567541
New York Hill,Summit,38.357412,-119.1254141
North Branch Willow Creek,Stream,37.252446,-119.8726597
North Canyon,Valley,38.65429,-120.5089712
North Creek,Stream,38.7126854,-120.3326949
North Creek,Stream,39.3943476,-120.4560399
North Fork Birch Creek,Stream,37.3882636,-118.0914866
North Fork Hughes Creek,Stream,36.874116,-119.3781817
North Fork Sycamore Creek,Stream,37.0091153,-119.3287369
North Guard,Summit,36.7165267,-118.4900379
North Guard Lake,Lake,36.74295,-118.4762772
North Tragedy Creek,Stream,38.6946312,-120.2004678
Nutmeg Creek,Stream,36.9580035,-119.2303985
O'Harrel Canyon Creek,Stream,37.7057654,-118.7748529
O'Neil Reservoir,Reservoir,37.9695192,-120.4376632
Odell Lake,Lake,37.9954229,-119.2877133
Oiyer Spring,Spring,38.6957273,-120.351142
Old Bretz Mill,Populated Place,37.0816142,-119.2987359
Old Gulch,Valley,38.1576458,-120.5921746
Oleander,Populated Place,36.6343943,-119.7548622
Oneida Lake,Lake,37.9946418,-119.2507671
Onion Valley,Valley,39.5185621,-120.2858071
Orosi,Populated Place,36.5449499,-119.2873384
Ora Spring,Spring,38.7309541,-120.3313274
Osborn Hill,Summit,38.474906,-120.0193396
Oso Spring,Spring,38.726869,-120.28701
Otter Lake,Lake,38.0883734,-119.655306
Owens Mountain,Summit,36.9299277,-119.641539
Owenyo,Populated Place,36.6782657,-118.0442548
Owl Creek,Stream,37.4657718,-119.8751677
Owl Mountain,Summit,36.8813181,-119.2613279
Page Mountain,Summit,37.8895522,-120.3796694
Painted Rock,Summit,39.2136691,-120.1801419
Palisade Creek,Stream,39.2437932,-120.4199244
Palisade Lake,Lake,39.2987852,-120.4144455
Palisade Lakes,Lake,37.0526149,-118.4751409
Paradise Valley,Valley,39.3990216,-120.3817429
Paramae Gulch,Valley,38.2970982,-120.5569362
Patterson Canyon,Valley,38.2964897,-119.3095612
Peaslee Creek,Stream,37.6260441,-120.525475
Pecan Spring,Spring,37.1602251,-119.8198769
Peep Sight Peak,Summit,38.4971266,-119.8517925
Peninsula Lake,Lake,38.0999251,-119.6899027
Peñon Blanco Peak,Summit,37.7321472,-120.2611802
Peoria Basin,Basin,37.9232591,-120.52131
Peoria Creek,Stream,37.9249258,-120.5365885
Peoria Pass,Gap,37.8954821,-120.5040869
Peppermint Creek,Stream,37.9563139,-120.4235285
Petes Pond,Reservoir,37.412522,-120.207489
Phipps Creek,Stream,38.9646297,-120.2032446
Phipps Lake,Lake,38.9610352,-120.1464143
Phipps Pass,Gap,38.9601855,-120.1418535
Phipps Peak,Summit,38.954391,-120.1496818
Phoenix Reservoir,Reservoir,38.000136,-120.325035
Pierce Creek,Stream,36.60328,-118.9164922
Pigeon Gulch,Valley,38.0253057,-120.3811372
Pilot Peak,Summit,37.7626655,-119.9359493
Pincushion Mountain,Summit,37.0314531,-119.6445964
Pincushion Peak,Summit,37.4722715,-119.1085813
Pine Creek,Stream,37.4399312,-118.5715084
Pine Valley,Valley,38.1564693,-119.896447
Pinecrest Peak,Summit,38.2246324,-119.927391
Piney Creek,Stream,37.6902092,-120.3185247
Pinto Lakes,Lake,38.2070178,-119.754322
Pioneer,Populated Place,38.4318551,-120.5718719
Piute Lake,Lake,38.1620521,-119.811053
Piute Pass,Gap,38.2410277,-119.510723
Mount Pluto,Summit,39.2415182,-120.1399473
Pocket Lake,Lake,37.4819252,-119.0180053
Poison Canyon,Valley,38.476417,-120.0291616
Poison Creek,Stream,38.5126872,-119.6540624
Poison Lake,Lake,38.4811922,-119.6534426
Polly Dome Lakes,Lake,37.8635349,-119.451272
Potato Peak,Summit,38.2345845,-119.086822
Powderhorn Creek,Stream,39.1085174,-120.2907506
Powell Lake,Lake,38.2040649,-119.8579857
Prather Pond,Lake,36.5512421,-119.7483544
Priest Reservoir,Reservoir,37.8029695,-120.2672327
Providence Creek,Stream,37.0382808,-119.2434553
Puny Dip Canyon,Valley,39.4437436,-120.0082786
Quaking Asp Canyon,Valley,38.4682272,-119.2337198
Quartz Mountain,Summit,37.4757368,-120.2219747
Quartz Mountain,Summit,37.5185443,-119.4479061
Quartz Mountain,Summit,37.9233118,-120.4202262
Rabbit Hill,Summit,37.1364332,-119.9312798
Railroad Canyon,Valley,38.5969896,-119.6646642
Rainbow Lake,Lake,37.4691618,-119.0342035
Rairden Gulch,Valley,37.6306465,-120.5331436
Rancheria Canyon,Valley,36.5629061,-119.0246274
Randolph Hill,Summit,39.5741972,-120.3771357
Raster Gulch,Valley,37.4665957,-120.112931
Rattlesnake Creek,Stream,36.7854995,-118.7976028
Rattlesnake Creek,Stream,36.9410512,-118.7126031
Rattlesnake Creek,Stream,37.7821511,-120.2588015
Rattlesnake Creek,Stream,36.5860598,-119.1223323
Rattlesnake Gulch,Valley,37.4080122,-120.2277834
Rattlesnake Hill,Summit,38.178071,-120.3596266
Rattlesnake Spring,Spring,36.508187,-119.052444
Rattlesnake Spring,Spring,36.6161103,-119.1656767
Rawls Gulch,Valley,37.1631339,-119.9347729
Rawson Creek,Stream,37.2821514,-118.3798296
Red Can Lake,Lake,38.1433869,-119.7535604
Red Devil Lake,Lake,37.665121,-119.387228
Red Lake,Lake,37.0200497,-118.4037238
Red Mountain,Summit,36.512375,-119.0984851
Red Mountain,Summit,36.8628081,-119.3996875
Red Mountain,Summit,36.960692,-119.4150973
Red Mountain,Summit,37.3600053,-119.8853649
Red Mountain,Summit,37.522705,-118.734836
Red Mountain,Summit,39.0065285,-120.3570609
Red Peak,Summit,38.3816651,-119.7429614
Red Peak,Summit,38.9250907,-120.2212664
Redoak Creek,Stream,36.8791143,-119.1809511
Redwood Creek,Stream,36.8171663,-118.8364935
Redwood Creek,Stream,36.6221685,-118.8942697
Reef Lake,Lake,37.4837577,-119.0200104
Lake Reflection,Lake,36.7009365,-118.4455184
Relief Reservoir,Reservoir,38.2704189,-119.738145
Reymann Lake,Lake,37.8200825,-119.3599344
Rice Canyon,Valley,39.5317583,-120.3048518
Rice Creek,Stream,39.1543494,-120.3965886
Rickey Canyon,Valley,38.607483,-119.4565471
Rickey Peak,Summit,38.2637004,-119.3812193
Ripperdan,Populated Place,36.8513351,-120.055993
Roaring River Falls,Falls,36.7804955,-118.6209327
Robinson Peak,Summit,38.1659487,-119.3864829
Rock Creek,Stream,37.7038204,-118.4165059
Rock Creek,Stream,39.5718509,-120.1582583
Rock Creek Lake,Lake,37.4688757,-119.0801533
Rock Island Pass,Gap,38.0988083,-119.4643319
Rock Lake,Lake,38.4507592,-119.9509199
Rock Spring,Spring,36.5499841,-119.0657883
Rock Spring,Spring,36.8508346,-119.5510025
Rock Springs Canyon,Valley,38.2961114,-119.2165777
Rockbound Pass,Gap,38.9021299,-120.2010225
Rockwell Pond,Basin,36.5791171,-119.647356
Rocky Canyon,Valley,39.4047475,-120.0853849
Rocky Canyon Spring,Spring,39.4002631,-120.0694037
Rocky Gulch,Valley,37.8899347,-120.5706922
Rocky Wash,Stream,39.2657396,-120.2096411
Roger Creek,Stream,37.6832649,-120.3463033
Rogers Creek,Stream,37.9429809,-120.5443666
Rodgers Creek,Stream,36.9310533,-118.8109387
Roosevelt Lake,Lake,37.9707021,-119.3344784
Root Creek,Stream,36.897725,-119.9290436
Rosasco Lake,Lake,38.1410329,-119.8185981
Ross Creek,Stream,36.9246703,-119.243732
Rough and Ready Creek,Stream,37.8754825,-120.3338034
Rough Creek,Stream,38.4346388,-119.0131996
Round Hills,Summit,37.3831663,-120.0980264
Round Mountain,Summit,36.8187312,-119.5102259
Round Mountain,Summit,37.6160379,-118.6426119
Round Mountain,Summit,38.6145003,-119.4517497
Round Valley,Basin,37.419376,-118.5970637
Rubicon Lake,Lake,38.9665833,-120.1341111
Rubicon Peak,Summit,38.9884802,-120.1334436
Rubicon Reservoir,Reservoir,38.9851955,-120.2209591
Ruby Hill Spring,Spring,38.1142588,-120.2364463
Rush Creek,Stream,36.9705035,-119.2345655
Rushing Lake,Reservoir,37.67465,-120.535834
Ruth Hill,Summit,36.7301891,-119.1925119
Lake Ruth,Lake,38.1737421,-119.5756812
Saddle Mountain,Summit,37.4387793,-119.0447656
Saddlebag Lake,Reservoir,37.9736642,-119.2747695
Saint Marys Pass,Gap,38.3479682,-119.654895
Sales Creek,Stream,36.8913391,-119.5415231
Salt Spring,Spring,37.7250927,-120.4694917
Salter Gulch,Valley,37.6422366,-120.5901796
Sand Canyon,Valley,37.3380331,-118.494943
Sand Canyon,Valley,37.5315933,-118.6686828
Sand Lake,Lake,37.4798718,-119.0187844
Sand Ridge Lake,Lake,39.3760625,-120.3888853
Santa Cruz Mountain,Summit,37.4569166,-120.2029999
Sapps Hill,Summit,38.414074,-120.0279507
Sardine Peak,Summit,39.5401622,-120.1877937
Sardine Point,Summit,39.5496759,-120.2053369
Sardine Spring,Spring,39.5464067,-120.1967226
Sario Canyon,Valley,38.3164992,-119.3118891
Sattley,Populated Place,39.6160137,-120.4271545
Mount Savage,Summit,37.5095085,-119.6493367
Sawmill Creek,Stream,38.3488048,-119.3909954
Sawmill Creek,Stream,36.8996555,-118.2353751
Sawyer Peak,Summit,36.5974094,-119.1706135
Saxon Creek,Stream,38.8829631,-119.979626
Scarab Lake,Lake,37.4803768,-119.0149974
Scepter Creek,Stream,36.9521641,-118.8106612
Lake Schmidell,Reservoir,38.9291646,-120.2088544
Schmidt Creek,Stream,37.0041132,-120.11961
Schoettgen Pass,Gap,38.1699191,-120.1713005
Schoolhouse Spring,Spring,36.528743,-119.072292
Scorpion Gulch,Valley,37.8927472,-120.5974278
Scossa Canyon,Valley,38.7727879,-119.769531
Scott Creek,Stream,38.7574051,-119.8076772
Scott Peak,Summit,39.1577574,-120.2229397
Second Lake,Lake,37.1237492,-118.4875826
Senger Creek,Stream,37.2416072,-118.8867813
Serena Creek,Stream,39.2546269,-120.3799235
Seven Gables,Summit,37.3108778,-118.8335229
Shadequarter Mountain,Summit,36.5671548,-118.9570259
Shadley Creek,Stream,36.5893924,-119.0123281
Shadow Lake,Lake,38.9882847,-120.1472991
Shamrock Lake,Lake,37.9975697,-119.2973262
Shannon Valley,Basin,36.7030041,-119.2217832
Sharktooth Lake,Lake,37.4982538,-119.0307906
Shealor Lakes,Lake,38.6534755,-120.1471073
Sheep Creek,Stream,36.5030028,-118.9106565
Sheep Gap,Gap,37.4029958,-120.0298955
Sheepcamp Spring,Spring,37.4610486,-120.197841
Sheering Creek,Stream,38.1835281,-119.9946282
Shell Mountain,Summit,36.6952789,-118.7963073
Sherman Canyon,Valley,38.6945387,-120.2008774
Shingle Mill Gulch,Valley,38.6304126,-120.5189503
Shorty Lake,Lake,37.4753556,-119.0298525
Shotgun Creek,Stream,37.9038151,-120.5632563
Shultz Mountain,Summit,37.4454772,-120.1447937
Shuteye Pass,Gap,37.3399439,-119.4126334
Sierraville,Populated Place,39.5896256,-120.3674301
Siesta Lake,Lake,37.850531,-119.6601038
Silver Creek,Stream,39.2249065,-120.2010287
Silver Creek,Stream,36.8849425,-118.7962153
Silver Creek,Stream,38.4401896,-120.0140744
Silver King Creek,Stream,38.5665755,-119.6268387
Silver Mine Creek,Stream,38.2774129,-119.7371197
Silver Peak,Summit,37.4697026,-119.0212003
Silver Peak,Summit,38.9344075,-120.2304334
Silver Peak,Summit,39.2204117,-120.2464244
Silver Spray Falls,Falls,36.9133101,-118.7871543
Silverado Canyon,Valley,38.4545769,-119.2259857
Sister Lake,Lake,38.019086,-119.4753001
Sivels Mountain,Summit,37.3976392,-119.5782034
Skelton Lakes,Lake,37.9319458,-119.3049445
Slate Gulch,Valley,37.4425598,-120.173032
Slate Gulch,Valley,37.8994863,-120.3618483
Slide Creek,Stream,36.9474392,-118.672047
Slide Lakes,Lake,36.8932833,-118.6854654
Slinkard Valley,Valley,38.6424105,-119.5657293
Smith Mountain,Summit,36.5820272,-119.3465176
Good Gulch,Valley,37.6082386,-120.0036587
Salt Spring Creek,Stream,37.7238195,-120.4710299
Yosemite Lake,Reservoir,37.3777376,-120.4300455
Abbott Creek,Stream,36.7721691,-119.0164991
Agua Fria Creek,Stream,37.4129956,-119.9843381
Alpine Creek,Stream,36.9449397,-118.6951029
Ash Slough,Stream,37.0321679,-120.4435123
Avalanche Creek,Stream,36.7871606,-118.5631542
Bald Hill,Summit,38.0854552,-120.5464242
Basin Creek,Stream,37.9929792,-120.1832428
Bear Mountain,Summit,38.0193291,-120.5839508
Beaver Creek,Stream,38.2071409,-120.317973
Berenda Creek,Stream,36.9921682,-120.3173956
Big Creek,Stream,37.7599296,-120.4196398
Big Creek,Stream,36.9157814,-119.2445652
Blackhawk Mountain,Summit,37.1464515,-119.7133403
Blue Canyon,Valley,36.9702551,-119.233805
Blue Gulch,Valley,37.8612905,-120.3968214
Boulder Creek,Stream,36.8099438,-118.8112147
Brower Creek,Stream,38.0390897,-120.5613128
Browns Creek,Stream,37.5827122,-120.3635246
Brunner Hill,Summit,38.0991673,-120.5773223
Brushy Canyon,Valley,37.3609997,-120.0718676
Bullion Mountain,Summit,37.5592668,-120.0755706
Mount Bullion,Populated Place,37.5071591,-120.0448999
Burns Creek,Stream,37.3335517,-120.320184
Butler Mountain,Summit,37.3800047,-119.8447865
Camp Meeting Creek,Stream,37.4779937,-119.8065534
Canal Creek,Stream,37.3135517,-120.5607484
Carson Creek,Stream,38.0077015,-120.5182545
Carson Hill,Populated Place,38.0282564,-120.5065877
Chidago Canyon,Valley,37.5516756,-118.3873358
Chinese Camp,Populated Place,37.8710381,-120.4332511
Cloudburst Canyon,Valley,38.7647025,-119.8558326
Corbet Creek,Stream,37.4707712,-120.1529587
Cotton Creek,Stream,37.5796568,-120.2210196
Cow and Calf Gulch,Valley,37.5075963,-120.0985447
Crooked Creek,Stream,37.5857655,-118.7140155
Lake Crowley,Reservoir,37.6107775,-118.7416636
Crown Creek,Stream,36.9090433,-118.7846878
Dairyland,Populated Place,37.0182789,-120.3104516
Deep Canyon,Valley,38.7678665,-119.8699644
Deer Canyon,Valley,36.8409963,-118.8702297
Dougherty Creek,Stream,36.9624384,-118.6420468
Drunken Gulch,Valley,37.5873858,-120.0626034
Dutchman Creek,Stream,37.1929988,-120.4649081
East Fork Piney Creek,Stream,37.690487,-120.3190804
El Nido,Populated Place,37.1349442,-120.4921291
El Nido Reservoir,Reservoir,37.1443117,-120.4273574
Fahrens Creek,Stream,37.3249405,-120.4965799
Fernandez Pass,Gap,37.5863248,-119.3854194
Fish Creek,Stream,37.5446617,-119.1259611
Flat Top Mountain,Summit,37.2713272,-120.1109931
Fox Creek,Stream,37.4866045,-119.8212767
Fremont Peak,Summit,37.5592383,-120.0755706
Fremont Spring,Spring,37.5618794,-120.0735137
Ganns Creek,Stream,37.3010535,-120.140175
Mount Gayley,Summit,37.1030007,-118.4998074
Green Gulch,Valley,37.5085388,-120.0945084
Green Spring Run,Stream,37.8929821,-120.5693676
Greenhorn Creek,Stream,38.0522403,-120.5703615
Greenhorn Gulch,Valley,38.0420611,-120.5590864
Half Way Gulch,Valley,37.5378556,-120.0987794
Hartley Slough,Stream,37.2396646,-120.5454683
Hayward Creek,Stream,37.5807677,-120.409915
Hell Hollow,Valley,37.6100621,-120.1371633
Hornitos Creek,Stream,37.5179921,-120.2462972
Horse Gulch,Valley,37.4908516,-120.0179401
Horseshoe Creek,Stream,36.9699382,-118.6348247
Hungry Hill,Summit,37.8398651,-120.4146921
Huntoon Valley,Valley,38.2965809,-119.3095327
Illinois Hill,Summit,37.3316041,-120.0132127
Indian Creek Reservoir,Reservoir,38.7473091,-119.7788575
Indian Gulch,Valley,38.0100847,-120.5035787
Jones Creek,Stream,37.4816046,-119.8746126
Kelsey Reservoir,Reservoir,37.5413013,-120.3540998
Kiefer Reservoir,Reservoir,38.1095128,-120.5365939
Ladd Creek,Stream,37.1643923,-119.6390329
Little Dry Creek,Stream,36.9493913,-119.9887698
Little Round Valley,Basin,37.5607655,-118.7120707
Long Meadow Creek,Stream,36.9699457,-118.9948338
Love Creek,Stream,38.216585,-120.3588081
Lyons Gulch,Valley,37.5830292,-120.0521075
Magoon Creek,Stream,37.4866045,-119.8212767
Mariposa Reservoir,Reservoir,37.2916092,-120.1479527
Masonic Gulch,Valley,38.4264068,-119.1331891
Maxwell Creek,Stream,37.6952083,-120.126019
Mercer Mountain,Summit,37.1277894,-119.6787014
Middle Fork Camp Creek,Stream,38.6551874,-120.2696375
Middle Fork Kings River,Stream,36.8382777,-118.8751062
Middle Fork Stanislaus River,Lake,38.329599,-119.9634704
Miles Creek,Stream,37.2438312,-120.5418573
Minnow Gulch,Valley,37.8341268,-120.4338269
Mono Valley,Basin,38.1027004,-118.9454195
Moran Creek,Stream,38.216585,-120.3585303
Morning Star Spring,Spring,37.6054893,-120.1671293
Mud Spring Creek,Stream,37.0777252,-119.8998791
Myers Creek,Stream,37.5693793,-120.327412
North Fork Dry Creek,Stream,37.7335411,-120.5718669
North Fork Stanislaus River,Stream,38.1540867,-120.357418
North Fork Tuolumne River,Stream,37.8968708,-120.2538007
North Fork Willow Creek,Stream,38.1940853,-120.5838166
Norwegian Gulch,Valley,37.5176036,-120.0894645
O'Neals,Populated Place,37.1282815,-119.6943135
Odom Creek,Stream,37.4682712,-120.1626813
Old Chowchilla Creek,Stream,37.1335553,-120.4624057
Oliver Creek,Stream,37.422718,-119.7765497
Onion Creek,Stream,39.5290714,-120.2921492
Owens Reservoir,Reservoir,37.3149416,-120.1854553
Owens River Gorge,Valley,37.4077222,-118.5048908
Parkinson Creek,Stream,37.3629953,-120.4818579
Picayune Creek,Stream,37.2199473,-119.7109831
Pole Creek,Stream,39.2368508,-120.2063069
Poor Mans Gulch,Valley,37.8106103,-120.408126
Punch Bowl,Basin,38.239082,-119.9590717
Quartz Mountain,Summit,37.1907758,-119.686246
Raynor Creek,Stream,37.2010566,-120.0073877
Red Wash Creek,Stream,38.4376943,-119.0590352
Rock Creek,Stream,37.5610431,-118.6801252
Rocky Gulch,Valley,37.6056649,-120.1093303
Roundtree Saddle,Gap,37.5093813,-119.7640523
Sailor Canyon,Valley,39.2169766,-120.4958753
Second Creek,Stream,37.7574295,-120.3263037
Six-bit Gulch,Valley,37.8091393,-120.4098185
Slate Creek,Stream,37.897982,-120.4335289
Slinkard Creek,Stream,38.63769,-119.52739
Smarts Gulch,Valley,37.8519337,-120.3780739
Smoky Mountain,Summit,37.4400398,-120.035927
Snake Ravine,Valley,37.6626913,-120.4508292
Snelling,Populated Place,37.5191028,-120.4374151
Snow Lake,Lake,38.1014546,-119.4604381
Snow Lake,Lake,38.1717786,-119.6269997
Snow Mountain,Summit,39.2410548,-120.4636728
Snowslide Canyon,Valley,38.557882,-119.6341231
Soap Creek,Stream,38.2068633,-120.2649154
Soaproot Saddle,Gap,37.028281,-119.2548447
Soapstone Hill,Summit,38.1375409,-120.502303
Soda Canyon,Valley,38.267559,-119.6784722
Soda Springs,Populated Place,39.3232377,-120.3799251
Soldier Canyon,Valley,37.1712437,-118.192376
Soldier Gulch,Valley,37.9998515,-120.4978291
Sonora Creek,Stream,37.9796467,-120.3885272
Sonora Peak,Summit,38.3538805,-119.6353738
Sourgrass Lake,Lake,38.2080385,-120.1037316
South Fork Big Pine Creek,Stream,37.1246545,-118.4370492
South Fork Birch Creek,Stream,37.3888193,-118.0912088
South Fork Bishop Creek,Stream,37.2657649,-118.5776133
South Fork Camp Creek,Stream,38.6532427,-120.2813047
South Fork Dry Creek,Stream,37.5735457,-120.4304711
South Fork Fresno River,Stream,36.9846692,-120.0246054
South Fork Kings River,Stream,36.8382777,-118.8751062
South Fork Willow Creek,Stream,38.1940853,-120.5838166
South Guard,Summit,36.693459,-118.483874
South Guard Lake,Lake,36.6923951,-118.4950799
Southfork Pass,Gap,37.0676997,-118.4527212
Spangle Gold Creek,Stream,37.2382802,-119.7745986
Spanish Lake,Lake,36.9305796,-118.899786
Spanish Mountain,Summit,36.9092086,-118.8913911
Specimen Gulch,Valley,37.4876232,-120.0194595
Specimen Springs,Spring,37.3069065,-119.8682893
Sphinx Creek,Stream,36.7799378,-118.5384316
Sphinx Lakes,Lake,36.7295743,-118.5154814
Spicer Canyon,Valley,38.6456006,-120.2217447
Spicer Meadow Reservoir,Reservoir,38.4071363,-119.9628258
Spider Lake,Lake,39.0123569,-120.2727288
Spillway Lake,Lake,37.841921,-119.2323505
Split Mountain,Summit,37.0209599,-118.4225361
Split Rock Creek,Stream,37.2838334,-119.9262748
Spring Canyon,Valley,38.5222941,-119.4397951
Spring Canyon,Valley,38.6444312,-120.5399783
Spring Creek,Stream,37.4504945,-119.9482265
Spring Gulch,Valley,37.6995992,-120.2628949
Spring Gulch,Valley,38.2602501,-120.5876488
Washeshu Creek,Stream,39.2115732,-120.1985282
Piyau Dome,Summit,37.4813667,-119.264005
Wünüpü Peak,Summit,37.0528249,-118.0172198
Squaw Springs (historical),Spring,37.0027087,-118.0431459
Olympic Valley,Valley,39.2117291,-120.199027
Stanislaus Peak,Summit,38.3839891,-119.6670836
Star Lake,Lake,38.8747078,-119.888152
Starvation Lake,Lake,38.1859781,-119.7617667
Station Creek,Stream,39.3732402,-120.1321425
Station Peak,Summit,37.5132245,-118.1077834
Statham Creek,Stream,36.9535557,-118.9373318
Steamboat Canyon,Valley,39.084548,-120.3310636
Steamboat Mountain,Summit,39.1107951,-120.3530705
Steely Fork Cosumnes River,Stream,38.63935,-120.5838161
Stella Lake,Lake,38.1818038,-119.5783274
Stent,Populated Place,37.9177037,-120.4132504
Stephenson Hill,Summit,36.8710014,-119.4640062
Lake Sterling,Reservoir,39.3556083,-120.4885311
Stevens Lake,Reservoir,38.7523686,-119.7856793
Mount Stevenson,Summit,37.1234929,-119.3270534
Stoddard Spring,Spring,38.1301068,-120.1008644
Stone Corral Canyon,Valley,36.5116704,-119.179521
Stonebreaker Creek,Stream,38.7249041,-120.5182578
Stony Ridge Lake,Reservoir,38.9795087,-120.138964
Story Creek,Stream,36.5618938,-119.2073352
Strawberry Peak,Summit,38.1962164,-120.032696
String Canyon,Valley,38.6294284,-120.5752803
Striped Rock,Summit,37.3979521,-119.9182484
Striped Rock Creek,Stream,37.3013332,-119.8640499
Stuard Canyon,Valley,38.8012061,-119.8098747
Studhorse Meadow,Lake,38.1453646,-119.8420902
Stumpfield Mountain,Summit,37.4380804,-119.8039949
Sugar Pine Gap,Gap,38.2479735,-120.2501933
Sugarloaf,Summit,36.5636235,-119.0680228
Sugarloaf,Summit,37.8977658,-120.1457724
Sugarloaf,Summit,38.1876964,-119.0093097
Sugarloaf Creek,Stream,36.7521623,-118.6148211
Sugarpine Creek,Stream,38.0613105,-120.1521317
Sugarpine Hill,Summit,36.9538465,-118.9843498
Sullivan Creek,Stream,37.8896488,-120.4210285
Summit Creek,Stream,37.0588363,-119.2559559
Summit Creek,Stream,38.2940794,-119.7301752
Summit Lake,Lake,37.2037155,-118.9906329
Summit Lake,Lake,38.4327229,-119.9734717
Sunflower Hill,Summit,39.1697776,-120.4554486
Sunrise Lakes,Lake,37.8088607,-119.4495513
Swamp Lake,Lake,37.5471589,-119.455977
Swamp Lakes,Lake,36.8830493,-118.7045272
Sword Lake,Lake,38.4070068,-119.9346781
Sycamore Creek,Stream,36.9199484,-119.2776223
Sycamore Springs,Spring,36.9171455,-119.1540571
Sycamore Springs Creek,Stream,36.8877253,-119.1631727
Table Creek,Stream,36.652994,-118.5325958
Table Top Mountain,Summit,37.5103795,-120.3200481
Talus Lake,Lake,36.6484819,-118.5016377
Tamarack Creek,Stream,38.4904658,-119.6090606
Tamarack Lake,Lake,36.5811536,-118.5655203
Tamarack Lake,Lake,38.1255294,-119.3163216
Tarbell Pocket,Basin,36.6032803,-118.9406595
Tarpey Village,Populated Place,36.7930055,-119.7009743
Taylor Creek,Stream,37.05217,-119.3015137
Taylor Hill,Summit,37.8553526,-120.4442627
Tehipite Dome,Summit,36.9188394,-118.7806889
Tehipite Valley,Basin,36.9099419,-118.7803818
Telegraph Hill,Summit,37.5981598,-120.0365109
Texas Charley Gulch,Valley,38.0014291,-120.5743495
The Basin,Basin,38.0029786,-120.1496309
The Grove,Populated Place,37.4038272,-120.5949181
The Hot Springs,Spring,38.2237878,-119.2144394
The Iceberg,Summit,38.4260832,-119.7451829
The Mounds,Summit,39.6237007,-120.3949566
The Narrows,Gap,37.0738194,-118.0273129
The Pinnacles,Summit,39.0591339,-120.3627679
Third Lake,Lake,37.1215463,-118.4950757
Thompson Creek,Stream,38.0418673,-120.5596461
Thorps Creek,Stream,37.8399277,-120.5521445
Three Buttes,Summit,37.4204434,-120.2334508
Three Springs,Spring,36.9605193,-118.9441192
Tick-Tack-Toe Hill,Summit,37.0284059,-119.6995602
Tiger Creek Reservoir,Reservoir,38.4442856,-120.4997558
Tinemaha Creek,Stream,37.0657658,-118.2300988
Tinemaha Lake,Lake,37.0430044,-118.420871
Tinemaha Reservoir,Reservoir,37.0600603,-118.2202277
Tioga Lake,Reservoir,37.9247075,-119.2527606
Tip Top Peak,Summit,37.8290451,-120.2625057
Toejam Lake,Lake,38.1893298,-119.8011535
Toledo Gulch,Valley,37.4430344,-120.2719783
Toledo Pond,Lake,37.4624646,-120.2312206
Toms Canyon,Basin,38.17936,-119.8196224
Top Lake,Lake,38.9051343,-120.2171947
Tower Canyon,Valley,38.1874797,-119.5360406
Tower Lake,Lake,38.1600777,-119.5514648
Travers Creek,Stream,36.5463395,-119.4290122
Travertine Hot Springs,Spring,38.2466127,-119.2050691
Treasure Mountain,Summit,39.5397662,-120.3567723
Trosi Canyon,Valley,39.5571676,-120.1510798
Trout Creek,Stream,39.3321288,-120.1649197
Trout Creek,Stream,38.941019,-119.9965707
Tucker Mountain,Summit,36.6386605,-119.2092461
Tule Lake,Lake,38.3589627,-119.4715657
Tulloch Gulch,Valley,37.8860152,-120.5654058
Tunemah Peak,Summit,36.995323,-118.6883086
Tunnel Creek,Stream,38.1735296,-120.1260213
Tuolumne,Populated Place,37.9607582,-120.2374109
Turlock Lake,Reservoir,37.6100768,-120.5725532
Turnback Creek,Stream,37.8882599,-120.2726902
Turner Canyon,Valley,39.6171715,-120.2205724
Twin Buck Lakes,Lake,37.102888,-118.794951
Twin Gulch,Valley,37.6799233,-120.4287441
Twin Gulch,Valley,37.68163,-120.4294835
Twin Lakes,Lake,36.9216108,-118.8998303
Twin Lakes,Lake,38.1625207,-119.3364428
Twin Meadows Lake,Lake,38.3910558,-119.9630184
Twin Sisters,Summit,37.3360788,-119.7728593
Two Dog Pass,Gap,37.9815903,-120.157409
Two Dollar Gulch,Valley,38.3434148,-120.5054215
Tyler Lake,Lake,38.88068,-120.1987315
Upper Basin,Basin,37.0121572,-118.4548233
Upper Branigan Lake,Lake,38.0393524,-119.6721941
Upper Dominici Creek,Stream,37.6649322,-120.4874186
Upper Fish Valley,Valley,38.4583112,-119.600166
Upper Hell Hole,Basin,39.0807391,-120.3515854
Upper Jones Valley,Valley,39.3429407,-120.4493267
Upper Lola Montez Lake,Lake,39.3507732,-120.4310932
Upper Long Lake,Lake,38.2238993,-119.5716626
Upper Merced Pass Lake,Lake,37.6244275,-119.4421117
Upper Ottoway Lake,Lake,37.6409004,-119.4047907
Upper Peninsula Lake,Lake,38.1006425,-119.6798777
Upper Relief Valley,Basin,38.2232474,-119.7782321
Upper Truckee River,Stream,38.9421302,-119.9960151
Upper Velma Lake,Lake,38.9282776,-120.1489464
Upper Yosemite Falls,Falls,37.7563139,-119.5968325
Uva,Populated Place,36.6188397,-119.4898496
Valentine Gulch,Valley,38.3730977,-120.5920411
Verplank Creek,Stream,36.8605022,-119.0356674
Verplank Saddle,Gap,36.8355024,-119.0373339
Victoria Gulch,Valley,37.4961239,-120.1001793
Victoria Peak,Summit,38.1679698,-119.4234862
Virgil Connell Spring,Spring,38.6776596,-119.5882343
Vizard Creek,Stream,37.6524325,-120.4240831
Voight Canyon,Valley,38.7826129,-119.8120087
Volcanic Butte,Summit,38.3067045,-119.3832902
Volcanic Cone,Summit,36.9762488,-118.834081
Volcanic Lakes,Lake,36.8874474,-118.6319353
Vonich Gulch,Valley,38.0162801,-120.5601147
Wabena Creek,Stream,39.222682,-120.4402024
Wade Canyon,Valley,38.780561,-119.8163412
Wade Valley,Valley,38.8081386,-119.7546942
Wahtoke Lake,Lake,36.680668,-119.4004367
Walker Mountain,Summit,38.2360146,-119.4726446
Wally Hill,Summit,38.1635254,-120.5510239
Walters Canyon,Valley,38.3013269,-119.2576251
Ward Creek,Stream,39.1290737,-120.1549134
Ward Mountain,Summit,37.1855194,-119.6482092
Ward Mountain,Summit,37.3767732,-120.0086421
Ward Mountain Lake,Lake,37.2222469,-118.9015108
Ward Peak,Summit,39.1478072,-120.2457167
Warm Lake,Lake,39.2660262,-120.4889741
Warm Spring,Spring,38.201606,-119.121001
Warm Springs,Spring,38.0335364,-118.9043069
Warm Sulphur Spring,Spring,36.589551,-119.014163
Wasco Lake,Lake,37.9850807,-119.2980053
Water Canyon,Valley,38.4038756,-119.175579
Water Gulch,Valley,37.2223248,-119.7750912
Waterhouse Lake,Lake,38.222372,-119.9019477
Watson Lake,Lake,39.2248259,-120.1377092
Mount Watson,Summit,39.2201792,-120.1472753
Watterson Canyon,Valley,37.634317,-118.7297142
Watterson Troughs,Spring,37.6805197,-118.6519247
Watts Creek,Stream,36.9216153,-119.3106793
Watts Valley,Basin,36.9338379,-119.3584595
Waucoba Mountain,Summit,37.0217875,-118.0078782
Webber Lake,Lake,39.4854235,-120.41317
Wegner Lake,Lake,37.84145,-119.5367261
Weiser Creek,Stream,38.4454662,-119.8601805
Wentworth Springs,Spring,39.0129909,-120.3390157
West Carson Canyon,Valley,38.7765538,-119.8202799
West Fork Big Creek,Stream,37.7604852,-120.4196398
West Fork Carson River,Stream,38.990779,-119.8234297
West Fork Ferguson Creek,Stream,36.7143847,-118.6170427
West Fork Hughes Creek,Stream,36.874116,-119.3781817
West Fork Kennedy Creek,Stream,36.8966061,-118.6528793
West Kennedy Lake,Lake,36.8896647,-118.6633225
West Meadow Creek,Stream,39.0610175,-120.2976941
Westgard Pass,Gap,37.3002072,-118.1539874
Wet Gulch,Valley,38.3681857,-120.5450349
Wet Gulch,Valley,38.0676889,-120.3821431
Wet Prong Salamander Creek,Stream,38.2382507,-120.5913177
Whisky Canyon,Valley,37.5496174,-118.6661743
Whisky Creek,Stream,37.2160574,-119.8773812
White Canyon,Valley,38.4619804,-119.6755637
White Chief Mountain,Summit,37.4884309,-119.5343189
White Mountain,Summit,38.3799408,-119.6145601
White Rock Creek,Stream,39.3979592,-120.4199279
White Rock Lake,Reservoir,39.4192277,-120.384484
White Tank Spring,Spring,36.7860939,-119.3871256
Whitlock Creek,Stream,37.5593794,-120.0132335
Wilcox Canyon,Valley,36.5604463,-119.1572781
Wilcox Creek,Stream,36.5141159,-119.1326089
Wild Hog Canyon,Valley,37.210182,-119.7977856
Wild Horse Mountain,Summit,38.5284571,-119.3927758
Wild Horse Spring,Spring,38.5407133,-119.3957478
Wildcat Canyon,Valley,39.2178778,-120.475199
Wildcat Creek,Stream,37.2046677,-119.9993318
Wildcat Creek,Stream,36.8749499,-119.4515184
Wildcat Mountain,Summit,36.8866761,-119.4360586
Wildcat Mountain,Summit,37.4383012,-120.1075996
Wildcat Mountain,Summit,37.4402633,-119.836219
Wilderness Creek,Stream,38.4060232,-119.9682394
Wilfred Canyon,Valley,37.712388,-118.6941937
Wilfred Creek,Stream,37.6982654,-118.7306843
Wilkerson Springs,Spring,37.1863371,-118.2434811
Williams Peak,Summit,37.5999685,-120.1706168
Willow Creek,Stream,37.6718748,-118.35067
Willow Creek,Stream,37.7432632,-120.3538044
Willow Creek,Stream,39.1143508,-120.2788059
Willow Creek,Stream,36.6149502,-119.3942893
Willow Creek,Stream,37.0702267,-119.6493097
Willow Creek,Stream,37.1038362,-119.8887681
Willow Creek,Stream,37.2716119,-119.8954393
Willow Flat Creek,Stream,38.6668538,-120.2054683
Willow Lake,Lake,36.559618,-119.721837
Willow Lake,Lake,37.1007333,-118.4591342
Windy Gap,Gap,37.3479987,-119.76988
Windy Gulch,Valley,36.8136669,-118.8159038
Lake Winifred,Lake,39.0018167,-120.2710293
Wire Lakes,Lake,38.1750894,-119.7784943
Wisconsin Gulch,Valley,38.6365745,-120.5804484
Witcher Creek,Stream,37.5268761,-118.6401237
Wolf Creek,Stream,38.6143518,-119.6935077
Wolf Creek Lake,Lake,38.5990108,-119.6734767
Wolf Creek Pass,Gap,38.4987978,-119.7699002
Woodpecker Gulch,Valley,38.6509793,-120.5546275
Woods Creek,Stream,36.8666035,-118.520377
Woods Gulch,Valley,38.4244471,-119.8203094
Lake of The Woods,Lake,39.5041831,-120.3915186
Wooten Creek,Stream,36.6268942,-119.3495652
Worn Mill Canyon,Valley,39.4683431,-120.1031203
Wren Creek,Stream,36.8746651,-118.8073266
Wren Peak,Summit,36.8382915,-118.7927568
Wrights Creek,Stream,38.0654769,-120.137687
Yaney Canyon,Valley,38.2895598,-119.3062253
Yaqui Gulch,Valley,37.45953,-120.0029386
York Creek,Stream,37.9868689,-120.5993695
Yuba Pass,Gap,39.6174017,-120.4899343
Yucca Creek,Stream,36.5447772,-118.8962706
Z Lake,Lake,37.9894096,-119.2931093
Lake Zitella,Lake,38.9592146,-120.2255246
Sand Creek,Stream,35.50464,-120.18876
Wild Horse Canyon,Valley,35.7221714,-120.5127587
Adobe Flat,Lake,36.2563266,-120.5876024
Adobe Springs,Spring,35.7334255,-120.3669218
Alcalde Canyon,Valley,36.0980264,-120.4169236
Alder Creek,Stream,36.0371693,-118.516476
Alex Cook Spring,Spring,35.5101836,-119.9848053
Algerine Creek,Stream,37.9171481,-120.3788048
Allen Gap,Gap,36.3632827,-119.0356589
Alum Creek,Stream,36.0791265,-120.5437708
Andress Spring,Spring,35.7259084,-118.3296576
Andrew Creek,Stream,37.8771491,-120.5113095
Andrews Peak,Summit,36.038706,-120.553204
Antelope Creek,Stream,36.4021718,-119.1073289
Antelope Mountain,Summit,36.4322873,-119.0753922
Antelope Valley,Valley,36.4355549,-119.0973493
Agua Buena Spring,Spring,36.3453948,-120.5976806
Arrastra Canyon,Valley,36.428376,-119.0347327
Arrastre Creek,Stream,35.8135632,-118.8481486
Arroyo del Camino,Stream,35.9996778,-120.1229158
Arroyo Degollado,Stream,36.0190798,-119.9824619
Arroyo Hondo,Stream,36.0466204,-120.0365247
Arroyo Leona,Stream,36.3952308,-120.5371079
Arroyo Venado,Stream,36.3838423,-120.5446081
Ash Creek,Stream,36.3804921,-118.0098064
Ashley Hot Spring,Spring,35.7350982,-118.3160515
Atwell Creek,Stream,36.4552211,-118.6728726
Avenal Canyon,Valley,35.8619103,-120.1825715
Baby King Canyon,Valley,35.9472341,-120.2033047
Baby King Creek,Stream,35.9896784,-120.1406943
Bacon Hill,Summit,36.4518546,-119.1810823
Badger Hill,Summit,36.3053438,-119.0916973
Baker Peak,Summit,35.8603277,-118.5212467
Baker Point,Summit,35.8525663,-118.5029381
Bald Mountain,Summit,35.811405,-118.8283713
Ball Mountain,Summit,35.5577595,-118.7071215
Barn Spring,Spring,36.2267177,-120.4771992
Barr Spring,Spring,36.1967169,-120.5303813
Bates Slough,Stream,36.1138402,-119.4912329
Bear Creek,Stream,36.5041138,-118.9062121
Bear Creek,Stream,36.0274486,-118.7048115
Bear Creek,Stream,36.1774479,-118.7967605
Bear Trap Canyon,Valley,35.5426923,-118.3711604
Bee Tree Spring,Spring,35.718521,-120.33072
Bellyache Spring,Spring,35.508405,-120.196137
Beltran Creek,Stream,36.0082915,-120.287089
Bequette Canyon,Valley,36.4547872,-119.029813
Berts Canyon,Valley,35.7236019,-118.075062
Big Tar Canyon,Valley,35.9413671,-120.1638809
Big Tar Creek,Stream,35.9530121,-120.0918043
Bitterwater Canyon,Valley,35.5340499,-120.0802444
Bitterwater Spring,Spring,35.5177449,-120.0679218
Black Mountain,Summit,36.0279585,-120.4585189
Black Mountain,Summit,36.304496,-120.4031111
Black Spring,Spring,35.5638472,-120.2463023
Bob Rabbit Canyon,Valley,35.5703534,-118.2671823
Bodfish Creek,Stream,35.600231,-118.4967528
Bone Canyon,Valley,36.4793602,-119.0915264
Bone Creek,Stream,35.9980037,-118.5381426
Borreguero Spring,Spring,36.4274121,-120.5780878
Bravo Lake,Reservoir,36.4078461,-119.0907803
Brown Mountain,Summit,36.259083,-118.1800292
Brown Spring,Spring,35.6142714,-118.2542042
Bruce Spring,Spring,35.6882966,-120.2814916
Buck Peak,Summit,35.9179322,-118.8275992
Buckeye Gulch,Valley,36.1607815,-118.8012454
Buckeye Spring,Spring,36.0007562,-120.4398064
Bull Run Basin,Basin,35.7977282,-118.5248095
Bull Run Pass,Gap,35.8393947,-118.5761987
Bull Run Peak,Summit,35.831855,-118.5761851
Bull Slough,Stream,35.8621772,-119.6187352
Bullpen Canyon,Valley,35.9152361,-120.2348563
Burnt Canyon,Valley,35.7176587,-118.3068509
Busane Peak,Summit,36.0274199,-120.4240715
Butler Spring,Spring,35.6826545,-118.7541849
Calf Creek,Stream,35.7791174,-118.5281429
California Flats Canyon,Valley,35.8480105,-120.3495795
Camden,Populated Place,36.431061,-119.7979143
Cameron Creek,Stream,36.1274511,-119.5295675
Cameron Creek,Stream,36.2763394,-119.3620613
Cañada Azul,Valley,36.3949528,-120.5849563
Cane Spring,Spring,35.7527768,-118.5189691
Cantua Creek,Stream,36.4474514,-120.3098758
Carroll Creek,Stream,36.4841014,-118.0256411
Carver Spring,Spring,35.6836207,-118.8900415
Castle Mountain,Summit,35.9388795,-120.3402871
Castle Rock,Summit,36.4231009,-119.0897321
Castro Canyon,Valley,36.0397144,-120.4569341
Castro Spring,Spring,36.0330778,-120.4627312
Catfish Lake,Lake,35.963547,-120.4464875
Catskin Canyon,Valley,35.8327793,-120.1443439
Cedar Canyon,Valley,36.0118697,-120.2843614
Cedar Canyon,Valley,35.559053,-120.0455443
Cedar Creek,Stream,36.0388371,-118.670089
Cement Trough Spring,Spring,35.7054238,-120.3680842
Cherry Hill,Summit,35.9235372,-118.3735423
Chinowths Corner,Populated Place,36.3268949,-119.3356716
Cholame Creek,Stream,35.6585797,-120.3701545
Cholame Valley,Valley,35.7313225,-120.2901159
Chute Spring,Spring,35.9192459,-118.6512894
Clarke Canyon,Valley,35.6693835,-120.5206485
Clarks Fork Kings River,Stream,36.319673,-119.8829143
Clover Creek,Stream,36.4018882,-118.6753719
Coalinga Nose,Summit,36.1883686,-120.2754737
Coalmine Canyon,Valley,36.1586995,-120.4153438
Coarse Gold Creek,Stream,35.8080079,-118.8767609
Cold Spring,Spring,35.808284,-118.5828654
Cold Spring,Spring,35.9579051,-120.293125
Cole Slough,Stream,36.4310614,-119.6717984
Conroy Spring,Spring,35.713521,-120.35207
Cooper Canyon,Valley,36.1056144,-120.4005957
Cormack Canyon,Valley,35.6436876,-120.3430581
Corral Canyon,Valley,35.6253776,-118.9877
Cortez Spring,Spring,35.5121913,-118.2996126
Cottonwood Canyon,Valley,35.7829188,-120.1148424
Cottonwood Creek,Stream,37.3404958,-120.4851909
Cottonwood Creek,Stream,35.8074611,-120.0818062
Cottonwood Creek,Stream,36.4121581,-118.0078622
Cottonwood Creek,Stream,36.4296728,-119.4101208
Cottonwood Pass,Gap,35.7802417,-120.2070888
Covington Lake,Lake,35.8564437,-120.4067756
Cow Creek,Stream,35.772173,-118.5353651
Coyote Canyon,Valley,36.2210882,-120.4601678
Coyote Gulch,Valley,35.737754,-118.9575319
Coyote Spring,Spring,35.7292698,-118.0563796
Coyote Spring,Spring,35.7526228,-118.920445
Crawford Creek,Stream,36.0580031,-118.6223109
Cross Creek,Stream,36.1310622,-119.6351263
Cueva Canyon,Valley,36.0498424,-120.4148541
Dark Canyon,Valley,35.9785274,-118.2609468
Davis Mountain,Summit,36.4669762,-119.0429341
Dead Ox Spring,Spring,35.6559764,-118.8412896
Deadman Canyon,Valley,36.0496214,-120.3658285
Deadman Gap,Gap,35.8346818,-120.0468046
Death Canyon,Valley,36.318382,-118.1348148
Deep Canyon,Valley,36.1327947,-118.7739919
Deep Creek,Stream,35.7766174,-118.531754
Deep Creek,Stream,36.2507841,-119.2826131
Deep Creek,Stream,36.0530073,-119.502622
Deep Well Canyon,Valley,36.0881231,-120.538281
Deer Creek Colony,Populated Place,35.9782861,-119.0001005
Deer Spring,Spring,35.9664584,-118.028449
Diaz Canyon,Valley,36.2277696,-120.5022168
Dick Wright Spring,Spring,36.3167026,-120.5397955
Dirty Spring,Spring,35.9620641,-120.2432657
Dodge Hill,Summit,36.132035,-120.3958016
Dome Creek,Stream,36.053558,-118.535643
Dome Rock,Summit,36.066747,-118.5309514
Domengine Spring,Spring,36.3311597,-120.402236
Doney Gulch,Valley,35.7239832,-118.8216216
Doney Hill,Summit,35.728021,-118.7856132
Donut Rock,Summit,36.2737162,-120.422985
Double Spring,Spring,35.8824613,-120.2415329
Double Trough Spring,Spring,36.3509964,-120.4358821
Dripping Spring,Spring,36.1152696,-120.4963902
Dry Canyon,Valley,35.5830451,-118.2513095
Dry Creek,Stream,36.3168823,-118.1859185
Dry Creek,Stream,36.4074491,-119.0228809
Dry Meadow,Lake,35.8427921,-118.5465303
Dry Meadow Creek,Stream,35.5705107,-118.2673008
Ducor,Populated Place,35.8916196,-119.047324
Dutchman Canyon,Valley,36.1257425,-120.5223647
Dyer Creek,Stream,35.6946763,-119.1537163
Eagle Creek,Stream,36.0163375,-118.6817554
East Branch Cross Creek,Stream,36.0430074,-119.6079025
East Branch Cross Creek,Stream,36.330506,-119.5306805
East Tuley Springs,Spring,35.7185673,-120.422849
Echo Canyon,Valley,36.1185521,-120.5831379
Eclipse Hill,Summit,35.7912493,-118.8693124
El Bulto,Summit,35.9340478,-119.9975589
El Portillo,Gap,35.9199556,-119.9412446
Elbow Creek,Stream,36.421895,-119.3759523
Elder Spring,Spring,35.7458469,-120.3590591
Elderwood,Populated Place,36.4716161,-119.1223301
Elk Bayou,Stream,36.0957853,-119.3948395
Ellings Spring,Spring,35.675993,-120.1924312
Elliot Spring,Spring,36.1899644,-120.5231634
Emigrant Hill,Summit,35.7388283,-119.9829881
Eric Spring,Spring,36.0850238,-120.5897171
Evelyn Lake,Lake,36.3849582,-118.684463
Falls Canyon,Valley,35.8826677,-120.2051748
Famoso,Populated Place,35.5980116,-119.2081627
Faull Slough,Stream,36.3760614,-119.8865273
Fay Creek,Stream,35.6899526,-118.2989696
Fig Spring,Spring,36.1994403,-120.4681742
Fig Tree Spring,Spring,35.7187474,-120.1557804
Fine Spring,Spring,35.7052485,-118.7664636
Fir Camp Saddle,Gap,35.8296727,-118.5903655
Flag Peak,Summit,36.1782509,-120.531066
Flattop,Summit,35.9279393,-120.1555568
Four Springs Gulch,Valley,35.6668043,-118.8796847
Frames Peak,Summit,36.0352857,-120.5419848
Franciscan Creek,Stream,35.6810751,-120.0654189
Frank Canyon,Valley,36.0516349,-120.4182514
Frazier Creek,Stream,36.1349514,-119.0176014
Frazier Valley,Valley,36.138286,-119.0151604
Freitas Spring,Spring,36.181602,-120.5210217
Fresno Slough,Stream,36.7841161,-120.3696134
Fridley Canyon,Valley,36.4779752,-119.0220685
Fulton Peak,Summit,35.7228646,-118.6624054
Garcia Canyon,Valley,36.0287235,-120.2640446
Garza Creek,Stream,36.0269006,-120.1854182
Garza Peak,Summit,35.9322107,-120.1997643
Gassenberg Spring,Spring,36.2972193,-119.0053356
General Canyon,Valley,36.4854568,-119.0163647
Gibbon Peak,Summit,35.9559691,-118.7651204
Gibonney Canyon,Valley,35.6928436,-118.2678819
Goat Ranch Canyon,Valley,35.6360504,-118.3659726
Goat Spring,Spring,36.2046075,-120.554338
Gold Hill,Summit,35.8307232,-120.3500319
Gordon Gulch,Valley,35.7186032,-118.9261996
Grabast Canyon,Valley,36.1666167,-120.5629556
Grainger Spring,Spring,35.7071353,-120.3340229
Granite Canyon,Valley,35.5299523,-118.9656979
Green Water Spring,Spring,36.3788,-120.4787721
Grizzly Gulch,Valley,35.7950801,-118.9024274
Grouse Peak,Summit,36.3334999,-118.8193795
Guernsey,Populated Place,36.2130059,-119.6409604
Guernsey Slough,Stream,36.175784,-119.6395711
Halfway House,Populated Place,35.5896767,-118.9603752
Hamblin,Populated Place,36.3296724,-119.6098499
Hambright Canyon,Valley,36.4918099,-119.0174052
Hammond Spring,Spring,35.7372259,-120.3503039
Harlan Spring,Spring,35.813933,-120.447686
Harris Spring,Spring,36.3802182,-120.5222647
Hatchet Peak,Summit,36.1506552,-118.8299951
Heald Peak,Summit,35.5909035,-118.30951
Hewey Valley,Valley,35.8942403,-118.9270266
Hickman Creek,Stream,36.1849479,-118.8017608
Hidden Valley,Basin,36.0321835,-120.5801618
Hodges Canyon,Valley,35.6675479,-120.1476535
Hog Canyon,Valley,36.1241251,-120.5960362
Hog Spring Canyon,Valley,36.4930251,-119.0180214
Holland Canyon,Valley,35.5448624,-120.2390069
Hollyhock Spring,Spring,36.2117699,-120.5649071
Homer Cove,Valley,36.4921963,-119.0160889
Homers Nose,Summit,36.3846734,-118.7388772
Homestead Spring,Spring,36.3468079,-120.3798707
Hopper Canyon,Valley,35.6665845,-120.371663
Horse Canyon,Valley,35.6731193,-118.9122966
Horse Canyon,Valley,36.01072,-120.124858
Horse Canyon,Valley,36.0538203,-118.5362368
Horse Creek,Stream,36.4310559,-118.7267622
Horsethief Canyon,Valley,36.37167,-120.4841497
Hot Springs Canyon,Valley,36.0853077,-120.5283692
Howling Gulch,Valley,35.7032168,-118.8460024
Hub,Populated Place,36.4021722,-119.8090252
Hughes Canyon,Valley,35.5564902,-120.2553153
Hughes Spring,Spring,35.6168186,-120.2364005
Hungry Hollow,Valley,36.0050381,-118.9423436
Ice Creek,Stream,36.0302253,-118.5448096
Indian Canyon,Valley,36.4809839,-119.0180098
Indian Creek,Stream,35.6452476,-120.4801602
Indian Creek,Stream,35.6544139,-120.4507141
Indian Head,Summit,36.2682675,-118.2838515
Indian Spring,Spring,35.6848126,-120.1557635
Indian Springs,Spring,36.2195574,-120.4591142
Ingram Canyon,Valley,35.6387382,-120.1470593
Inside Creek,Stream,36.191896,-119.2559448
Inspiration Point,Summit,35.5119807,-118.3576545
Iron Mountain,Summit,35.6871717,-118.8492473
Iron Spring,Spring,36.0098854,-120.4742984
Iron Spring,Spring,36.0259719,-120.5043472
Iron Spring,Spring,36.2733802,-118.2064549
Isham Hill,Summit,35.7624824,-118.8508709
Jack Canyon,Valley,35.7173351,-120.2057583
Jack Hart Spring,Spring,36.1793625,-120.5133824
Jack Spring,Spring,35.7007512,-120.1898451
Jack Spring,Spring,36.0946076,-120.3857325
Jacks Creek,Stream,35.6841191,-118.0517409
Jacobs Slough,Stream,36.1927283,-119.7431856
Jasper Creek,Stream,36.0369034,-120.4029289
Jerry Slough,Stream,35.5716258,-119.5442872
Jespersen Spring,Spring,35.7326846,-120.2980816
Joaquin Canyon,Valley,35.9160639,-120.4368582
Joaquin Spring,Spring,36.3151505,-120.4531699
Joe Bowen Canyon,Valley,35.8037949,-118.7557993
Jones Corner,Populated Place,36.0657859,-119.1070493
Jordan Hot Springs,Spring,36.2291067,-118.3034189
Kelly Canyon,Valley,35.5192518,-118.9292745
Kelso Creek,Stream,35.6596755,-118.2709129
Kennedy Peak,Summit,35.9854957,-118.1180693
Kern Peak,Summit,36.3084029,-118.2878528
Kern Peak Stringer,Stream,36.3560488,-118.268142
Kern River Channel,Stream,35.826345,-119.6592919
Kerr Lake,Lake,35.7754369,-120.3600115
Kerr Spring,Spring,35.7623402,-120.3570054
Kessing Creek,Stream,36.0252263,-118.6898113
Keyes Canyon,Valley,35.6966243,-120.5695682
Kilmer Spring,Spring,35.7474245,-120.0787294
King Canyon,Valley,35.6901163,-120.1428755
Knob Hill,Summit,35.5643578,-118.9491631
Kolingo Creek,Stream,36.1163459,-120.4112634
Kreyenhagen Peak,Summit,36.1588595,-120.5481628
La Jolla Creek,Stream,35.9771813,-120.2907005
Lane Slough,Stream,36.3580056,-119.1395521
Lane Spring,Spring,36.2407757,-120.4965009
Lang Canyon,Valley,35.9065386,-120.474156
Lavrock Canyon,Valley,35.6378221,-120.1441798
Lee Canyon,Valley,35.888387,-120.4482233
Left Stringer,Stream,36.35806,-118.3273
Lemoncove,Populated Place,36.3827271,-119.0245475
Lewis Stringer,Stream,36.3302156,-118.2264747
Limekiln Hill,Summit,36.4105309,-119.005159
Lindcove,Populated Place,36.3577274,-119.0645489
Lindsay Peak,Summit,36.2447885,-119.0608847
Little Cholame Creek,Stream,35.9088521,-120.4370987
Little Creek,Stream,35.5494003,-119.106492
Little Oak Spring,Spring,36.333986,-120.388119
Little Tiger Spring,Spring,35.8650933,-120.2629595
Little Trout Creek,Stream,35.9657798,-118.2959157
Liveoak Canyon,Valley,36.4650073,-119.0254305
Locked Gate Gulch,Valley,35.7605402,-119.0143291
Lone Oak Mountain,Summit,36.4568886,-119.1023381
Long Canyon,Valley,35.994233,-118.087967
Long Canyon,Valley,36.1430415,-118.7590664
Long Hollow,Valley,36.0855149,-120.4789829
Long Lake,Lake,35.6798659,-120.2331954
Long Stringer,Stream,36.3027158,-118.13314
Long Valley,Valley,35.8319609,-118.1900755
Lake los Nietos,Lake,36.2117116,-120.2677903
Lumreau Mountain,Summit,36.1652207,-118.7826643
Lyon Spring,Spring,35.7056606,-120.4829858
Machine Creek,Stream,35.9680021,-118.2956379
Manter Creek,Stream,35.8455047,-118.2153575
Mantes Canyon,Valley,36.0378826,-120.2491683
Manzanita Canyon,Valley,35.7384892,-120.4198313
Marcelin Spring,Spring,36.0188801,-120.4816924
Mare Spring,Spring,36.3592944,-120.4240488
Markland Canyon,Valley,36.1315971,-120.5294662
Martinez Creek,Stream,36.3771741,-120.3573761
Martinez Spring,Spring,36.3396486,-120.416157
Lake McClure,Reservoir,37.5857834,-120.2596397
McDonald Canyon,Valley,35.6051179,-120.3567904
McGovern Gap,Gap,35.6894095,-120.1431993
McKee Canyon,Valley,36.4402545,-119.0304296
McMillan Canyon,Valley,35.6635911,-120.4138452
Media Agua Creek,Stream,35.5282971,-119.8770806
Merrill Pools,Lake,36.0063493,-120.4548761
Middle Branch Cross Creek,Stream,36.0435629,-119.6170695
Middle Branch South Branch Tule River,Stream,36.1093971,-119.2492773
Middle Canyon,Valley,35.7454143,-120.4123195
Middle Creek,Stream,36.0302253,-118.5478651
Middle Fork Tule River,Stream,36.1380041,-118.8064826
Middle Spring,Spring,36.2071576,-120.5590851
Mill Creek,Stream,36.263839,-119.5612361
Mills Spring,Spring,36.1567146,-120.4991018
Mine Hill,Summit,36.0567508,-118.8933979
Miner Creek,Stream,36.075503,-118.6423114
Minnehaha Creek,Stream,36.4855049,-119.1203857
Minter Village,Populated Place,35.5035685,-119.1828837
Mitchell Slough,Stream,36.0780083,-119.3034463
Mon Canyon,Valley,35.5292746,-118.9740514
Moonshine Spring,Spring,36.1874337,-120.518871
Morgenson Springs,Spring,35.7216504,-120.4568578
Mosquito Creek,Stream,36.2946724,-119.5484583
Motte Canyon,Valley,36.0209535,-120.4180101
Movie Stringer,Stream,36.3302156,-118.2267524
Mucho Spring,Spring,35.689653,-120.2663225
Mud Run,Stream,36.2260667,-120.5182145
Mud Spring Gap,Gap,36.4713384,-119.1453866
Mud Springs Canyon,Valley,35.7786719,-120.4692781
Mule Peak,Summit,36.0157417,-118.6152699
Mulkey Creek,Stream,36.336882,-118.1984188
Murphy Hill,Summit,35.6635762,-120.4105932
Murphy Slough,Stream,36.4580048,-119.992645
Mustang Spring,Spring,36.1741245,-120.4768761
Myricks Corner,Populated Place,35.516347,-119.2909435
Napoleon Spring,Spring,35.5041058,-119.9791967
Nelson Creek,Stream,36.0169061,-120.5907178
Nicoll Spring,Spring,35.6333942,-118.2797277
Nightingale Gulch,Valley,35.6333899,-118.8932253
North Branch Tule River,Stream,36.0980079,-119.3392813
North Fork Kings River,Stream,36.304673,-119.8693023
North Fork Tule River,Stream,36.1380041,-118.8064826
Nunez Canyon,Valley,36.2177072,-120.459878
O'Brien Lake,Lake,35.6728769,-120.2278181
Oak Flat Canyon,Valley,36.0942461,-120.4304524
Oak Grove Canyon,Valley,35.8517837,-120.3357529
Oat Canyon,Valley,36.1829475,-118.9723774
Oat Knob,Summit,36.4832615,-119.030584
Oat Knob Canyon,Valley,36.483182,-119.0178957
Oil Creek,Stream,36.1874543,-120.3318151
Oil Well Canyon,Valley,36.0511852,-120.4233816
Oilfields,Populated Place,36.2463415,-120.3165371
Old Channel Poso Creek,Stream,35.7680109,-119.4734516
Old Channel Tule River,Stream,36.0568962,-119.4848434
Old Deer Creek Channel,Stream,36.0235642,-119.1123271
Ortega Spring,Spring,35.679881,-120.204063
Outside Creek,Stream,36.191896,-119.2559448
Packwood Creek,Stream,36.261617,-119.4328976
Palo Prieto Canyon,Valley,35.7125486,-120.3026162
Parsons Canyon,Valley,36.1272719,-120.4566947
Pear Spring,Spring,35.6932964,-120.4536212
Pear Tree Spring,Spring,35.5173279,-120.2291005
Peel Peak,Summit,35.8055885,-118.6043077
Penasco Rock,Summit,36.0080625,-120.4139002
Penasco Spring,Spring,36.0102553,-120.4145092
Pete Merrill Canyon,Valley,36.0628471,-120.3372393
Pfost Gulch,Valley,35.6411683,-120.3691566
Mount Pheasant,Summit,35.6406093,-118.7859975
Picacho Rock,Summit,35.9603541,-120.3002845
Pigeon Creek,Stream,36.0432819,-118.7420344
Pine Canyon,Valley,35.9565025,-120.4778497
Pine Canyon,Valley,35.6546952,-120.5072626
Pine Canyon,Valley,36.2388224,-120.5103817
Pine Creek,Stream,35.6541366,-120.5090505
Pine Top Mountain,Summit,36.4657724,-118.7145277
Pinyon Peak,Summit,35.6823265,-118.0898089
Pogue Canyon,Valley,36.4277747,-119.0165108
Poison Oak Canyon,Valley,35.8809316,-120.2086931
Pond,Populated Place,35.7177326,-119.3287234
Porter Slough,Stream,36.1277302,-119.2409438
Portuguese Canyon,Valley,36.3034631,-120.4875374
Portuguese Pass,Gap,35.8002286,-118.5817543
Portuguese Peak,Summit,35.7911274,-118.5861912
Mount Poso,Summit,35.5927272,-119.0036978
Post Canyon,Valley,36.2054538,-120.441008
Quail Water Creek,Stream,35.5216377,-120.3998801
Quesada Spring,Spring,36.0071894,-120.5004189
Quigley Creek,Stream,37.7682629,-120.4946421
Rag Gulch,Valley,35.7905819,-119.1273097
Ragged Top,Summit,35.9158214,-120.1370513
Ragle Canyon,Valley,36.4368704,-119.0243552
Railroad Spring,Spring,35.7332454,-120.1408466
Rancheria Creek,Stream,36.2021694,-118.7614821
Rattlesnake Spring,Spring,36.3742315,-120.4759432
Reason Mountain,Summit,36.005095,-120.4913617
Red Hill,Summit,35.594916,-118.8853588
Red Rock Canyon,Valley,35.7650003,-120.2810639
Redwood Creek,Stream,36.4385551,-118.6987062
Reedwater Canyon,Valley,35.9987064,-120.3627686
Reese Canyon,Valley,35.9765224,-120.2749199
Ridenhour Creek,Stream,36.4646711,-119.0259372
Right Stringer,Stream,36.3574384,-118.3261985
River Spring,Spring,36.2532521,-118.2777518
Roberts Spring,Spring,35.6766518,-120.2643116
Rock Spring,Spring,35.715676,-120.3740509
Rocky Hill,Populated Place,36.301339,-119.1176063
Rocky Hill,Summit,36.28715,-119.0859708
Rocky Hill,Summit,36.0850333,-118.9639982
Rocky Hills,Summit,36.2217048,-118.9936039
Roof Spring,Spring,35.9121265,-120.1451561
Round Mountain,Summit,35.6319807,-118.8120667
Round Valley,Basin,36.218006,-119.0251018
Rucker Spring,Spring,36.3126555,-120.5423826
Ruiz Canyon,Valley,36.0575075,-120.332458
Rutan Rock,Summit,36.0106212,-120.4300728
Sacatar Canyon,Valley,35.9939248,-118.0871078
Saint Johns River,Stream,36.4157839,-119.4320661
Salt Canyon,Valley,35.5746061,-120.1197918
Salt Canyon,Valley,36.2004991,-120.4370867
Salt Creek,Stream,36.0574581,-120.3798723
Salt Creek,Stream,36.3893962,-120.3320974
Sand Canyon,Valley,35.7176835,-118.9281392
Sand Creek,Stream,36.4727283,-119.3398399
Sawmill Canyon,Valley,36.0103737,-120.5120159
Schaeffer Stringer,Stream,36.2718829,-118.1945292
Schultz Creek,Stream,35.8005061,-118.5336985
Scott Canyon,Valley,36.156424,-120.4869246
Sentinel Butte,Summit,36.4469233,-119.110221
Sentinel Peak,Summit,36.0156371,-118.5268486
Seville,Populated Place,36.4857832,-119.2231676
Shandon,Populated Place,35.6552465,-120.3754325
Shedd Canyon,Valley,35.6534104,-120.4447136
Sheep Camp Canyon,Valley,35.6739422,-120.5258479
Sherman Peak,Summit,36.2021057,-120.5623104
Shimmin Canyon,Valley,35.6529598,-120.4695094
Silver City,Populated Place,36.4660536,-118.6459278
Siphon Canyon,Valley,36.1346627,-118.7703556
Sirretta Peak,Summit,35.9243007,-118.3331847
Skunk Hollow,Basin,36.2802301,-120.3015372
Slapjack Creek,Stream,36.4343888,-118.7128731
Slate Mountain,Summit,36.0832749,-118.5761859
Slocum Canyon,Valley,35.6161378,-120.3500688
Smith Mountain,Summit,36.0788795,-120.5958358
Snow Creek,Stream,35.9657798,-118.2961935
Snow Creek,Stream,37.4816046,-119.8746126
Soda Spring,Spring,36.1297132,-118.8162806
Solo Peak,Summit,36.1039011,-118.6724261
South Bear Creek,Stream,36.2010583,-118.7573152
South Branch South Branch Tule River,Stream,36.1093971,-119.2492773
South Branch Tule River,Stream,36.0977301,-119.3390036
South Fork Kings River,Stream,36.304673,-119.8693023
South Fork Tule River,Stream,36.0696729,-118.910097
South Fork Valley,Valley,35.6617781,-118.3734364
Spanish Lake,Lake,36.330818,-120.5754412
Speck Spring,Spring,36.1199372,-120.450439
Spout Spring,Spring,35.7514885,-118.5601975
Spring Canyon,Valley,35.7213018,-118.1089558
Springville,Populated Place,36.1302265,-118.8181495
Square Corral Spring,Spring,35.7830731,-120.4628335
Steve Barton Point,Summit,36.40399,-119.0306036
Steve Spring,Spring,35.5122665,-118.3363387
Still Canyon,Valley,35.6535026,-120.1290433
Still Lake,Lake,35.6363091,-120.1894779
Stockdale Mountain,Summit,35.9871969,-120.5812602
Stoker Canyon,Valley,35.7740764,-120.1751144
Stone Canyon,Valley,36.0117173,-120.581881
Stone Corral Canyon,Valley,35.7792149,-120.2950853
Stout,Populated Place,36.1827288,-119.0803818
Stove Canyon,Valley,36.1865916,-120.5718153
Stove Spring,Spring,36.2052988,-120.5466757
Strawberry Creek,Stream,36.297716,-118.1798071
Studhorse Canyon,Valley,36.2237542,-120.5304595
Sugar Tail Spring,Spring,35.888974,-120.2614104
Sugarloaf Peak,Summit,35.8275512,-118.6181752
Sulfur Spring,Spring,35.6666593,-120.1490285
Sulphur Creek,Stream,36.0957927,-120.5415486
Sulphur Flat Spring,Spring,36.32147,-120.38121
Sulphur Spring,Spring,35.5874092,-120.0580762
Sulphur Spring,Spring,35.9564011,-120.2290499
Sulphur Spring,Spring,36.3750946,-120.4318893
Sulphur Spring Canyon,Valley,35.9051211,-120.2109157
Sulphur Spring Canyon,Valley,35.8679868,-120.0810865
Sulphur Springs,Spring,35.9958384,-120.4789367
Sunday Peak,Summit,35.7822198,-118.5851994
Sycamore Creek,Stream,36.1857812,-118.7981496
Taylor Canyon,Valley,35.7071908,-120.4351572
Taylor Creek,Stream,35.8346716,-118.2156352
Taylor Creek,Stream,36.0355152,-120.4507094
Templeton Mountain,Summit,36.3148246,-118.2067373
Tennessee Knob,Summit,35.9790271,-118.9554281
The Dark Hole,Valley,35.9257225,-120.2715502
The Turtle Hole,Basin,35.9157935,-120.2373655
Three Pines Canyon,Valley,35.6965347,-118.056954
Three Sisters,Summit,36.3568758,-120.5349364
Tiger Spring,Spring,35.8788195,-120.2488679
Tobias Peak,Summit,35.8501538,-118.572425
Todds Spring,Spring,35.8485197,-120.4531946
Todds Spring Canyon,Valley,35.8606199,-120.4151951
Tombstone Creek,Stream,36.86661,-118.8259382
Traver,Populated Place,36.4552287,-119.4848471
Tucker Canyon,Valley,35.6089612,-120.3502907
Tunnel Spring,Spring,35.6010121,-120.2083703
Tunnel Spring,Spring,35.775364,-118.394272
Twentyfive Canyon,Valley,36.3718815,-120.4604461
Twentyfive Spring,Spring,36.3291667,-120.5063889
Twin Buttes,Summit,36.4252055,-119.1963808
Twisselmann Lake,Lake,35.6617759,-120.2142542
Tyler Gulch,Valley,35.8140788,-118.9263266
Ultra,Populated Place,35.9641195,-118.9984336
Upton Canyon,Valley,35.5320571,-120.4037176
Urruttia Canyon,Valley,36.3691478,-120.4425956
Van Gordon Creek,Stream,36.27114,-118.92717
Van Ness Slough,Stream,36.4538385,-119.8762513
Vance,Populated Place,36.2241173,-119.1034385
Vaquero Spring,Spring,35.9027522,-120.2581134
Venice Cove,Valley,36.3736008,-119.191447
Vestal,Populated Place,35.8396752,-119.0848252
Wade Baxter Spring,Spring,35.9532568,-120.1736141
Ward Canyon,Valley,36.1314202,-118.783876
Water Gap Spring,Spring,35.7882843,-118.5861989
Waukena,Populated Place,36.1385621,-119.509567
Wayland Creek,Stream,36.0169061,-120.5907178
Welcome Valley,Basin,35.6877403,-119.9798601
West Branch Cross Creek,Stream,36.1010624,-119.6701271
West Branch Huerhuero Creek,Stream,35.5488601,-120.5376637
West Spring,Spring,36.2093322,-120.5644301
West Stringer,Stream,36.2604954,-118.336753
West Stringer Saddle,Gap,36.3129945,-118.3217535
West Tuley Springs,Spring,35.7193433,-120.4333497
Westhaven,Populated Place,36.2266195,-119.9948595
Westside,Populated Place,36.4005066,-120.1390355
Whisky Creek,Stream,37.5768767,-118.7334605
White Canyon,Valley,35.7100229,-120.3044332
White City Canyon,Valley,35.7385082,-120.0665566
White Creek,Stream,36.2207884,-120.4973797
White Dome,Summit,35.8647783,-118.2142952
White Spring,Spring,35.730297,-120.339496
Wilkinson Canyon,Valley,35.5236348,-120.2124235
Williamson Spring,Spring,35.6025351,-120.2300182
Willow Spring,Spring,35.6918587,-118.9175908
Willow Spring,Spring,35.8128267,-120.4655991
Willow Spring,Spring,35.9120697,-120.2047601
Willow Spring,Spring,35.9771203,-120.235045
Willow Spring,Spring,36.1518574,-120.4996646
Willow Spring,Spring,36.185628,-120.5947416
Willow Spring Canyon,Valley,35.8883797,-120.213632
Willow Springs Canyon,Valley,35.7695761,-120.4813992
Willow Springs Canyon,Valley,36.1097861,-120.4425714
Windy Creek,Stream,36.0577256,-118.6534224
Windy Gap,Gap,36.0441142,-118.5870325
Wolf Canyon,Valley,35.6855251,-120.4948828
Wood Canyon,Valley,35.7898488,-120.2385615
Wood Canyon,Valley,35.6536231,-120.4216984
Woodlake,Populated Place,36.4135606,-119.0987176
Woods Canyon,Valley,35.6899893,-120.1427033
Lake Woollomes,Reservoir,35.7388169,-119.1791101
Woolstalf Creek,Stream,35.5766218,-118.2517448
Wright Mountain,Summit,36.3273111,-120.5373953
Wutchumna Hill,Summit,36.387532,-119.0334051
Ybarra Spring,Spring,35.7045332,-120.2855915
Yokohl,Populated Place,36.3255055,-119.0823272
Zapato Chino Canyon,Valley,36.0677621,-120.2309177
Hot Springs Canyon,Valley,38.2232963,-119.215224
Topaz,Populated Place,38.61882,-119.51949
Walker,Populated Place,38.5149112,-119.4768329
Taylor Valley,Basin,38.56769,-119.3776616
Murphy Pond,Lake,38.369252,-119.196295
Tunemah Pass,Gap,36.983272,-118.6703809
Saddle Camp Pass,Gap,36.3004952,-118.3625873
Three Rocks,Summit,36.3133007,-118.3345428
Right Stringer Pass,Gap,36.3235502,-118.349254
Red Hill,Summit,36.3548796,-118.2817874
Overlook Mountain,Summit,36.334186,-118.3722559
Lonely Lake,Lake,36.6060313,-118.5898397
Copper Mine Pass,Gap,36.5979948,-118.5523173
Triple Divide Pass,Gap,36.5960794,-118.5250469
Highbridge Creek,Stream,36.4593868,-118.640372
Fowler Creek,Stream,36.4549422,-118.6292606
Deadwood Creek,Stream,36.457443,-118.6625947
Corner Creek,Stream,36.4005368,-118.7266873
Rock Canyon,Valley,38.0419715,-119.4776153
Indian Canyon,Valley,37.7504255,-119.5834706
Sequoia,Populated Place,37.8065921,-119.8954575
Pine Flat Lake,Reservoir,36.8543124,-119.3113239
La Escudilla,Basin,35.9082894,-119.9593007
Hetch Hetchy Valley,Valley,37.9473398,-119.7887147
North Fork Chiatovich Creek,Stream,37.8042863,-118.2711812
Henness Branch,Stream,37.6718738,-119.7887832
Euer Saddle,Gap,39.3429604,-120.3399244
Cockscomb,Summit,37.4613524,-119.0431617
Buena Vista Pass,Gap,37.6007663,-119.5095955
El Dombo,Summit,35.9972936,-120.0782867
Birch Mountain,Summit,37.0624923,-118.4190658
Lehamite Falls,Falls,37.7624249,-119.5787761
Kaiser Peak,Summit,37.29405,-119.1855202
Kern Hot Spring,Spring,36.4781755,-118.4059985
Goethe Cirque,Basin,37.2166019,-118.7009462
Gendarme Peak,Summit,37.1269665,-118.5312902
Lawson Peak,Summit,36.5601229,-118.5143872
Little Lake,Lake,36.6471652,-118.704265
Middle Creek,Stream,37.8324299,-118.2009465
Molo Mountain,Summit,38.234531,-119.6569281
Little Hetch Hetchy Valley,Valley,37.9401439,-119.7257901
Bench Lakes,Lake,37.5016828,-119.0143168
Broken Finger Peak,Summit,37.4044099,-118.7167076
Bonta Saddle,Gap,39.5207362,-120.4315976
Olive Lake,Lake,38.1246327,-119.7321771
Salt Spring,Spring,35.7305795,-119.9852921
Red Top Mountain,Summit,37.637102,-119.1348023
Tower Peak,Summit,38.1444625,-119.5477203
Ten Lakes Pass,Gap,37.9027,-119.5368326
Upper Fletcher Lake,Lake,37.7943998,-119.3320464
Yosemite Falls,Falls,37.7582583,-119.5951658
Twin Lakes,Lake,36.6571845,-118.7146963
Sharp Creek,Stream,37.0291115,-118.9690005
Whitney Portal,Gap,36.5888232,-118.2259237
Ottoway Lakes,Lake,37.6432297,-119.4188505
Lee Vining Canyon,Valley,37.9590906,-119.1162991
Putman Creek,Stream,36.347885,-118.752465
Rail Creek,Stream,37.6288202,-119.6954426
Bear Lake,Lake,38.0967467,-119.6969531
Townsley Lake,Lake,37.7943998,-119.3320464
Fresno Dome,Summit,37.4544047,-119.5360061
Givens Lake,Lake,37.5834807,-119.4657818
Baker Mountain,Summit,36.7103953,-119.1439233
Shipes Valley,Basin,36.7193923,-119.1398361
Wonder Valley,Basin,36.7999487,-119.3051218
Vanderburgh Lake,Lake,37.5489436,-119.3527969
Hawksbeak Peak,Summit,38.1525394,-119.5080866
Arroyo Hondo,Stream,36.4793952,-120.4337715
Lake Mary,Populated Place,37.5999369,-119.0012424
Jakes Peak,Summit,38.9700026,-120.1223728
Lower Rock Creek,Stream,37.4363199,-118.5559523
Sallie Keyes Creek,Stream,37.2413295,-118.8912258
Little White Deer Valley,Valley,36.7488994,-119.1602743
Little White Deer Creek,Stream,36.742412,-119.163036
Centennial Peak,Summit,36.6276586,-118.4903719
Tiger Spring,Spring,35.8787701,-120.2488746
Trimmer Peak,Summit,38.8714349,-119.9229022
Gillis Canyon,Valley,35.6036385,-120.3302804
Mason Canyon,Valley,35.6853068,-120.5343438
Coyote Lake,Lake,38.1480716,-119.7751024
Five Acre Lake,Lake,38.1351511,-119.7673217
Kole Lake,Lake,38.139967,-119.7794138
Sachse Spring,Spring,38.0829175,-119.8432457
Styx Pass,Gap,38.0924177,-119.8087888
Cascade Falls,Falls,38.2037193,-119.5586599
Horsetail Falls,Falls,38.1393642,-119.3798835
Little Lake,Lake,38.146239,-119.4463745
Mule Pass,Gap,38.0965864,-119.4418308
Robinson Lakes,Lake,38.1199979,-119.4479178
Return Lake,Lake,38.0626509,-119.3493654
Matterhorn Creek,Stream,37.9690884,-119.4490525
Pothole Dome,Summit,37.8803681,-119.3934693
Fantail Lake,Lake,37.9462115,-119.2726111
Puppy Dome,Summit,37.8753252,-119.3455601
Shell Lake,Lake,37.9401853,-119.2646351
Pilot Peak Spring,Spring,37.7663536,-119.9258427
North Mountain,Summit,37.9025365,-119.8968994
Preston Falls,Falls,37.8843678,-119.8812906
The Niche,Gap,37.5729943,-119.2665213
Jones Point,Summit,37.8755317,-119.976363
Tenaya Canyon,Valley,37.740739,-119.559343
Olmstead Point,Summit,37.8093466,-119.4845319
Gray Peak Fork,Stream,37.7265954,-119.3912638
Red Peak Pass,Gap,37.6504879,-119.4043143
Lost Lake,Lake,37.7358518,-119.5316353
Silver Apron,Falls,37.7268707,-119.5407167
Devils Dance Floor,Summit,37.7393652,-119.7359933
Yosemite West,Populated Place,37.6474304,-119.7185006
Crow Peak,Summit,37.5086165,-119.7360658
Mosquito Creek,Stream,37.577156,-119.6804389
Dutchman Lake,Lake,37.5130197,-119.5364538
Grizzly Pass,Gap,37.5054939,-119.4931991
Mount Bruce,Summit,37.5962152,-119.4934511
Reconnaissance Creek,Stream,37.4285542,-119.2579026
Camino Falls,Falls,37.4204974,-119.4187468
Dutch Oven Creek,Stream,37.3646656,-119.3829099
Whisky Falls,Falls,37.288001,-119.4401337
Aspen Creek,Stream,37.275223,-119.3317942
Douglas Fir Creek,Stream,37.2574454,-119.3237381
Horsethief Creek,Stream,37.2888338,-119.3276276
Jump Off Point,Summit,37.2675081,-119.2650481
Lookout Point,Summit,37.3041574,-119.2869738
Saddle Creek,Stream,37.2927226,-119.3265165
Slot Creek,Stream,37.264112,-119.3242937
West Fork Daulton Creek,Stream,37.3157777,-119.2826254
Corlieu Falls,Falls,37.416052,-119.6245945
Greys Mountain,Summit,37.4049399,-119.524437
Red Rock Falls,Falls,37.4338292,-119.6365405
Angel Falls,Falls,37.337783,-119.570282
Bass Lake Annex,Populated Place,37.2713351,-119.5340277
Old Corral,Populated Place,37.3568875,-119.6070912
Salter Creek,Stream,37.3127225,-119.536807
Camp Creek,Stream,37.3207777,-119.3192942
Cahoon Rock,Summit,36.378775,-118.6899613
Trafton Mountain,Summit,37.8516204,-118.5671636
Halls Gulch,Valley,37.6203749,-120.021296
Munger Peak,Summit,36.8742572,-118.5798923
Carol Col,Gap,37.2782682,-118.7228935
Little Avenal Creek,Stream,35.8619054,-120.1831978
Little Tar Canyon,Valley,35.8899746,-120.1154695
Lovel Canyon,Valley,35.8542976,-120.2018551
Alabama Hill,Populated Place,38.3549133,-120.5918729
Barstow,Populated Place,36.8152237,-119.9698776
Barton,Populated Place,38.4546322,-120.5302037
Benton Crossing,Populated Place,37.6990988,-118.764019
Biola Junction,Populated Place,36.8007809,-119.868761
Bonita,Populated Place,36.9524464,-120.2018345
Cave City,Populated Place,38.2024183,-120.5085359
Cecile,Populated Place,36.7007833,-119.7176399
Daulton,Populated Place,37.1191131,-119.9821066
Elk,Populated Place,36.7502282,-119.4929071
Elliott Corner,Populated Place,37.4627165,-119.7746066
Fresno Crossing,Populated Place,37.2371691,-119.7751542
Glorietta,Populated Place,36.8377276,-119.7095867
Goldleaf,Populated Place,36.7221722,-119.7179182
Gordon,Populated Place,36.8960608,-119.7298667
Hoffman Point,Summit,36.6920279,-119.1974503
Ingle,Populated Place,36.7213384,-120.2565521
Ivesta,Populated Place,36.7218946,-119.6365252
Kanawyers,Populated Place,36.7952167,-118.5848214
Keystone,Populated Place,37.8352057,-120.5076982
Knowles Junction,Populated Place,37.202724,-119.9090493
Lacjac,Populated Place,36.6116174,-119.4840159
Las Palmas,Populated Place,36.75745,-119.7004181
Levis,Populated Place,36.6235615,-120.4062754
Melvin,Populated Place,36.808561,-119.7009746
Monola,Populated Place,37.143542,-118.2437111
North Landing,Populated Place,37.63521,-118.7445728
Notarb,Populated Place,37.0110575,-120.1190547
Panoche Junction,Populated Place,36.5460615,-120.4879427
Pratton,Populated Place,36.7466135,-119.8995949
Priest,Populated Place,37.8140949,-120.2726907
Riverbend,Populated Place,36.7568949,-119.5112415
Sandy Gulch,Populated Place,38.3801903,-120.5327041
Sharon,Populated Place,37.098001,-120.1298908
Bagby,Populated Place,37.6118777,-120.1351839
Tokay,Populated Place,36.5518947,-119.3590088
Wahtoke,Populated Place,36.6768948,-119.4579044
Warnerville,Populated Place,37.7324299,-120.5965902
Whitmore Hot Springs,Populated Place,37.6324331,-118.8123521
Wildflower,Populated Place,36.5038392,-119.6831892
Willow Springs,Populated Place,38.1885314,-119.2045974
Blackwells Corner,Populated Place,35.6149624,-119.8679123
Blanco,Populated Place,36.036063,-119.5112332
Calflax,Populated Place,36.3424514,-120.1029215
Cholame,Populated Place,35.7238556,-120.2965384
Elmco,Populated Place,35.9924531,-119.0428799
Fane,Populated Place,36.3699499,-119.134552
Helm Corner,Populated Place,36.098007,-119.6437374
Higby,Populated Place,36.2849507,-119.2878913
Hillmaid,Populated Place,36.4138386,-119.1348302
Hollis,Populated Place,35.6674547,-119.1912178
Kecks Corner,Populated Place,35.6707977,-120.0818085
Lairds Corner,Populated Place,36.0513422,-119.2320541
Lois,Populated Place,36.0185639,-119.0276017
Loma,Populated Place,36.2577285,-119.2873355
Lort,Populated Place,36.3427279,-119.1542748
Lowes Corner,Populated Place,36.0943972,-119.2320543
Lumer,Populated Place,36.0374523,-118.9912114
Magnolia,Populated Place,36.0227303,-118.9951004
Merryman,Populated Place,36.3257833,-119.1053837
Murray,Populated Place,36.0941199,-120.0034687
Octol,Populated Place,36.123841,-119.3284477
Paige,Populated Place,36.1818954,-119.4206744
Parkfield Junction,Populated Place,36.0819031,-120.4804335
Ponca,Populated Place,36.0418969,-119.0170457
Rayo,Populated Place,36.4499499,-119.1881659
Rector,Populated Place,36.3052284,-119.2428894
Redbanks,Populated Place,36.4221719,-119.144275
Semitropic,Populated Place,35.6019026,-119.5084523
Sequoia,Populated Place,36.4274496,-119.1170517
Sunland,Populated Place,36.0224523,-118.9823221
Swall,Populated Place,36.2407842,-119.2870576
Taurusa,Populated Place,36.4177281,-119.2534462
Woody,Populated Place,35.7041199,-118.834259
Worth,Populated Place,36.0524513,-118.9370424
Zante,Populated Place,36.1146739,-119.045658
Zentner,Populated Place,35.7030096,-119.1692725
Bennettville (historical),Populated Place,37.9374252,-119.260431
Clark Point,Summit,37.724128,-119.5451787
Gaylor Lakes,Lake,37.9126186,-119.2689782
Hamilton Creek,Stream,36.5641074,-118.6025953
Hamilton Lakes,Lake,36.5620102,-118.5756597
Matterhorn Peak,Summit,38.09297,-119.3817903
McBrides Gulch,Valley,37.4796095,-120.0115784
Ciervo Spring,Spring,36.4803718,-120.5582459
Zapato Chino Creek,Stream,36.1635648,-120.1895865
Lightning Mountian,Summit,38.4485158,-119.7826651
Wheeler Creek,Stream,38.347014,-119.4310408
Adair Lake,Lake,37.6829726,-119.4073284
Alpine Lake,Lake,37.5998279,-119.3769368
Anne Lake,Lake,37.600001,-119.3662209
Big Island Lake,Lake,38.090864,-119.700658
Beasore Creek,Stream,37.4241085,-119.4068016
Big Creek,Stream,37.5393802,-119.6673804
Browns Creek,Stream,37.2993896,-119.4945815
Burro Lake,Lake,37.5324117,-119.3659548
California Creek,Stream,37.4104968,-119.5959811
Cameron Canyon,Valley,38.155963,-119.2571341
Camino Creek,Stream,37.4241085,-119.4068016
Cascade Creek,Stream,38.2054722,-119.5526689
Cathedral Creek,Stream,37.9315884,-119.5012763
Cathedral Fork,Stream,37.7671487,-119.4179341
Cattle Creek,Stream,38.1463088,-119.3671051
Chain of Lakes,Lake,38.242942,-119.5611074
Chilkoot Lake,Lake,37.4108922,-119.4803126
China Creek,Stream,37.3296662,-119.656816
Chiquito Lake,Lake,37.5358035,-119.4374988
Chittenden Lake,Lake,37.5538688,-119.37516
Cinko Lake,Lake,38.2040678,-119.5872179
Cora Lake,Lake,38.1822101,-119.5671022
Crooks Mountain,Summit,37.372368,-119.7712492
Crown Lake,Lake,38.1121907,-119.4440969
Crown Point,Summit,38.1109585,-119.4576308
Dark Hole,Basin,37.8454789,-119.6082236
Deep Canyon,Valley,38.1539457,-119.2735548
East Fork Chiquito Creek,Stream,37.5002177,-119.4112481
East Fork Granite Creek,Stream,37.5421624,-119.2676298
Echo Lake,Lake,37.8173611,-119.408657
Edson Lake,Lake,37.631589,-119.523603
Evelyn Lake,Lake,37.8061906,-119.3251155
Fairview Dome,Summit,37.8712744,-119.4038964
Fawn Lake,Lake,38.1135559,-119.7070915
Fernandez Creek,Stream,37.5902141,-119.3534731
Fletcher Peak,Summit,37.7917821,-119.3357502
Flora Lake,Lake,38.0496888,-119.8079008
Frying Pan Lake,Lake,37.6208203,-119.3643793
Gale Lake,Lake,37.5609474,-119.3816379
Gallison Lake,Lake,37.7751842,-119.3274984
Mount Gibson,Summit,37.9974341,-119.7006955
Givens Creek,Stream,37.5443809,-119.4734781
Glacier Lake,Lake,38.1157545,-119.4027742
Gordon Creek,Stream,37.3182778,-119.4065215
Grand Mountain,Summit,37.9115835,-119.5190427
Grant Lakes,Lake,37.8865513,-119.539181
Gray Creek,Stream,37.6815961,-119.4670983
Gray Peak,Summit,37.6736678,-119.4187464
Grayling Lake,Lake,37.6611379,-119.4484062
Grizzly Creek,Stream,37.5418809,-119.4832008
Grizzly Lake,Lake,37.4852529,-119.4836755
Grizzly Lake,Lake,38.196196,-119.6035488
Grizzly Peak,Summit,38.1920235,-119.6217428
Grouse Creek,Stream,38.269913,-119.7346196
Half Dome,Summit,37.7444023,-119.5340535
Hanging Basket Lake,Lake,37.7893592,-119.3314055
Hanna Mountain,Summit,38.1884393,-119.4858915
Harden Lake,Lake,37.89581,-119.6758151
Lake Harriet,Lake,38.1862558,-119.5693628
Haskell Meadow,Lake,37.3241785,-119.4339364
Lake Helen,Lake,38.0013697,-119.2922144
Lake Helen,Lake,38.1729248,-119.5665423
Hidden Lake,Lake,37.8051935,-119.4958472
Mount Hoffmann,Summit,37.8467118,-119.5106228
Hoffmann Creek,Stream,37.8093683,-119.5182184
Hoggem Lake,Lake,37.4931201,-119.5299853
Hoover Lakes,Lake,37.6082491,-119.4784268
Hunewill Peak,Summit,38.1588783,-119.4434646
Iron Creek,Stream,37.5696564,-119.6996065
Jackass Butte,Summit,37.4826293,-119.3094106
Kennedy Creek,Stream,38.2940794,-119.7301752
Labrosse Creek,Stream,38.2026974,-119.322381
Lady Lake,Lake,37.5402779,-119.3644452
Laurel Creek,Stream,37.5152148,-119.666268
Little Slide Canyon,Valley,38.1429309,-119.420435
Long Meadow Creek,Stream,37.4763278,-119.5823712
Lost Lake Creek,Stream,37.4782734,-119.4343048
Lyell Canyon,Valley,37.8682894,-119.3068826
Lyell Fork,Stream,37.8752031,-119.3521004
Maclure Creek,Stream,37.7752075,-119.2623703
Madera Creek,Stream,37.5621606,-119.3140237
Madera Peak,Summit,37.5376036,-119.3746297
Mammoth Peak,Summit,37.8554966,-119.2635036
Mary Lake,Lake,38.143765,-119.5619679
Matterhorn Canyon,Valley,37.9694001,-119.4482195
McCabe Lakes,Lake,37.9915719,-119.3355061
McGee Lake,Lake,37.9022979,-119.4303022
Merced Peak,Summit,37.6348661,-119.3945562
Mirror Lake,Lake,37.7485793,-119.5487722
Molybdenite Creek,Stream,38.315749,-119.452665
Monument Lake,Lake,37.5790174,-119.3614256
Mugler Creek,Stream,37.4377195,-119.3845781
Nelson Lake,Lake,37.8098143,-119.3768355
Norris Creek,Stream,37.495497,-119.3231858
Norris Lake,Lake,37.5272218,-119.339027
North Fork Sand Creek,Stream,37.3293886,-119.4904154
Owl Creek,Stream,37.2666127,-119.4384664
Pingree Lake,Lake,38.1344143,-119.7986414
Porcupine Creek,Stream,37.7910354,-119.53683
Post Creek,Stream,37.5810483,-119.3287485
Rainbow Lake,Lake,37.5775808,-119.3677227
Rainier Creek,Stream,37.4768832,-119.6132068
Roush Creek,Stream,37.2652238,-119.4392997
Rush Creek,Stream,37.5471575,-119.6798817
Ruth Lake,Lake,37.5763918,-119.3717781
Rutherford Lake,Reservoir,37.5980941,-119.3717344
Sand Creek,Stream,37.2991119,-119.4945814
Shirley Creek,Stream,37.558119,-119.348559
Shirley Lake,Lake,37.5596922,-119.3763605
Shuteye Peak,Summit,37.3494806,-119.4279414
Slab Lakes,Lake,37.6170212,-119.3584757
Slide Canyon,Valley,38.0525511,-119.4574652
Bridgeport Valley,Valley,38.2775713,-119.2232033
Burt Canyon,Valley,38.2551597,-119.468372
Coarse Gold Creek,Stream,37.1688359,-119.8459896
Fine Gold Creek,Stream,37.0480048,-119.6398644
Fresno River,Stream,37.0755009,-120.5607401
Grand Canyon of the Tuolumne River,Valley,37.9473923,-119.7885619
Jackass Creek,Stream,37.3721658,-119.3059608
Piute Creek,Stream,38.132417,-119.8515679
Robinson Creek,Stream,38.2724193,-119.2521
South Fork Buckeye Creek,Stream,38.1724181,-119.4715546
Spuller Lake,Lake,37.9485708,-119.2852588
Squirrel Creek,Stream,37.550213,-119.6865491
Staniford Lakes,Lake,37.5555162,-119.3591519
Steelhead Lake,Lake,37.9931407,-119.3026039
Summers Creek,Stream,38.1982538,-119.2554333
Sunrise Creek,Stream,37.7321482,-119.5134933
Timber Creek,Stream,37.3329997,-119.4862487
Timber Creek,Stream,37.571049,-119.3168023
Timber Knob,Summit,37.5886284,-119.3003569
Twin Lakes,Lake,37.5755902,-119.3413995
Lake Vernon,Lake,38.013604,-119.7246036
Walton Lake,Lake,37.6229577,-119.3645312
Washburn Point,Summit,37.7202248,-119.573098
West Fork Granite Creek,Stream,37.5421624,-119.2676298
White Chief Branch,Stream,37.4721613,-119.5862603
Wood Lake,Lake,38.1517419,-119.7568398
New Melones Lake,Reservoir,37.9836138,-120.5431665
Acker Peak,Summit,38.1089443,-119.5096537
Dana Fork,Stream,37.8752031,-119.3521004
Daulton Creek,Stream,37.0752245,-119.9884947
Deadman Canyon,Valley,36.7073292,-118.5799918
Devil Peak,Summit,37.5292392,-119.7403731
Devils Oven Lake,Lake,39.3907008,-120.3577885
Disaster Creek,Stream,38.4174102,-119.7507323
Doe Lake,Lake,38.0360909,-119.4679338
Dog Lake,Lake,37.8911755,-119.3395965
Doghead Peak,Summit,38.0521977,-119.4302247
Dorothy Lake,Lake,38.1763937,-119.5892599
Double Rock,Summit,37.8995615,-119.5726141
Eagle Creek,Stream,37.7327039,-119.6104432
Eagle Peak Creek,Stream,37.7699248,-119.6048888
Mount Eaton,Summit,37.9399201,-120.2290432
Echo Creek,Stream,37.7415936,-119.4357118
Edna Lake,Lake,37.6434753,-119.3820963
Edith Lake,Lake,38.0611566,-119.7493838
Ehrnbeck Peak,Summit,38.1373708,-119.5154861
Elevenmile Creek,Stream,37.6127099,-119.6973863
Elizabeth Lake,Lake,37.8451448,-119.3698565
Elizabeth Pass,Gap,36.5988288,-118.5762066
Emerald Pool,Lake,37.727704,-119.5423836
Emeric Creek,Stream,37.7721492,-119.3884882
Emeric Lake,Lake,37.7773452,-119.3849849
Palmer Mountain,Summit,36.7477116,-118.5692523
Panoche Creek,Stream,36.7485619,-120.5132279
Paradise Valley,Basin,38.4643539,-119.7440658
Parker Pass Creek,Stream,37.88076,-119.2682074
Pate Valley,Basin,37.9332548,-119.5968358
Perazzo Canyon,Valley,39.4697635,-120.3854147
Pettit Peak,Summit,37.9851936,-119.4801528
Picket Guard Peak,Summit,36.5766088,-118.4722102
Pinecrest Lake,Reservoir,38.1960639,-119.9823211
Piute Creek,Stream,37.9299216,-119.6007248
Piute Mountain,Summit,38.0335256,-119.5480958
Polly Dome,Summit,37.8543803,-119.4498174
Mount Prater,Summit,37.0367929,-118.4347054
Precipice Lake,Lake,36.5508152,-118.5603363
Price Peak,Summit,38.0643576,-119.530979
Pywiack Cascade,Falls,37.7871468,-119.4887719
Quarry Peak,Summit,38.0450846,-119.4193289
Quarter Domes,Summit,37.7598306,-119.5074457
Quartzite Peak,Summit,37.7156548,-119.42542
Sacate Creek,Stream,36.8843924,-119.229842
Saddle Horse Lake,Lake,37.9962367,-119.5700637
Sedge Lake,Lake,37.4736228,-119.0276629
Sampson Creek,Stream,36.8143914,-119.0531676
Sand Creek,Stream,37.4791046,-120.0307316
Schofield Peak,Summit,38.0941638,-119.676262
Seavey Pass,Gap,38.0460308,-119.52239
Sentinel Creek,Stream,37.7354815,-119.6048875
Sentinel Dome,Summit,37.7229939,-119.5843494
Sentinel Fall,Falls,37.7249264,-119.5965531
Shamrock Lake,Lake,38.0242149,-119.4547954
Mount Shinn,Summit,37.2122999,-118.9194828
Sierra Point,Summit,37.7276186,-119.5551481
Simmons Peak,Summit,37.7607004,-119.2943677
Sing Peak,Summit,37.5539119,-119.387499
Slaughter Canyon,Valley,38.4314543,-119.8819621
Smedberg Lake,Lake,38.0139658,-119.4853474
Smith Peak,Summit,37.9266845,-119.7351406
Eldorado Creek,Stream,37.4977149,-120.2387965
Dana Meadows,Lake,37.8940149,-119.2538121
Deep Canyon,Valley,37.9781796,-119.6518552
Don Pedro Reservoir,Reservoir,37.7026561,-120.3970469
Snow Creek,Stream,37.7596471,-119.5334958
Snow Creek Falls,Falls,37.7654804,-119.5348849
Snow Peak,Summit,38.1155943,-119.5713751
Soda Springs,Spring,37.878806,-119.3665645
Lake South America,Lake,36.678975,-118.4009124
South Fork Cathedral Creek,Stream,37.9168667,-119.4829416
Spotted Lakes,Lake,37.5517079,-119.4055668
Yokuts Basin,Basin,36.7332817,-119.2509517
Staircase Falls,Falls,37.7352037,-119.5748859
Starr King Lake,Lake,37.7175264,-119.5098544
Mount Starr King,Summit,37.7027935,-119.5175919
Mount Stewart,Summit,36.5696651,-118.5546552
Sunrise Mountain,Summit,37.7968207,-119.4485154
Surprise Lake,Lake,38.0222434,-119.4887914
Table Lake,Lake,37.9835524,-119.5628029
Table Mountain,Summit,36.659904,-118.4737038
Tailings Gulch,Valley,37.4900974,-120.0396047
Tallulah Lake,Lake,38.0308319,-119.4511365
Yosemite Creek,Stream,37.7424255,-119.5946096
Young Lakes,Lake,37.9372959,-119.3395309
Aido Spring,Spring,35.7154651,-120.1120936
Dagany Gap,Gap,35.7816274,-120.0090264
Dead Ox Creek,Stream,35.6780091,-118.9087066
Deer Creek,Stream,36.4563321,-118.6709281
Devilwater Creek,Stream,35.5216309,-119.8945814
Domengine Creek,Stream,36.3660629,-120.2945949
Double Hill,Summit,36.045835,-120.1007759
Eden Creek,Stream,36.4299449,-118.7337068
El Campo,Gap,35.9852317,-120.0073565
El Lobo,Summit,35.9940464,-120.0383068
El Pájaro,Summit,36.0040473,-120.0954679
El Paso,Gap,35.9499551,-120.0037458
El Piso,Summit,36.0024495,-120.0606788
El Tolete,Summit,36.0252619,-120.0654874
El Vallejo,Valley,35.7694519,-119.9092667
El Vejón,Summit,35.7818817,-119.8924074
Palo Prieto Pass,Gap,35.6310782,-120.193758
Paradise Peak,Summit,36.4772471,-118.6973482
Parejo Hill,Summit,35.9005412,-119.9393759
Pepper Grass Valley,Valley,35.8459918,-119.9175454
Pleasant Valley,Basin,36.1666215,-120.3343151
Polonio Pass,Gap,35.7235763,-120.1932005
Polvadero Gap,Gap,36.1232879,-120.1995864
Poso Ortega,Lake,35.5205733,-120.0953509
Rabbit Gulch,Valley,35.6590982,-118.8045192
Spring in Bush,Spring,35.8923998,-120.2905198
Spring Mountain Gulch,Valley,35.7020856,-118.8395985
Lake Success,Reservoir,36.0800521,-118.9110575
Sunflower Valley,Basin,35.8057943,-120.074306
Surprise Arroyo,Stream,36.0810658,-120.1418063
Tar Gap,Gap,36.423554,-118.6434272
Alder Creek,Stream,37.5768782,-119.6984957
Amelia Earhart Peak,Summit,37.786393,-119.2882249
Andrews Peak,Summit,38.0393425,-119.6794763
Arndt Lake,Lake,38.0756972,-119.5044938
Avalanche Peak,Summit,36.7655008,-118.582331
Babcock Lake,Lake,37.7570933,-119.3965106
Barton Peak,Summit,36.6916016,-118.5991015
Basket Dome,Summit,37.7632763,-119.5510817
Bear Creek,Stream,36.5168929,-119.0189933
Bear Valley,Basin,38.0229754,-119.58517
Beardsley Lake,Reservoir,38.2147612,-120.0608134
Bearup Lake,Lake,38.0620665,-119.7022635
Bellyache Canyon,Valley,37.490968,-120.0588858
Benson Lake,Lake,38.0153612,-119.529468
Berenda,Populated Place,37.0402237,-120.1535014
Bernice Lake,Lake,37.7662132,-119.3325311
Berry Creek,Stream,39.6007359,-120.4246542
Big Bird Lake,Lake,36.6215951,-118.5934012
Bishop Creek,Stream,37.6074323,-119.7209987
Black Kaweah,Summit,36.5453837,-118.5158296
Blue Canyon Lake,Lake,38.2977407,-119.6654843
Bodie Creek,Stream,38.3865851,-118.9365306
Mount Bolton Brown,Summit,37.0461295,-118.4410291
Bond Pass,Gap,38.1735277,-119.6104486
Bonta Creek,Stream,39.5662925,-120.3635407
Boothe Lake,Lake,37.7998981,-119.34782
Breeze Lake,Lake,37.5760633,-119.3919544
Bridgeport Reservoir,Reservoir,38.2922141,-119.2275985
Mount Broderick,Summit,37.7335319,-119.5351485
Bronco Creek,Stream,39.3835191,-120.0210298
Buck Creek,Stream,37.5421586,-119.4868122
Buckeye Pass,Gap,38.1299187,-119.4793326
Budd Creek,Stream,37.8760359,-119.3843243
Budd Lake,Lake,37.8416088,-119.3956704
Bunnell Cascade,Falls,37.7452037,-119.4718252
Bunnell Point,Summit,37.7390646,-119.4671742
Burnt Point Creek,Stream,36.5777243,-118.8945466
Burro Pass,Gap,38.0899204,-119.3934952
California Falls,Falls,37.9160341,-119.4401617
Caltech Peak,Summit,36.6884149,-118.3904881
Camp Creek,Stream,38.0479758,-119.4634985
Canyon Two,Valley,39.4371561,-120.0903658
Canyon Twentytwo,Valley,39.4410239,-120.0158376
Canyon Twentythree,Valley,39.4348527,-120.0249447
Canyon Twentyfour,Valley,39.4316593,-120.0305968
Canyon Three,Valley,39.4494786,-120.1033549
Canyon Four,Valley,39.4655206,-120.1038457
Carson Creek,Stream,37.4813267,-120.0212869
Cathedral Lakes,Lake,37.8450633,-119.4243441
Cathedral Pass,Gap,37.8346473,-119.4148803
Cathedral Peak,Summit,37.8478289,-119.4056214
Catheys Mountain,Summit,37.4691167,-120.0647318
Catheys Valley,Populated Place,37.4324391,-120.0979551
Catheys Valley,Valley,37.4109495,-120.1090796
Cavallada Creek,Stream,37.4813267,-120.0393432
Center Mountain,Summit,38.1443949,-119.489284
Chain Lakes,Lake,37.5694062,-119.4064603
Chilnualna Creek,Stream,37.5457688,-119.6362675
Chiquito Pass,Gap,37.541604,-119.4395865
Chittenden Peak,Summit,38.0983383,-119.6189768
Clark Canyon,Valley,37.7411106,-119.4317261
Clark Fork,Stream,37.6763178,-119.5096005
Mount Clark,Summit,37.6963726,-119.4286126
Cloud Canyon,Valley,36.707269,-118.5791552
Clouds Rest,Summit,37.7678248,-119.4891962
Colby Mountain,Summit,37.9111972,-119.5393845
Colby Pass,Gap,36.6185489,-118.5012057
Cold Canyon,Valley,37.9137104,-119.4151233
Cold Mountain,Summit,37.9502106,-119.4275216
Mount Conness,Summit,37.967053,-119.3213951
Cottonwood Creek,Stream,38.3824114,-119.825179
Craig Peak,Summit,38.129239,-119.5591941
Crazy Mule Gulch,Valley,38.0518887,-119.4747586
Ice Lakes,Lake,39.2978597,-120.3826149
Illilouette Falls,Falls,37.7138159,-119.5618282
Illilouette Gorge,Valley,37.7253718,-119.5559104
Indian Canyon Creek,Stream,37.7438144,-119.5818312
Indian Rock,Summit,37.782555,-119.5514662
Ireland Creek,Stream,37.8254836,-119.2779283
Ireland Lake,Lake,37.7887771,-119.3045414
Iron Creek,Stream,37.6340976,-118.0442685
Iron Spring,Spring,37.7437547,-119.5538259
Irwin Bright Lake,Lake,37.9891986,-119.5598882
Jack Main Canyon,Valley,38.0376425,-119.7099879
Jawbone Creek,Stream,37.8838132,-119.991572
Jenkins Canyon,Valley,38.4321913,-119.8788449
Jenkinson Lake,Reservoir,38.7232336,-120.555845
Johnson Peak,Summit,37.8351337,-119.3488657
Mount Jordan,Summit,36.6822482,-118.449785
Kaweah Basin,Basin,36.5452157,-118.4814817
Kaweah Gap,Gap,36.5563283,-118.5512053
Mount Kaweah,Summit,36.5260095,-118.4785526
Kern Point,Summit,36.5966848,-118.4448914
Kerrick Canyon,Valley,38.0389218,-119.6205628
Keyes Peak,Summit,38.1395248,-119.5916118
Kuna Creek,Stream,37.7921515,-119.2604263
La Mineta Gulch,Valley,37.4679906,-120.0229761
Le Conte Falls,Falls,37.9232559,-119.4523847
Le Conte Point,Summit,37.9462709,-119.7069542
Leavitt Peak,Summit,38.2861122,-119.6512289
Lehamite Creek,Stream,37.7571472,-119.5823873
Lembert Dome,Summit,37.8818984,-119.3470244
Liberty Cap,Summit,37.7285576,-119.5324562
Lion Lake,Lake,36.5887283,-118.5402244
Lion Lake,Lake,38.4366028,-120.041683
Lion Rock,Summit,36.5823477,-118.5419872
Lippincott Mountain,Summit,36.5211685,-118.5631057
Little Robinsons Valley,Valley,39.1531932,-120.4872477
Lone Pine Creek,Stream,36.5641074,-118.6025953
Long Valley,Basin,37.6724322,-118.7612406
Longley Pass,Gap,36.6891037,-118.480096
Loon Lake,Reservoir,38.9971683,-120.3094954
Moore Creek,Stream,36.5605047,-119.157611
Moraine Dome,Summit,37.7431542,-119.490216
Moraine Mountain,Summit,37.5913522,-119.4538252
Morrison Creek,Stream,37.9182551,-119.6254479
Mud Lake,Lake,38.1511036,-119.9037256
Muir Gorge,Valley,37.9397869,-119.534559
Murdock Lake,Lake,38.0028912,-119.5050738
Murphy Creek,Stream,37.832702,-119.4640496
Murry Creek,Stream,36.5382818,-119.0356611
Neall Lake,Lake,37.9871981,-119.5045324
Negro Hill,Summit,37.4757832,-120.0178297
Nevada Fall,Falls,37.7252042,-119.5337718
Night Cap Peak,Summit,38.3075003,-119.6911863
Nine Lake Basin,Basin,36.5629947,-118.5384274
Lake Number Three,Lake,38.9252015,-120.230087
Lake Number Five,Lake,38.9151619,-120.2316069
Lake Number Nine,Lake,38.9088516,-120.2182388
North Dome,Summit,37.7568642,-119.5599806
North Peak,Summit,37.982191,-119.3150718
Obelisk Lake,Lake,37.70395,-119.4154359
Ostrander Rocks,Summit,37.6927527,-119.5935469
Ottoway Creek,Stream,37.6335433,-119.4526496
Ouzel Creek,Stream,36.7249361,-118.444541
Rafferty Creek,Stream,37.8690927,-119.3232099
Ragged Peak,Summit,37.9328728,-119.3534151
Rail Road Flat,Populated Place,38.3432471,-120.5121479
Rancheria Falls,Falls,37.9549208,-119.7104519
Rancheria Mountain,Summit,37.969605,-119.6006824
Red Creek,Stream,37.6777067,-119.5051559
Red Peak,Summit,37.6537248,-119.4094953
Redtop,Summit,37.5459246,-119.4029799
Register Creek,Stream,37.9396437,-119.534889
Regulation Creek,Stream,37.9649219,-119.4471078
Richardson Peak,Summit,38.0837003,-119.6926396
River Valley,Valley,36.5381617,-118.6409011
Rock Island Lake,Lake,38.0738445,-119.4738846
Rockslide Lake,Lake,36.5763261,-118.4412041
Rodgers Canyon,Valley,37.9400027,-119.5345221
Rodgers Lake,Lake,37.9952685,-119.4942486
Rogers Spring,Spring,37.225015,-119.82846
Royal Arch Cascade,Falls,37.7496473,-119.5707198
Royal Arch Creek,Stream,37.7449254,-119.5721085
Rushing Mountain,Summit,37.8284595,-120.5683494
Berenda Slough,Lake,37.1591273,-120.1215555
Bluejay Creek,Stream,37.7818689,-119.6118337
Breeze Creek,Stream,37.9782537,-119.6504498
Cherry Lake,Reservoir,38.0007444,-119.9068913
Chowchilla River,Stream,37.1057779,-120.5104619
Little Yosemite Valley,Valley,37.7258474,-119.5292639
Ross Reservoir,Reservoir,38.1170442,-120.5135913
Temple Crag,Summit,37.1097185,-118.4913271
Ten Lakes,Lake,37.8999223,-119.5204429
Tenaya Creek,Stream,37.7432588,-119.5684971
Tenaya Lake,Lake,37.8312632,-119.460557
Tenaya Peak,Summit,37.8285222,-119.4432344
Texas Gulch,Valley,37.4791295,-120.0298202
The Dardanelles,Summit,38.4045611,-119.8719574
The Thumb,Summit,37.07148,-118.4459775
Thompson Lake,Lake,37.2023955,-118.9580655
The Three Chimneys,Summit,38.2532586,-119.8016833
Thunder Mountain,Summit,36.6689524,-118.4757769
Tilden Canyon,Valley,38.0268626,-119.6285617
Tilden Canyon Creek,Stream,38.0263084,-119.6282271
Tilden Creek,Stream,38.0932514,-119.629616
Tilden Lake,Lake,38.1043551,-119.6033391
Tiltill Mountain,Summit,38.0282233,-119.6659398
Tiltill Valley,Valley,37.9721216,-119.7060278
Mount Tinemaha,Summit,37.0363142,-118.3963669
Tioga Pass,Gap,37.9110371,-119.25793
Tragedy Spring,Spring,38.6398065,-120.1469915
Triple Divide Peak,Summit,36.5928837,-118.5307556
Tulloch Reservoir,Reservoir,37.8965949,-120.5884316
Tulloch Mountain,Summit,37.8827773,-120.5626019
Tuolumne Falls,Falls,37.9057568,-119.4176603
Tuolumne Meadows,Reservoir,37.8775599,-119.3770141
Tuolumne Pass,Gap,37.8046495,-119.3401533
Tuolumne Peak,Summit,37.8752464,-119.4846804
Unicorn Creek,Stream,37.8746473,-119.3684902
Union Reservoir,Reservoir,38.4334336,-119.9904086
Fletcher Lake,Lake,37.7966564,-119.3409545
Upper McCabe Lake,Lake,37.9957066,-119.3232002
Utica Reservoir,Reservoir,38.434842,-120.003223
Valhalla,Valley,36.5655997,-118.5986695
Verdi Peak,Summit,39.472374,-120.0396315
Vernal Fall,Falls,37.7287568,-119.546206
Vidette Lakes,Lake,36.743093,-118.4089956
Virginia Lake,Lake,37.9618643,-119.4272999
Virginia Peak,Summit,38.0658507,-119.3578929
Vogelsang Lake,Lake,37.7868983,-119.3435511
Vogelsang Peak,Summit,37.7773653,-119.3495213
Volunteer Peak,Summit,38.0060856,-119.4884021
Ward Mountain,Summit,37.2205514,-118.8944816
Waterwheel Falls,Falls,37.9268669,-119.458774
Mount Watkins,Summit,37.7828327,-119.5176494
Wells Peak,Summit,38.1225214,-119.528628
Wells Peak,Summit,38.3965489,-119.5834468
West Point,Populated Place,38.3990786,-120.527426
Wheeler Peak,Summit,38.1003756,-119.7319471
White Cascade,Falls,37.9085345,-119.4196049
White Fir Creek,Stream,37.9826991,-119.9162918
White Mountain Peak,Summit,37.6340283,-118.2556316
Whorl Mountain,Summit,38.0741212,-119.3834283
Wildcat Point,Summit,37.9282847,-119.4428426
Wilma Lake,Lake,38.0710927,-119.6415042
Wilson Creek,Stream,38.0026992,-119.4262744
Antelope Valley,Valley,35.6735535,-119.9653891
Arroyo del Conejo,Stream,35.9310665,-119.9584671
Arroyo del Paso,Stream,35.9455105,-119.9626338
Arroyo Ancho,Stream,35.766627,-119.9193011
Arroyo Bifido,Stream,36.0682875,-120.0812487
Arroyo Chico,Stream,35.9999552,-120.1048597
Arroyo Ciervo,Stream,36.5166171,-120.4643296
Arroyo Conchoso,Stream,35.9768998,-120.0754145
Arroyo Corto,Stream,36.050789,-120.1770849
Arroyo Culebrino,Stream,35.9491212,-119.9070767
Arroyo Curvo,Stream,36.0152335,-120.1423611
Arroyo Delgado,Stream,35.9530114,-120.051803
Arroyo Doblegado,Stream,36.0393978,-120.0084681
Arroyo Escaso,Stream,35.9349558,-120.0187466
Arroyo Esquinado,Stream,36.0121777,-120.1279161
Arroyo Estrecho,Stream,35.971065,-119.9248547
Arroyo Finito,Stream,36.0430091,-120.0215241
Arroyo Largo,Stream,36.0963429,-120.0870825
Arroyo Larguito,Stream,36.0238447,-120.1581951
Arroyo Mellado,Stream,35.9888443,-120.0956928
Arroyo Menudo,Stream,35.8732909,-120.0001358
Arroyo Murado,Stream,36.046621,-120.0737481
Arroyo Pequeño,Stream,36.0432869,-120.0256909
Arroyo Petreo,Stream,35.8532913,-119.9745797
Arroyo Pino,Stream,35.9874535,-119.9387438
Arroyo Pinoso,Stream,36.000792,-120.3162572
Arroyo Ramoso,Stream,35.9580113,-120.0576365
Arroyo Raso,Stream,35.944678,-120.0345803
Arroyo Recodo,Stream,35.897734,-119.919022
Arroyo Recto,Stream,36.0757888,-120.2043082
Arroyo Robador,Stream,36.0016198,-119.9465216
Arroyo Seco,Stream,36.1071768,-120.1643073
Arroyo Somero,Stream,35.9985664,-120.105693
Arroyo Torcido,Stream,36.071898,-120.0393029
Arroyo Tozo,Stream,35.8227361,-119.8895774
Arroyo Vadoso,Stream,36.1085653,-120.1209727
Avenal Creek,Stream,35.774962,-120.0745843
Avenal Gap,Gap,35.8399582,-119.9473568
Barrel Valley,Valley,35.655464,-120.0949256
Bitterwater Creek,Stream,35.6416297,-119.9509708
Bitterwater Valley,Valley,35.5848752,-119.9688993
Broken Hill,Summit,35.9731956,-119.980592
Bud Canyon,Valley,35.6750279,-120.4079841
Cahoon Creek,Stream,36.4182776,-118.7009282
Canoas Creek,Stream,36.0680113,-120.2059749
Cascajo Hill,Summit,35.7835137,-119.9179638
Castle Rocks,Summit,36.4960687,-118.7024237
Cerro del Sur,Summit,35.7646774,-119.8898228
Chalaney Creek,Stream,35.8227298,-118.8314813
Choice Valley,Valley,35.615125,-120.1719321
Coalinga Mineral Springs,Spring,36.1444031,-120.5554387
Cottonwood Creek,Stream,35.8044095,-120.3409839
Cow Canyon,Valley,35.7420041,-118.0788467
Jacalitos Creek,Stream,36.1474545,-120.2637556
Lake Kaweah,Reservoir,36.40533,-118.97766
Kings River,Stream,36.0499522,-119.824575
La Brecha,Gap,35.8938456,-119.9779126
La Caldera,Basin,35.9571771,-120.0068013
La Cañada Simada,Valley,36.0393999,-120.1666246
La Cima,Summit,36.0038556,-120.0570676
La Lomica,Summit,35.9493248,-119.9595904
La Luneta,Summit,36.0769034,-120.187738
La Marmita,Basin,36.0152313,-120.0109678
La Morra,Summit,35.9179368,-119.9934556
La Oveja,Summit,35.9843597,-120.0629872
La Palomera,Summit,36.0064072,-120.0264253
La Portería,Gap,35.897734,-119.9195776
La Salida,Gap,35.9318996,-119.9384666
La Zanja,Valley,35.8527028,-119.939274
Little Five Lakes,Lake,36.4904539,-118.5374443
Long Canyon,Valley,35.630685,-118.3417465
Los Gatos Creek,Stream,36.2221749,-120.1245853
Mustang Hill,Summit,35.9818413,-119.9857996
Nicolls Peak,Summit,35.6196363,-118.2978013
Number Seven Spring,Spring,35.9473102,-120.2728989
Oil Canyon,Valley,36.2238116,-120.3557863
Orchard Peak,Summit,35.7382063,-120.133784
Oriole Lake,Lake,36.460033,-118.7368102
Packwood Creek,Stream,35.6296861,-120.0023619
Ragged Valley,Valley,36.328131,-120.3652494
Raven Pass,Gap,35.6330206,-120.0709755
Red Hill,Summit,36.0668516,-118.6267442
Tule River,Stream,36.0496744,-119.8242972
Tumey Gulch,Valley,36.5857423,-120.5946483
Walker Pass,Gap,35.6624527,-118.0267399
Warthan Creek,Stream,36.1463443,-120.3398708
Weldon,Populated Place,35.6657864,-118.2903579
Whitman Creek,Stream,36.3952215,-118.666205
Wildcat Creek,Stream,35.6977311,-118.8381481
Willow Spring,Spring,35.8690014,-120.2842729
Willow Spring Creek,Stream,35.7177308,-118.9267628
Chinquapin Basin,Basin,36.3113904,-118.3689308
Roads End,Populated Place,35.9266155,-118.4992534
Pineridge,Populated Place,37.0632815,-119.3609609
Pass Creek,Stream,39.5018457,-120.5496565
Mount Abbot,Summit,37.3863529,-118.7848306
Aberdeen,Populated Place,36.9779897,-118.2534321
Abrams Ravine,Valley,39.0699158,-120.5346603
Ackerson Creek,Stream,37.821036,-119.8757346
Ackerson Mountain,Summit,37.8382929,-119.8677579
Acrodectes Peak,Summit,36.8606857,-118.3751609
Adobe Creek,Stream,37.938541,-118.6820745
Adobe Lake,Lake,37.970168,-118.643203
Adobe Reservoir,Reservoir,37.8759385,-118.7318772
Adolphus Canyon,Valley,38.6182079,-119.7786779
Agassiz Col,Gap,37.1068781,-118.5298282
Mount Agassiz,Summit,37.1118775,-118.5307554
Mount Aggie,Summit,37.5457798,-118.8426788
Agnew Lake,Lake,37.7550268,-119.1349482
Agnew Meadows,Lake,37.6850409,-119.0981691
Agnew Pass,Gap,37.7338208,-119.1434774
Ahwahnee,Populated Place,37.3654982,-119.7262667
Airola Peak,Summit,38.4575146,-119.8154249
Al Rose Canyon,Valley,36.9175684,-118.0836513
Alder Creek,Stream,37.8493698,-120.0282397
Alder Creek,Stream,38.7660172,-120.3796409
Alger Creek,Stream,37.7807637,-119.1270903
Alger Lakes,Lake,37.7955363,-119.1795371
Lake Aloha,Reservoir,38.8672177,-120.1456938
Alpers Canyon,Valley,37.754042,-118.9268002
Alpine Col,Gap,37.2148379,-118.6947257
Alta Peak,Summit,36.5904927,-118.6634176
Altha Lake,Lake,37.7124249,-119.1451735
Ambition Lake,Lake,37.0771293,-118.7518288
American Lake,Lake,38.8557282,-120.1355192
Amphitheater Lake,Lake,37.0428882,-118.5102053
Anderson Peak,Summit,39.2590339,-120.2971744
Andesite Peak,Summit,39.351027,-120.3666004
Andrew Gray Creek,Stream,39.2124021,-120.5965964
Angel Creek,Stream,38.9687947,-120.3910296
Lake Angela,Reservoir,39.3240769,-120.3264365
Angora Creek,Stream,38.8749075,-120.0201828
Angora Lakes,Lake,38.8626843,-120.0677366
Angora Peak,Summit,38.8670578,-120.0730365
Anne Lake,Lake,37.4606246,-118.9909074
Anona Lake,Lake,37.6091989,-119.1486786
Antelope Lake,Lake,37.8914259,-118.5704873
Antelope Mountain,Summit,37.8912136,-118.5546247
Antelope Spring,Spring,37.3310412,-118.0873188
Antelope Spring,Spring,37.6151396,-118.564278
Antelope Valley,Valley,38.7249688,-119.4329195
Antelope Valley,Valley,39.6789005,-120.3152463
Antoine Canyon,Valley,39.1393137,-120.5836966
Apollo Lake,Lake,37.333368,-118.8916062
Arc Pass,Gap,36.5515687,-118.2709466
Arctic Lake,Lake,36.5828018,-118.3078026
Arctic Lake,Lake,37.1300114,-118.7969585
Armstrong Canyon,Valley,36.9640045,-118.3263067
Armstrong Hill,Summit,38.5421265,-120.3843329
Armstrong Pass,Gap,38.8324066,-119.9124023
Arnot Creek,Stream,38.4018553,-119.7993449
Arnot Peak,Summit,38.4728253,-119.7596305
Arrow Peak,Summit,36.9285214,-118.4908809
Arrowhead Lake,Lake,37.4255976,-118.9483462
Arrowhead Lake,Lake,37.583276,-118.9789183
Artist Creek,Stream,37.7174269,-119.6729459
Artist Point,Summit,37.7121443,-119.6748774
Asa Lake,Lake,38.5032193,-119.7698824
Ash Peaks,Summit,36.5251265,-118.8486656
Ashley Lake,Lake,37.616922,-119.1561595
Aspen Creek,Stream,38.8126853,-120.085463
Aspen Valley,Basin,37.8315905,-119.7751756
Aster Lake,Lake,36.6026532,-118.679062
Atastra Creek,Stream,38.2718612,-119.022921
Auberry Valley,Valley,37.0108892,-119.5735474
Lake Audrian,Lake,38.8189325,-120.043907
Avalanche Creek,Stream,37.6799288,-119.7337809
Avalanche Lake,Lake,37.309936,-119.167736
Avalanche Lake,Lake,38.1149334,-119.3911065
Avalanche Lake,Lake,38.8333655,-120.1234157
Azalea Lake,Lake,39.3348328,-120.3286457
Azure Lake,Lake,38.920692,-120.124297
Babbitt Peak,Summit,39.602339,-120.1057231
Baboon Lakes,Lake,37.1681416,-118.6240074
Backbone Creek,Stream,37.1105041,-119.4715221
Backbone Mountain,Summit,37.0738366,-119.4648612
Bacon Gulch,Valley,38.0799441,-119.1459382
Badenaugh Canyon,Valley,39.6307521,-120.199201
Badger,Populated Place,36.6313367,-119.0131624
Badger Creek,Stream,36.6182811,-119.0006616
Badger Lakes,Lake,37.727231,-119.1493052
Badger Pass,Gap,37.6657628,-119.6546087
Mount Bago,Summit,36.7699936,-118.4380879
Bairs Creek,Stream,36.7246544,-118.1356472
Baker Creek,Stream,37.1835414,-118.3037135
Balch Camp,Populated Place,36.9030027,-119.1231713
Bald Mountain,Summit,36.7660196,-119.2032651
Bald Mountain,Summit,37.0620971,-119.4003945
Bald Mountain,Summit,37.7838148,-118.9012371
Bald Mountain,Summit,37.8554501,-119.7904854
Bald Mountain,Summit,38.0081844,-120.363151
Bald Mountain,Summit,38.4194184,-120.4420834
Bald Mountain,Summit,38.7666133,-120.2220357
Bald Mountain Spring,Spring,37.792694,-118.881104
Ball Dome,Summit,36.6830424,-118.7041673
Balloon Dome,Summit,37.4646767,-119.2266281
Balls Canyon,Valley,39.6647756,-120.0299593
Baltimore Lake,Lake,39.3917468,-120.530982
Banner Peak,Summit,37.696442,-119.1947426
Barasco Gulch,Valley,37.7875865,-118.4750462
Mount Barcroft,Summit,37.5821456,-118.2481509
Barker Pass,Gap,39.0762958,-120.2338034
Barker Peak,Summit,39.0794793,-120.2389193
Mount Barnard,Summit,36.6284032,-118.3215994
Barnes Mountain,Summit,37.0118797,-119.2487235
Barney Lake,Lake,37.5653187,-118.9692416
Barney Riley Creek,Stream,38.7579613,-119.6582279
Barrel Spring,Spring,37.6465971,-119.766281
Barrel Springs,Spring,36.891205,-118.073694
Barrett Lakes,Lake,37.0852258,-118.5340239
Lake Barrett,Lake,37.5956835,-119.0066941
Barts Creek,Stream,39.0143503,-120.3771404
Basin Creek,Stream,36.9068914,-119.1076153
Basin Creek,Stream,38.3007478,-120.0090737
Basin Mountain,Summit,37.2961432,-118.6604094
Basin Peak,Summit,39.3822872,-120.3641225
Bass Lake,Populated Place,37.3246665,-119.5662539
Bassella Creek,Stream,38.2265844,-120.4682571
Bassi Falls,Falls,38.8926091,-120.3302972
Bassi Fork,Stream,38.8812954,-120.3463059
Bath Mountain,Summit,38.0581826,-119.4648651
Battalion Lake,Lake,37.0571571,-118.7396864
Baxter Creek,Stream,36.8463237,-118.3775981
Baxter Pass,Gap,36.8353173,-118.375801
Baxter Spring,Spring,37.8860451,-118.8369687
Mount Baxter,Summit,36.8614378,-118.3622199
Beanville Creek,Stream,38.7629631,-120.3021377
Bear Butte,Summit,37.2438285,-119.1353931
Bear Creek,Stream,36.7974478,-119.1765055
Bear Creek,Stream,37.3204984,-118.9912284
Bear Creek,Stream,37.9774222,-120.0187946
Bear Creek,Stream,38.8468485,-120.5071457
Bear Creek Spire,Summit,37.3680534,-118.7676077
Bear Dome,Summit,37.3302774,-118.9508753
Bear Lake,Lake,37.3728207,-118.7307198
Bear Lake,Lake,38.1754203,-119.8642159
Bear Lake,Lake,39.0493379,-120.2282384
Bear Meadow,Lake,38.091978,-119.909227
Bear Meadow Creek,Stream,38.6790722,-120.4771453
Bear Mountain,Summit,37.8552646,-119.890019
Bear Mountain,Summit,36.746716,-119.279826
Bear Spring,Spring,39.0671254,-120.5702036
Bear Springs,Spring,39.0152526,-120.4868174
Bear Springs Creek,Stream,37.922424,-120.0668515
Bear Trap Creek,Stream,39.1110139,-120.5793714
Bear Twin Lakes,Lake,37.3524587,-118.8859406
Bear Valley,Valley,39.5202095,-120.5553964
Bear Valley Creek,Stream,39.6490718,-120.224649
Bear Wallow,Basin,36.8785579,-119.0740025
Bear Wallow Creek,Stream,36.9635581,-119.1287279
Bear Paw Lake,Lake,37.331056,-118.7945346
Bearskin Creek,Stream,36.7607788,-118.8995504
Beartrap Lake,Lake,37.3415899,-118.8220005
Beauty Lake,Lake,38.8558336,-120.2358705
Beck Lakes,Lake,37.6374882,-119.1568635
Bee Springs,Spring,36.8093759,-118.0628678
Bee Springs Canyon,Valley,36.8051894,-118.0705647
Beebe Lake,Lake,38.6058991,-120.0598742
Beer Creek,Stream,37.3596531,-118.0323174
Bell Creek,Stream,38.1410289,-119.9671271
Bellfout Canyon,Valley,38.4973811,-120.1368936
Bench Canyon,Valley,37.6678629,-119.2416218
Bench Lake,Lake,36.761992,-118.362
Bench Lake,Lake,36.9485092,-118.4633125
Bench Valley,Basin,37.09174,-118.79466
Bendorf Spring,Spring,38.653005,-120.4793135
Benson Pass,Gap,38.0151985,-119.4609983
Benton,Populated Place,37.819099,-118.4765094
Benton Hot Springs,Populated Place,37.8002103,-118.5290107
Bergona Lake,Lake,38.0926435,-119.332566
Berts Lake,Lake,38.975936,-120.3302785
Beryl Lake,Lake,37.1782274,-119.1067312
Beville Lake,Lake,36.6608376,-118.6915859
Beyers Lakes,Lake,39.385125,-120.5550364
Big Bear Lake,Lake,37.3322956,-118.8024111
Big Chief Lake,Lake,37.2668304,-118.8225273
Big Creek,Stream,37.8107589,-119.9399036
Big Creek,Stream,37.2102239,-119.3304047
Big Creek Basin,Basin,37.7738151,-119.9057356
Big Creek Canyon,Valley,37.2098407,-119.3290039
Big Granite Creek,Stream,39.223792,-120.5293719
Big Grizzly Creek,Stream,37.7029841,-119.8648988
Big Grizzly Mountain,Summit,37.7179277,-119.89572
Big Hill,Summit,38.8423336,-120.4072754
Big Hill Canyon,Valley,38.8318883,-120.43986
Big Jackass Creek,Stream,37.7788178,-120.2721352
Big Lake,Lake,38.1224126,-119.7977846
Big McGee Lake,Lake,37.488578,-118.8404718
Big Meadow Creek,Stream,38.0524202,-119.4573871
Big Meadow Creek,Stream,38.8021293,-120.0168495
Big Meadows Creek,Stream,36.7396664,-118.7837127
Big Moccasin Lake,Lake,37.2757608,-118.8002669
Big Mountain,Summit,38.5765182,-120.5049319
Big Pebble Canyon,Valley,38.6964312,-120.4478358
Big Pine Creek,Stream,37.1727081,-118.2595452
Big Pine Lake,Lake,37.1268769,-118.4878839
Big Pine Spring,Spring,37.167984,-118.3698563
Big Pothole Lake,Lake,36.7709707,-118.3727486
Big Rattlesnake Creek,Stream,38.3579704,-120.185747
Big Reservoir,Reservoir,38.5473199,-120.5565714
Big Sandy Creek,Stream,37.0621714,-119.5679159
Big Sandy Valley,Valley,37.0416693,-119.501972
Big Silver Creek,Stream,38.8657388,-120.418531
Big Spring,Spring,39.149233,-120.269544
Big Springs,Spring,36.6530691,-118.9067752
Big Springs,Spring,37.7506672,-118.9408908
Bigelow Lake,Lake,38.1554905,-119.6370532
Bigelow Peak,Summit,38.1491375,-119.62799
Bighorn Lake,Lake,37.4684901,-118.8791302
Bighorn Lake,Lake,37.5291761,-118.8800504
Bill Lake,Lake,37.2999662,-119.2011139
Billy Creek,Stream,37.2371673,-119.2304001
Billy Hill,Summit,39.4282472,-120.1819829
Billy Lake,Lake,37.7541028,-119.1622799
Billy Mack Canyon,Valley,39.3203675,-120.2901758
Bingaman Lake,Lake,37.845716,-119.246027
Birch Creek,Stream,37.0674328,-118.2637109
Birch Creek,Stream,37.319375,-118.0356501
Birch Creek,Stream,37.3743744,-118.4842815
Birch Lake,Lake,37.8796198,-119.8558028
Birchim Lake,Lake,37.3481157,-118.7385218
Bishop Creek,Stream,37.3524298,-118.460113
Bishop Lake,Lake,37.1213622,-118.5505024
Bishop Pass,Gap,37.114656,-118.5448288
Black Bear Lake,Lake,37.3369971,-118.794769
Black Bear Lake,Lake,38.1514347,-119.6498901
Black Birch Canyon,Valley,37.4670478,-118.0155803
Black Canyon,Valley,37.8693717,-118.6310904
Black Canyon,Valley,36.8746663,-118.2888653
Black Canyon,Valley,37.2902128,-118.2723419
Black Giant,Summit,37.1022388,-118.6487071
Black Hawk Lake,Lake,38.2109855,-119.7127179
Black Hawk Mountain,Summit,38.2059705,-119.708986
Black Lake,Lake,37.1323186,-118.4945308
Black Lake,Lake,37.818231,-118.5776348
Black Mountain,Summit,36.8091478,-118.3780119
Black Mountain,Summit,37.012918,-119.4521682
Black Mountain,Summit,37.667165,-120.0068542
Black Mountain,Summit,37.8185376,-118.634582
Black Mountain,Summit,38.038688,-119.2786795
Black Peak,Summit,37.1818116,-119.0507661
Black Point,Summit,37.2382861,-119.2598534
Black Point,Summit,38.0279327,-119.0969955
Black Rock Creek,Stream,36.9177241,-119.0290012
Black Rock Lake,Lake,38.5915659,-120.0730291
Black Rock Reservoir,Reservoir,36.9208701,-119.0184702
Black Spring,Spring,37.7196236,-119.6607639
Black Spring,Spring,38.3751923,-120.1926918
Blackbird Lake,Lake,38.177717,-119.673364
Blackcap Basin,Basin,37.0663283,-118.770941
Blackcap Mountain,Summit,37.0719858,-118.7935793
Blackrock Lake,Lake,37.1291799,-118.8135233
Blackrock Springs,Spring,36.9296557,-118.2337087
Blackstone Creek,Stream,37.7535394,-120.0924084
Blacktop Peak,Summit,37.7937286,-119.1961395
Blackwood Creek,Stream,39.1074071,-120.1579683
Blade Creek,Stream,37.3716085,-119.85933
Blanco Mountain,Summit,37.4657183,-118.1630395
Blind Spring Valley,Valley,37.81771,-118.5114716
Bloodsucker Lake,Lake,38.8358982,-120.2105124
Bloody Canyon,Valley,37.8948473,-119.1268535
Bloody Lake,Lake,37.5594694,-118.918946
Bloody Mountain,Summit,37.5605545,-118.9067592
Bloody Ravine,Valley,39.1022058,-120.5178441
Blue Canyon,Valley,38.3293767,-120.0997
Blue Canyon Peak,Summit,37.0283146,-118.7093892
Blue Creek,Stream,38.5749087,-119.9112928
Blue Creek,Stream,38.4626892,-120.3740873
Blue Eyes Canyon,Valley,39.0882043,-120.533767
Blue Heaven Lake,Lake,37.1696104,-118.660663
Blue Hole,Lake,38.497471,-120.1370021
Blue Lake,Lake,37.1842352,-118.6195994
Blue Lake,Lake,37.6799414,-119.2823874
Blue Lake,Lake,38.0032568,-119.2457102
Blue Lake,Lake,38.0511356,-119.2703275
Blue Mountain,Summit,38.8485702,-120.1977405
Bluff Lake,Lake,37.1773166,-118.549524
Bobby Lake,Lake,37.2974336,-119.1917166
Bog Mound Springs,Spring,37.2913192,-118.0506501
Bohler Canyon,Valley,37.9010085,-119.1263266
Bonanza Gulch,Valley,36.8921147,-118.0824531
Bonell Gulch,Valley,37.7017698,-119.9842249
Bonnie Lake,Lake,37.2975003,-119.1949324
Boomerang Lake,Lake,38.8725555,-120.1940436
Bootles Canyon,Valley,38.4234359,-119.4514874
Boron Springs,Spring,36.7902108,-118.2734302
Boston Flat Gulch,Valley,38.3926867,-120.4599826
Bottleneck Lake,Lake,37.1857558,-118.6467936
Boundary Creek,Stream,37.6043814,-119.0826325
Boundary Lake,Lake,38.0885802,-119.7896919
Bourland Creek,Stream,38.0199211,-120.0129611
Box Lake,Lake,37.4149122,-118.754147
Box Spring,Spring,38.0268976,-120.0697031
Mount Bradley,Summit,36.7286434,-118.3387174
Brandon Canyon,Valley,38.6824954,-120.385241
Brave Lake,Lake,37.4878582,-118.9457591
Brewer Lake,Lake,37.1667288,-119.1231608
Bridalveil Creek,Stream,37.7188157,-119.6532226
Bridalveil Fall,Falls,37.7165936,-119.6468332
Bridgeport Canyon,Valley,38.1006074,-119.0567374
Bright Dot Lake,Lake,37.5452208,-118.8617223
Brockliss Canyon,Valley,38.7685285,-120.4975115
Brockmans Corner,Populated Place,37.3760407,-118.4323345
Brockway Spring,Spring,39.2480162,-120.0132841
Brockway Summit,Gap,39.2610178,-120.071304
Brown Bear Lake,Lake,37.3454626,-118.8108039
Brown Bear Pass,Gap,38.212693,-119.6640616
Brown Cone,Summit,37.4049382,-119.2326112
Brown Mountain,Summit,38.988607,-120.2881275
Brown Peak,Summit,37.6363828,-119.8040675
Brownie Creek,Stream,38.3324141,-119.5532246
Brush Canyon,Valley,38.7860177,-120.5533659
Brushy Creek,Stream,38.0404768,-120.0632403
Bryan Creek,Stream,38.8035186,-120.0996302
Bryant Creek,Stream,38.803517,-119.6996185
Bryants Spring,Spring,38.8244283,-120.4565765
Buck Canyon,Valley,36.5387569,-118.6704143
Buck Creek,Stream,38.6985172,-119.842123
Buck Creek,Stream,36.5388315,-118.6706516
Buck Lake,Lake,37.4098993,-118.7085811
Buck Lake,Lake,39.0510169,-120.191132
Buck Lakes,Lake,38.1618194,-119.7404262
Buck Meadow Creek,Stream,38.1540829,-119.8129555
Buck Meadows,Populated Place,37.8127044,-120.0643518
Buck Rock,Summit,36.7371392,-118.8606221
Buck Spring,Spring,39.3445992,-120.0815884
Buckeye Mountain,Summit,37.2994683,-119.7233775
Buckhorn Peak,Summit,37.6638383,-120.1239751
Buckhorn Springs,Spring,37.2626636,-118.0338947
Bucks Peak,Summit,37.4797097,-118.1356216
Buena Vista Creek,Stream,36.6999461,-118.9114941
Buena Vista Creek,Stream,37.6677072,-119.5026551
Buena Vista Lake,Lake,37.6000079,-119.5169861
Buena Vista Peak,Summit,37.5939248,-119.517896
Bull Creek,Stream,36.9963356,-119.1023384
Bull Creek,Stream,38.7701829,-120.4338098
Bull Creek,Stream,36.5968929,-119.1081653
Bull Creek,Stream,37.7021518,-120.0287941
Bull Creek,Stream,38.2585265,-120.0207406
Bull Lake,Lake,38.5182318,-119.7537605
Bull Meadow Creek,Stream,37.8674253,-120.0624072
Bullet Lake,Lake,37.102871,-118.784671
Bullfrog Lake,Lake,36.7713954,-118.4039846
Bullfrog Lake,Lake,37.1471687,-119.0408564
Bunker Hill,Summit,39.0493616,-120.3805045
Bunker Lake,Lake,39.0535736,-120.386421
Bunny Lake,Lake,37.5400288,-118.8986128
Burcham Creek,Stream,38.3835254,-119.4512761
Burgson Lake,Lake,38.3593921,-119.9482772
Burma Summit,Summit,39.6407346,-120.1189506
Burned Hill,Summit,39.3204079,-120.023302
Burnside Lake,Lake,38.7126674,-119.8905066
Burnt Corral Spring,Spring,38.3182293,-120.1775707
Burnt Hill Spring,Spring,38.3702392,-119.1134222
Burro Lake,Lake,38.0321214,-119.2865582
Burst Rock,Summit,38.2018894,-119.8745087
Burton Creek,Stream,39.1812958,-120.1232473
Busher Creek,Stream,37.7035413,-118.0928836
Buzztail Spring,Spring,37.5496176,-118.8161222
Cabin Creek,Stream,36.6402229,-118.8123231
Cabin Creek,Stream,36.8613348,-118.973443
Cabin Creek,Stream,37.7049296,-118.2106663
Cabin Lake,Lake,37.6844087,-119.1520923
Cache Creek,Stream,38.555465,-119.9610167
Cactus Point,Summit,36.5101218,-118.8191242
Cagwin Lake,Lake,38.8421757,-120.0952149
Cahoon Gap,Gap,36.6438328,-118.7373211
Redhawk Lake,Reservoir,38.3252128,-120.4902944
Calpine,Populated Place,39.6662911,-120.4396558
Camiaca Peak,Summit,38.0600179,-119.3242791
Camino Reservoir,Reservoir,38.8282371,-120.5371468
Camp Sixty One Creek,Stream,37.341332,-119.0598415
Camp Sixty One Lake,Lake,37.307751,-119.090381
Camp Creek,Stream,37.3260542,-119.0256735
Camp Creek,Stream,38.4660227,-120.3557533
Camp Ida Spring,Spring,38.103984,-120.0670473
Camp Twentyfive Creek,Stream,38.036588,-120.0660182
Camp Twentyone Spring,Spring,38.0066646,-120.0745273
Campfire Lake,Lake,37.2960766,-119.1786405
Campoodle Creek,Stream,38.2588044,-120.0349078
Canada Hill,Summit,39.176603,-120.5296154
Canady Gulch,Valley,38.0185075,-120.3738842
Caples Lake,Reservoir,38.698725,-120.0454399
Cardinal Lake,Lake,36.9996264,-118.4283994
Cardinal Mountain,Summit,36.9994047,-118.4127374
Cargyle Creek,Stream,37.5321626,-119.1806827
Mount Carillon,Summit,36.5924211,-118.2779091
Carman Creek,Stream,39.6932358,-120.4071552
Carnelian Bay,Populated Place,39.2268512,-120.0818587
Carnelian Canyon,Valley,39.2257088,-120.0813447
Carpenter Creek,Stream,38.7629627,-120.3274165
Carpenter Valley,Valley,39.3869503,-120.2567195
Carson Pass,Gap,38.6937964,-119.9885161
Carson Peak,Summit,37.7475416,-119.1241259
Carson Spur,Summit,38.7028245,-120.100729
Carter Creek,Stream,37.3699424,-119.7118214
Cartridge Creek,Stream,36.9968815,-118.5887133
Cartridge Pass,Gap,36.9754912,-118.4881561
Carvin Creek,Stream,39.6262891,-120.5754928
Casa Diablo Mountain,Summit,37.5784355,-118.5503433
Cascade Creek,Stream,36.615223,-118.809267
Cascade Creek,Stream,38.9512967,-120.0768512
Cascade Creek,Stream,37.7218711,-119.712115
Cascade Creek,Stream,38.2746372,-120.0121292
Cascade Lake,Lake,38.9401901,-120.0919849
Cascade Valley,Valley,37.5165967,-118.9832193
Cascadel Point,Summit,37.2135188,-119.4506236
Casey Canyon,Valley,39.3685199,-120.0397238
Castle Lake,Lake,37.669607,-119.1203206
Castle Pass,Gap,39.3582378,-120.3652032
Castle Peak,Summit,37.1849465,-119.4424434
Castle Peak,Summit,39.3661517,-120.3517396
Castle Point,Summit,38.7042904,-120.1201957
Castle Rock,Summit,38.2479231,-119.8380735
Castle Valley,Valley,39.3388116,-120.3435465
Cat Canyon,Valley,39.6435799,-120.0952216
Cataract Creek,Stream,37.0538237,-118.5276037
Cataract Gulch,Valley,38.106724,-120.4041844
Catfish Lake,Lake,39.4703074,-120.5547341
Cathedral Creek,Stream,38.8990744,-120.0710178
Cathedral Lake,Lake,37.0406252,-118.7410215
Cathedral Lake,Lake,38.8937889,-120.0817743
Lake Catherine,Lake,37.6991844,-119.2074928
Cathewood Saddle,Gap,37.6427084,-119.7690588
Cattle Mountain,Summit,37.5185248,-119.2320987
Cave Creek,Stream,36.5838346,-118.834545
Cecil Lake,Lake,37.5056268,-118.8891064
Cecile Lake,Lake,37.66416,-119.1667559
Cedar Creek,Stream,36.5543905,-118.8559339
Cedar Creek,Stream,39.254627,-120.370201
Cedar Creek,Stream,36.5402261,-119.0106601
Cedar Hill,Summit,38.1841692,-118.843268
Cedar Spring,Spring,37.4413186,-118.1462116
Cedar Spring,Spring,38.8099046,-120.4674221
Mount Cedric Wright,Summit,36.9040503,-118.3876615
Center Basin,Basin,36.7235455,-118.3498182
Center Peak,Summit,36.7219282,-118.3626395
Chain Lakes,Lake,38.141189,-119.87438
Chaix Mountain,Summit,38.8359027,-120.5757427
Chalfant Lakes,Lake,37.3480784,-118.7615969
Chamberlain Lake,Lake,37.2889107,-118.9095298
Mount Chamberlin,Summit,36.5335419,-118.3106544
Champion Canyon,Valley,38.447265,-119.8565624
Channel Lake,Lake,38.8524494,-120.1319842
Chapel Lake,Lake,37.0459602,-118.7473813
Chapman Creek,Stream,39.6321228,-120.55327
Charity Valley Creek,Stream,38.6996286,-119.8749017
Charles Creek,Stream,39.0032388,-120.4315867
Charlie Canyon,Valley,36.8282303,-118.3081385
Charlotte Creek,Stream,36.7707714,-118.4858602
Charlotte Lake,Lake,36.7761088,-118.4267086
Charybdis,Summit,37.0868537,-118.6681692
Cheese Camp Creek,Stream,38.9099062,-120.364362
Chepo Saddle,Gap,37.3488323,-119.5901453
Cherry Creek,Stream,37.8885351,-119.971849
Cherry Creek Canyon,Valley,38.0267391,-119.9011059
Cherry Gap,Gap,36.777724,-118.960386
Cherry Point,Summit,39.2589197,-120.5123942
Chewing Gum Lake,Lake,38.1944556,-119.8499424
Chicken Hawk Spring,Spring,38.7995692,-120.4320786
Chickenfoot Lake,Lake,37.3995686,-118.753001
Chief Creek,Stream,39.2260171,-120.2835311
Chief Lake,Lake,37.4700299,-118.9273279
Chile Gulch,Valley,38.0373567,-120.4492929
Chilkoot Creek,Stream,37.3654985,-119.5409757
Chilnualna Lakes,Lake,37.5989165,-119.5353183
Chimney Lake,Lake,37.0272121,-118.8915423
Chinese Gulch,Valley,37.6771363,-120.1018678
Chinese Peak,Summit,37.2190167,-119.1547139
Chinquapin Creek,Stream,37.3121655,-119.024562
Chinquapin Falls,Falls,37.6668738,-119.7568371
Chipmunk Bluff,Summit,38.9690679,-120.3381532
Chipmunk Creek,Stream,39.0624042,-120.5165909
Chocolate Lakes,Lake,37.1460955,-118.5439097
Chocolate Peak,Summit,37.1454757,-118.5499034
Choke Creek,Stream,36.823831,-118.7309348
Chuck Pass,Gap,37.0088312,-118.858997
Cirque Creek,Stream,37.3627179,-118.927619
Cirque Lake,Lake,37.3332979,-118.9052195
Cisco,Populated Place,39.3015691,-120.5468742
Cisco Butte,Summit,39.3084416,-120.5623982
Mount Clarence King,Summit,36.8337534,-118.446185
Clarice Lake,Lake,37.7053471,-119.1438108
Clark Canyon,Valley,37.7564533,-118.9035468
Clark Canyon,Valley,36.5310902,-119.0112263
Clark Lakes,Lake,37.7388206,-119.1445889
Clark Station Homesites,Populated Place,39.6240679,-120.5210465
Clark Valley,Basin,36.7543937,-119.3676239
Clarks Gulch,Valley,38.0649726,-120.3575151
Claw Lake,Lake,37.3190505,-118.8009906
Clear Creek,Stream,38.6135172,-120.5593708
Clearwater Creek,Stream,37.2346682,-119.3559617
Cliff Canyon,Valley,39.1527512,-120.52665
Cliff Lake,Lake,37.1413363,-119.0446504
Cline Creek,Stream,37.7807617,-120.1971332
Cloudburst Creek,Stream,38.3432473,-119.5421131
Cloudburst Creek,Stream,38.3668564,-119.8601801
Clover Creek,Stream,36.6024443,-118.7453761
Clover Valley,Basin,38.5935196,-119.9187929
Cloverleaf Lake,Lake,37.5492767,-118.8967187
Clyde Lake,Lake,38.8754505,-120.1691848
Coalpit Hill,Summit,37.6998064,-120.1176954
Coarsegold,Populated Place,37.2621687,-119.7009834
Cobbs Creek,Stream,37.7829844,-120.2535235
Cody Creek,Stream,39.2257353,-120.598819
Cody Creek,Stream,38.7837967,-120.1493542
Cody Lake,Lake,38.7599004,-120.142779
Cold Canyon,Valley,37.6657724,-119.8098443
Cold Canyon,Valley,38.717669,-120.4115977
Cold Creek,Stream,37.55605,-119.0934618
Cold Spring,Spring,37.4719954,-119.7425474
Cold Spring,Spring,38.9411756,-120.4189397
Cold Springs,Spring,38.7187949,-120.410198
Cold Stream,Stream,39.4926819,-120.348817
Cold Water Creek,Stream,37.6007702,-118.999298
Coldwater Spring,Spring,37.4071514,-118.1745453
Cole Creek Lakes,Lake,38.5826156,-120.091074
Colfax Spring,Populated Place,37.8207594,-120.0276843
College Lake,Lake,37.2925957,-119.177252
Colony Peak,Summit,36.5622595,-118.8225981
Colorado Hill,Summit,38.6704998,-119.7093284
Colosseum Mountain,Summit,36.9071904,-118.3670042
Colt Lake,Lake,37.0866201,-118.7982967
Columbine Peak,Summit,37.0891644,-118.5418027
Comanche Gulch,Valley,37.7784517,-118.5154805
Comb Creek,Stream,36.8271631,-118.6826009
Constance Lake,Lake,37.5182103,-118.8679149
Consultation Lake,Lake,36.5615328,-118.2723371
Converse Basin,Basin,36.7993906,-118.9676088
Converse Creek,Stream,36.8568908,-119.000666
Converse Mountain,Summit,36.8190415,-118.9471546
Convict Creek,Stream,37.608266,-118.7762397
Convict Lake,Lake,37.589299,-118.8582878
Conway Summit,Gap,38.0879777,-119.1818186
Coon Canyon,Valley,39.3906482,-120.32544
Coon Creek,Stream,37.2349449,-119.1765095
Cooney Lake,Lake,38.0479222,-119.277024
Cooper Peak,Summit,38.2403556,-119.8576044
Copper Mountain,Summit,38.0452029,-119.1954176
Cora Creek,Stream,37.5907714,-119.2306882
Corbett Lake,Lake,37.2907911,-119.0518102
Mount Corcoran,Summit,36.5385517,-118.2504845
Corlew Mountain,Summit,37.0030339,-119.5446961
Coronet Lake,Lake,37.3337265,-118.8138848
Corral Creek,Stream,37.8785357,-120.0129614
Corral Mountain,Summit,37.1036423,-118.9172617
Corral Springs,Spring,37.275812,-118.022389
Corrine Lake,Reservoir,37.1594116,-119.4959456
Cothrin Cove,Basin,39.0551848,-120.2354694
Cottage Spring,Spring,38.346101,-120.2140097
Mount Cotter,Summit,36.8187937,-118.4418595
Cotton Lake,Lake,37.4845242,-118.8929788
Cottonwood Basin,Basin,37.5443741,-118.1584366
Cottonwood Canyon,Valley,38.767886,-119.7217018
Cottonwood Creek,Stream,38.4513019,-119.442109
Cottonwood Creek,Stream,37.882145,-119.7971211
Cottonwood Creek,Stream,37.9774214,-119.9187919
Cottonwood Creek,Stream,37.9802004,-120.0549066
Cottonwood Gulch,Valley,38.4382179,-120.1711857
Cottonwood Springs Creek,Stream,36.871059,-119.2117855
Council Lake,Lake,37.2856817,-118.8061318
County Line Hill,Summit,37.4757393,-118.1835042
Courtright Reservoir,Reservoir,37.102869,-118.975428
Cow Creek,Stream,37.1668758,-118.4406619
Cow Creek,Stream,37.108835,-119.1545634
Cow Meadow Lake,Lake,38.1432467,-119.7357606
Cowhorn Valley,Valley,37.1262401,-118.0151857
Cowtrack Mountain,Summit,37.9790315,-118.8090545
Cowtrack Spring,Spring,37.987673,-118.815679
Cox Canyon,Valley,38.7745543,-120.4172315
Coyote Canyon,Valley,36.7814437,-118.0818017
Coyote Creek,Stream,38.0121458,-120.4926979
Coyote Creek,Stream,38.5338023,-119.3304371
Coyote Lake,Lake,37.1855775,-119.0902279
Coyote Lake,Lake,37.2093196,-118.5208068
Coyote Spring,Spring,36.7857319,-118.0594056
Coyote Spring,Spring,38.1211067,-119.0854371
Coyote Springs Creek,Stream,36.8702259,-119.2345642
Crabtree Canyon,Valley,39.3764314,-120.2610365
Crabtree Creek,Stream,36.5521585,-118.3567578
Crabtree Lake,Lake,37.1066588,-118.7952965
Crabtree Lakes,Lake,36.5423937,-118.3146527
Cracked Crag,Summit,38.8690692,-120.1299185
Cranberry Gulch,Valley,37.6617985,-119.8513768
Crane Creek,Stream,37.9715888,-119.9815715
Crane Creek,Stream,37.676318,-119.7754494
Crane Creek,Stream,38.3010271,-120.1740797
Crater Creek,Stream,37.5577166,-119.0923508
Crater Creek,Stream,37.2757762,-118.9742824
Crater Crest,Summit,38.1226594,-119.3371542
Crater Lake,Lake,38.72303,-119.9760933
Crater Lake,Lake,39.3248482,-120.3562147
Crater Lake,Lake,37.2502458,-119.0086265
Crater Mountain,Summit,37.8780972,-119.0071406
Crazy Lake,Lake,37.3020375,-118.8986556
Crescent Creek,Stream,36.5363337,-118.7581532
Crescent Lake,Lake,36.6443649,-118.6841393
Crescent Lake,Lake,37.564523,-119.5335665
Crest Creek,Stream,37.7579865,-119.159868
Crocker Lake,Lake,37.487379,-118.8304051
Crocker Point,Summit,37.7039594,-119.6591297
Mount Crocker,Summit,37.4829291,-118.8253923
Crook Mountain,Summit,37.0723412,-119.6177358
Cross Creek,Stream,36.7693705,-118.4798102
Crown Basin,Basin,37.0302177,-118.7717729
Crown Lake,Lake,37.0333096,-118.8480693
Crows Nest,Summit,39.2970056,-120.350081
Crystal Crag,Summit,37.5910432,-119.0137291
Crystal Lake,Lake,37.5938569,-119.0184361
Crystal Lake,Lake,38.000449,-119.2461002
Crystal Lake,Populated Place,39.3226797,-120.5702089
Crystal Lake,Reservoir,39.3195255,-120.5748018
Crystal Peak,Summit,39.5578787,-120.0884803
Cunningham Lake,Lake,37.2859625,-119.0606061
Cup Lake,Lake,38.8274544,-120.0944758
Curtz Lake,Lake,38.7252106,-119.7887873
Dade Lake,Lake,37.3798343,-118.7640103
Dale Lake,Lake,37.1518027,-118.8318333
Dalton Mountain,Summit,36.7745622,-119.2412398
Damfine Spring,Spring,39.4779088,-120.5635898
Dana Lake,Lake,37.9082949,-119.2201908
Darby Knob,Summit,38.1713201,-120.3851628
Dardanelles Creek,Stream,38.3496352,-119.9362937
Dardanelles Lake,Lake,38.7598753,-120.0220687
Dark Canyon Creek,Stream,38.5665737,-120.5757604
Dark Lake,Lake,38.8507895,-120.2421222
Darwin Canyon,Valley,37.1870637,-118.7025313
Mount Darwin,Summit,37.1670216,-118.672388
Daulton Creek,Stream,37.3232776,-119.3145718
Davis Creek,Stream,38.8532372,-120.5279797
Davis Lake,Lake,37.1284991,-118.720312
Davis Lake,Lake,37.1650044,-118.8303666
Davis Lake,Lake,37.501845,-118.761178
Davis Lakes,Lake,37.7296721,-119.2158091
Mount Davis,Summit,37.7149889,-119.2193819
Dead Horse Canyon,Valley,39.5593114,-120.542893
Deadhorse Lake,Lake,37.6516023,-119.160634
Deadman Canyon,Valley,37.1424148,-118.1223486
Deadman Creek,Stream,37.7502097,-118.9387516
Deadman Gulch,Valley,38.0373215,-120.4493874
Deadman Lake,Lake,39.6209077,-120.551949
Deadman Peak,Summit,39.6163936,-120.5541566
Deadman Spring,Spring,38.7703217,-120.5881284
Deadwood,Populated Place,38.0040892,-120.1082411
Deadwood Canyon,Valley,38.5800513,-120.0050298
Deadwood Gulch,Valley,37.2628032,-119.694584
Deadwood Lake,Lake,38.6011125,-119.9908252
Deadwood Peak,Summit,37.3135128,-119.6858159
Deadwood Spring,Spring,38.0248756,-120.1121944
Dechambeau Creek,Stream,38.0138126,-119.1482062
Deep Canyon,Valley,36.5168786,-118.8018716
Deep Canyon,Valley,39.1213487,-120.5939038
Deep Creek,Stream,38.4546348,-119.4598877
Deep Gulch,Valley,38.0809895,-120.4206454
Deep Springs Lake,Lake,37.2762855,-118.044124
Deep Springs Valley,Basin,37.3332642,-118.0175942
Deer Cove,Basin,36.8163308,-118.7181568
Deer Cove Creek,Stream,36.8041089,-118.7223233
Deer Creek,Stream,37.2516115,-119.1753984
Deer Creek,Stream,38.0307565,-119.2193202
Deer Creek,Stream,38.4707438,-120.4263112
Deer Creek,Stream,38.5421316,-119.9315716
Deer Creek,Stream,39.6146222,-120.5927155
Deer Creek,Stream,36.8682822,-119.3370686
Deer Creek,Stream,37.5438279,-119.0392936
Deer Creek,Stream,38.0915885,-120.2704689
Deer Creek,Stream,38.9926831,-120.4535319
Deer Knob,Summit,38.8897832,-120.4335602
Deer Lake,Lake,37.2863332,-119.0937807
Deer Lake,Lake,38.1644993,-119.7627834
Deer Lakes,Lake,37.559927,-118.9920717
Deer Lick Creek,Stream,37.7632609,-120.038518
Deer Mountain,Summit,37.6985395,-119.0120714
Deer Valley,Basin,38.5751865,-119.9104594
Dellar Creek,Stream,39.0090726,-120.3835294
Den Lake,Lake,37.3225115,-118.7942661
Depot Flat,Lake,36.639246,-119.0194546
Depressed Lake,Lake,37.3280562,-118.9157969
Desert Cold Spring,Spring,38.9992617,-120.4992392
Desert Creek,Stream,38.7913011,-119.3218253
Desolation Lake,Lake,37.2738684,-118.7057796
Desolation Lake,Lake,38.8466084,-120.1263824
Desolation Valley,Basin,38.8537966,-120.1310201
Devil Peak,Summit,38.9586541,-120.5472799
Devils Bathtub,Lake,37.4322669,-118.9969888
Devils Canyon,Valley,38.0074735,-120.4521066
Devils Corral,Basin,38.6404639,-119.9840721
Devils Corral Creek,Stream,38.645186,-119.9871277
Devils Hole Lake,Lake,38.6324359,-120.0778093
Devils Nose,Summit,38.4627932,-120.4205088
Devils Punchbowl,Lake,37.1257815,-118.8306864
Devils Table,Summit,37.3385249,-119.0289588
Devils Top,Summit,37.5216012,-119.0301123
Devils Washbowl,Basin,37.017232,-118.5829721
Dewey Point,Summit,37.7039958,-119.6501655
Dexter Creek,Stream,37.8757636,-118.7331865
Diamond Peak,Summit,36.8263593,-118.3902722
Diamond-X Lake,Lake,37.1599879,-118.8229296
Diaz Creek,Stream,36.564656,-118.0564759
Diaz Lake,Reservoir,36.5623051,-118.0549444
Dike Creek,Stream,37.6329917,-119.2206917
Dingleberry Lake,Lake,37.1822609,-118.6372755
Dingley Creek,Stream,37.8965908,-119.39627
Dinkey Dome,Summit,37.1150988,-119.131553
Dinkey Meadow Creek,Stream,37.04828,-119.1578965
Dinkey Mountain,Summit,37.0290436,-119.1621521
Disappearing Creek,Stream,37.0149381,-118.6603816
Disappointment Lake,Lake,37.1395072,-118.8175341
Mount Disney,Summit,39.294622,-120.3407435
Division Creek,Stream,36.940212,-118.2981543
Division Lake,Lake,37.0604286,-118.7525145
Dixon Canyon,Valley,38.7358815,-120.0218252
Dodge Canyon,Valley,39.6285353,-120.1853436
Doe Lake,Lake,37.0430479,-118.5016586
Dog Creek,Stream,39.5237982,-119.994367
Dog Valley,Valley,39.5644802,-120.0286215
Dogtooth Peak,Summit,37.1540764,-119.03959
Dogtown Creek,Stream,38.591851,-120.5543707
Dome Hill,Summit,38.364398,-119.0874855
Donkey Canyon,Valley,39.6579392,-120.0987562
Donkey Lake,Lake,37.173038,-118.6173212
Donnell Lake,Reservoir,38.3384349,-119.9421586
Donner Pass,Gap,39.3190718,-120.3285346
Donner Peak,Summit,39.3087392,-120.3124752
Donohue Pass,Gap,37.7602082,-119.2484803
Donohue Peak,Summit,37.7747553,-119.2330515
Doris Lake,Lake,37.3368059,-119.0144524
Dorothy Lake,Lake,37.4389044,-118.6993873
Dorothy Lake,Lake,38.5487047,-119.8204883
Lake Dorothy,Lake,37.5387273,-118.8825256
Dorsey Creek,Stream,39.6146237,-120.505768
Dorst Creek,Stream,36.6438344,-118.8456575
Double Peak,Summit,37.5105247,-119.037398
Dougherty Peak,Summit,36.9213023,-118.5467761
Douglas Flat,Populated Place,38.1143652,-120.4549209
Downey Lake,Lake,39.3952166,-120.5967857
Dragon Lake,Lake,36.8007357,-118.3857576
Dragon Peak,Summit,36.7898467,-118.3758937
Drew Creek,Stream,37.8424257,-120.0396289
Drew Creek,Stream,38.3576902,-119.887681
Driveway Creek,Stream,38.384081,-119.4529428
Drummond Gulch,Valley,38.5426754,-120.5824259
Dry Creek,Stream,38.0910325,-120.4710321
Dry Creek,Stream,36.7780051,-119.7665331
Dry Creek,Stream,37.7493763,-118.9162504
Dry Creek,Stream,37.9479825,-118.9431973
Dry Creek,Stream,38.0918662,-120.2568573
Dry Creek,Stream,39.4185186,-120.0960323
Dry Fork,Stream,37.8460424,-118.6479051
Dry Lake,Lake,38.7294572,-119.7287013
Dry Lake,Lake,38.8182293,-120.2384249
Dry Lake,Lake,39.3269343,-120.0870811
Dry Lakes,Lake,38.9921349,-120.4116462
Mount Dubois,Summit,37.783259,-118.3431596
Duck Lake,Lake,36.8599326,-118.1895396
Duck Lake,Lake,37.5508707,-118.9614259
Duck Lake,Lake,39.0098592,-120.1801923
Duckwall Mountain,Summit,37.9685874,-120.1197247
Duff Creek,Stream,37.0207809,-119.2278991
Dumbbell Lakes,Lake,37.010678,-118.5069023
Duncan Canyon,Valley,39.0385886,-120.5456063
Duncan Peak,Summit,39.1544926,-120.5125188
Dunderberg Creek,Stream,38.1246437,-119.2137646
Dunderberg Peak,Summit,38.064445,-119.2742886
Dunlap,Populated Place,36.738281,-119.1209469
Dunlap Gulch,Valley,38.2138142,-120.4253433
Dusy Basin,Basin,37.0974345,-118.5589949
Dusy Branch,Stream,37.092044,-118.5943263
Dusy Creek,Stream,37.109111,-118.9734462
Dutch Creek,Stream,38.3529697,-120.4190889
Dutch Lake,Lake,37.2540117,-118.9885493
Eagle Creek,Stream,38.5851855,-119.8060117
Eagle Creek,Stream,38.1054769,-120.3307493
Eagle Falls,Falls,38.9517041,-120.1112379
Eagle Gulch,Valley,38.6683523,-119.7284382
Eagle Lake,Lake,38.9421138,-120.122211
Eagle Lakes,Lake,39.35354,-120.5748934
Eagle Pass,Gap,38.2488028,-119.8271227
Eagle Peak,Summit,37.6878966,-119.7888438
Eagle Rock,Summit,38.7679853,-120.268406
Eagle Scout Creek,Stream,36.5399417,-118.6345398
East Creek,Stream,36.7524359,-118.4420416
East Fork Bear Creek,Stream,37.3266053,-118.8659513
East Fork Big Creek,Stream,37.223278,-119.0770616
East Fork Cargyle Creek,Stream,37.5585504,-119.1809627
East Fork Carson River,Stream,38.9907411,-119.8246233
East Fork Chowchilla River,Stream,37.3279991,-119.8293268
East Fork Clover Creek,Stream,36.6449441,-118.7475991
East Fork Desert Creek,Stream,38.478525,-119.3482157
East Fork Dry Creek,Stream,36.5002264,-119.0176039
East Fork Green Creek,Stream,38.0971438,-119.2898792
East Fork Grizzly Creek,Stream,36.8254977,-118.7287126
East Fork Lewis Creek,Stream,36.8449408,-118.6867679
East Fork Rock Creek,Stream,37.4752104,-118.7220691
East Fork Sugarloaf Creek,Stream,36.7174416,-118.665099
East Fork Swauger Creek,Stream,38.3796381,-119.3462711
East Lake,Lake,37.1779662,-119.0270086
East Lake,Lake,38.0715962,-119.3019631
East Martis Creek,Stream,39.3174068,-120.1149182
East Pinnacles Creek,Stream,37.2591039,-118.7956708
Eastern Brook Lake,Lake,37.1523116,-119.0873285
Eastern Brook Lakes,Lake,37.4311838,-118.7425137
Ebbetts Pass,Gap,38.5443529,-119.8118455
Echo Lake,Lake,37.145116,-118.6432817
Echo Lake,Lake,39.4472534,-120.5481139
Echo Peak,Summit,38.856402,-120.0733571
Echo Summit,Gap,38.8129628,-120.0301833
Edith Lake,Lake,37.5551858,-118.8919882
El Capitan,Summit,37.7421309,-119.6358948
El Capitan Gully,Valley,37.7318016,-119.6455796
El Capitan Meadow,Lake,37.7238155,-119.6354441
El Portal,Populated Place,37.6746514,-119.7840609
Elbert Lake,Lake,38.7748453,-120.0339645
Elbow Creek,Stream,38.5454644,-119.8532357
Elder Creek,Stream,38.4999089,-119.7401769
Eleanor Creek,Stream,37.9360334,-119.896569
Lake Eleanor,Reservoir,37.9861431,-119.8583422
Electra Peak,Summit,37.7052075,-119.2601723
Elephants Back,Summit,38.6784131,-119.9831181
Elephants Head,Summit,39.6977933,-120.1999936
Elk Creek,Stream,36.5132788,-118.8023207
Ellery Lake,Reservoir,37.9364683,-119.2378566
Ellis Lake,Lake,39.0677866,-120.2017073
Ellis Peak,Summit,39.0686183,-120.1980866
Ely Mountain,Summit,37.1583901,-119.2726077
Emerald Lake,Lake,36.5974612,-118.6758822
Emerald Lake,Lake,37.582031,-118.98792
Emerald Lakes,Lake,37.179364,-118.629706
Emerson Lake,Lake,37.230112,-118.6671979
Emery Reservoir,Reservoir,38.2488176,-120.5013862
Emigrant Canyon,Valley,39.2929221,-120.2704771
Emigrant Lake,Lake,38.1743091,-119.6976082
Emigrant Lake,Lake,38.6605895,-120.0385814
Emigrant Meadow Lake,Lake,38.2014097,-119.6478777
Emigrant Pass,Gap,38.2001936,-119.6315605
Emily Lake,Lake,37.6721676,-119.1218205
Enchanted Gorge,Valley,37.015362,-118.6581977
English Mountain,Summit,39.4463516,-120.5511384
Erin Lake,Lake,36.5143652,-118.2863218
Ershim Lake,Lake,37.2130124,-119.0568083
Esha Canyon,Valley,37.552794,-118.7995891
Esmeralda Creek,Stream,38.767404,-120.4904787
Esperanza Creek,Stream,38.3179702,-120.5960399
Esperanza Valley,Valley,38.2966861,-120.4871998
Evans Creek,Stream,37.6507658,-120.4563064
Ewe Lake,Lake,37.0642038,-118.748375
Evergreen Lake,Lake,38.6131358,-119.955458
Evolution Basin,Basin,37.1354922,-118.6964983
Evolution Creek,Stream,37.1971603,-118.7962241
Evolution Lake,Lake,37.1678369,-118.6950326
Evolution Valley,Valley,37.1965095,-118.7949279
Excelsior Mountain,Summit,38.0245814,-119.3053916
Experimental Gulch,Valley,38.068018,-120.3860085
Fall Creek,Stream,37.0746633,-118.8414985
Fallen Leaf Lake,Reservoir,38.9009831,-120.0615262
Falls Canyon,Valley,37.7391221,-118.3813079
Falls Creek,Stream,38.2882484,-119.5443353
Falls Creek,Stream,37.9629762,-119.7651763
Faucherie Lake,Lake,39.4246558,-120.5693326
Fawn Lake,Lake,39.0087388,-120.2509388
Feather Lake,Lake,37.4374211,-118.9376603
Femmons,Populated Place,37.9382565,-120.0224059
Fence Creek,Stream,38.36269,-119.8762917
Fern Creek,Stream,37.7627088,-119.1132008
Fern Lake,Lake,37.6070813,-119.1349355
Fern Lake,Lake,37.7457602,-119.1100666
Fern Spring,Spring,37.715111,-119.6652441
Fiddlers Spring,Spring,38.6932278,-120.4037793
Fifth Lake,Lake,37.1307766,-118.5085701
Filly Lake,Lake,37.0916138,-118.7917675
Fin Dome,Summit,36.8135563,-118.4123019
Finch Lake,Lake,37.3762283,-118.7360318
Finger Peak,Summit,37.029844,-118.7302526
Fingerbowl Lake,Lake,37.1504347,-119.0689034
Fir Hill,Summit,39.4773255,-120.5960549
Fireplace Creek,Stream,37.7190935,-119.6832243
First Dinkey Lake,Lake,37.1642004,-119.0680649
First Falls,Falls,37.1263212,-118.4451051
First Lake,Lake,37.1262377,-118.484047
First Recess,Valley,37.4198925,-118.8694463
First Recess Lakes,Lake,37.397214,-118.8585789
Fish Camp,Populated Place,37.4785497,-119.6404311
Fish Creek,Stream,37.2624454,-119.3242937
Iva Bell Hot Springs,Spring,37.5304141,-119.0320299
Fish Slough,Stream,37.4254851,-118.4037231
Fish Springs,Spring,37.0974321,-118.2589889
Fish Springs Hill,Summit,37.0856883,-118.2905398
Fish Valley,Valley,37.5308217,-119.0904462
Fisher Creek,Stream,38.2393621,-120.2107473
Fisher Lakes,Lake,38.1438865,-119.720332
Fishgut Lakes,Lake,37.1924448,-118.6422998
Mount Fiske,Summit,37.1365692,-118.6678353
Five Lakes Basin,Basin,39.410735,-120.5579881
Five Springs,Spring,36.7696673,-119.2950828
Fivemile Creek,Stream,38.0660334,-120.3535272
Flagpole Peak,Summit,38.8460301,-120.0569033
Flat Note Lake,Lake,37.2951395,-118.8545112
Flat Ravine,Valley,39.131716,-120.5236208
Flatiron Butte,Summit,38.1969916,-119.4926014
Fleming Creek,Stream,37.086886,-118.8676105
Fleming Lake,Lake,37.1454951,-118.8515651
Fleming Mountain,Summit,37.1586703,-118.8580538
Floating Island Lake,Lake,38.9022022,-120.0787959
Flora Lake,Lake,39.3322076,-120.326056
Florence Lake,Lake,37.7492781,-119.3447227
Mount Florence,Summit,37.7397718,-119.3160333
Flower Lake,Lake,36.7682679,-118.3607333
Flume Peak,Summit,37.1441729,-119.3340209
Foerster Creek,Stream,37.6824321,-119.3368126
Foerster Peak,Summit,37.6900209,-119.2907511
Foolish Lake,Lake,37.3040263,-118.9007633
Ford Spring,Spring,37.778771,-118.840635
Forest Creek,Stream,38.3846349,-120.4690907
Foresta,Populated Place,37.6982612,-119.7551719
Foresta Falls,Falls,37.692706,-119.759894
Forestdale Creek,Stream,38.6754629,-119.9371259
Forester Pass,Gap,36.6943603,-118.373364
Forked Meadow Creek,Stream,37.0585577,-119.1578965
Forni Creek,Stream,38.7882412,-120.1696327
Forni Lake,Lake,38.8133284,-120.1647533
Forni Lake,Lake,38.9547135,-120.2627972
Fort Mountain,Summit,38.3430318,-120.4738442
Four Cornered Peak,Summit,38.8584131,-120.2881672
Four Lakes,Lake,38.7439471,-120.0152878
Fourth of July Canyon,Valley,38.5371515,-120.0516727
Fourth of July Lake,Lake,38.6496828,-120.0173871
Fourth of July Spring,Spring,38.5437986,-119.3576638
Fourth Lake,Lake,37.1306433,-118.5021422
Fourth Recess,Valley,37.4483183,-118.7906284
Fourth Recess Lake,Lake,37.4375445,-118.7856407
Fox Gulch,Valley,38.0708587,-120.3977363
Lake Frances,Lake,38.0971208,-119.3530695
Francis Lake,Lake,37.4332398,-118.7181094
Francis Lake,Lake,38.9923329,-120.3398401
Franklin Lake,Lake,37.533689,-118.9122194
Fraser Lakes,Lake,38.1688556,-119.697507
Frata Lake,Lake,38.8453718,-120.1218813
Frazier Canyon,Valley,37.7840883,-118.5730076
Frazier Creek,Stream,39.0960138,-120.5865936
Freel Peak,Summit,38.8574287,-119.9001228
Freeman Creek,Stream,37.2532624,-118.3762177
Fremont Lake,Lake,38.2544554,-119.5487252
French Canyon,Valley,37.2656506,-118.7791096
French Creek,Stream,38.0788109,-120.3404713
French Creek,Stream,39.4629573,-120.5332661
French Gulch,Valley,37.3160043,-119.7468611
French Gulch,Valley,38.0179057,-120.4824796
French Lake,Lake,37.313658,-118.719208
French Lake,Reservoir,39.4164138,-120.5343883
French Meadows Reservoir,Reservoir,39.11486,-120.439782
Fresh Pond Ravine,Valley,38.7653794,-120.5301172
Frog Creek,Stream,37.9835318,-119.8432341
Frog Lake,Lake,37.4240067,-118.8269733
Frog Lake,Lake,38.141819,-119.7113348
Frog Lake,Lake,38.547743,-120.0035068
Frog Lake,Lake,38.6877965,-119.9859681
Frog Lake,Lake,39.3682324,-120.3226849
Frog Lakes,Lake,38.0477687,-119.2818822
Fry Creek,Stream,38.7682395,-120.3729739
Frys Point,Summit,36.5076504,-118.8431922
Fuller Creek,Stream,37.0502112,-118.3012113
Funnel Lake,Lake,37.1995834,-118.5116788
Mount Gabb,Summit,37.3766314,-118.8027365
Gabbro Peak,Summit,38.0738552,-119.3125498
Gable Creek,Stream,37.3643777,-118.6873412
Gable Lakes,Lake,37.3301691,-118.6944204
Gardiner Basin,Basin,36.8182694,-118.4637093
Gardiner Lakes,Lake,36.8132001,-118.4475665
Gardiner Pass,Gap,36.7985475,-118.4823202
Mount Gardiner,Summit,36.8060998,-118.4591916
Garlic Falls,Falls,36.8613041,-118.9520759
Garlic Meadow Creek,Stream,36.8602234,-118.952609
Garnet Hill,Summit,38.4797395,-120.2531308
Garnet Lake,Lake,37.7090179,-119.1626064
Garrotte Creek,Stream,37.8482603,-120.2018551
Gaspipe Spring,Spring,37.8924654,-118.8484016
Gefo Lake,Lake,38.8414129,-120.1409476
Gem Lake,Lake,38.1620273,-119.7941087
Gem Lakes,Lake,37.3899513,-118.7584481
Gem Pass,Gap,37.7760415,-119.1607018
Gemini,Summit,37.2965523,-118.8169867
dukMéʔem wáťa,Stream,39.0551853,-120.113243
Lake Genevieve,Lake,37.5580826,-118.8852597
Gentry Gulch,Valley,37.688768,-120.0378949
George Creek,Stream,36.7043768,-118.1309245
George Lake,Lake,37.1847758,-118.6036885
George Lake,Lake,37.291048,-119.1709231
Lake George,Lake,37.6004686,-119.0118709
Gerle Creek,Stream,38.9543502,-120.3993633
Gertrude Creek,Stream,37.2352245,-119.4556889
Gertrude Lake,Lake,37.6191094,-119.1467518
Gibbs Canyon,Valley,37.9274848,-119.158427
Gibbs Lake,Lake,37.8996379,-119.1837454
Mount Gibbs,Summit,37.8770935,-119.2118359
Gilbert Lake,Lake,36.7696297,-118.3561936
Mount Gilbert,Summit,37.1363688,-118.5982233
Gillett Mountain,Summit,38.113935,-119.7928336
Gilman Lake,Lake,38.063731,-119.2922363
Gilmore Lake,Lake,38.8957964,-120.1157162
Giraud Peak,Summit,37.0772971,-118.564477
Mount Givens,Summit,37.2787129,-119.0552313
Glacier Creek,Stream,37.054657,-118.5284371
Glacier Lake,Lake,39.3980742,-120.5572912
Glacier Lakes,Lake,36.8997635,-118.581612
Gladys Lake,Lake,37.6823258,-119.1184116
Glass Mountain,Summit,37.7748418,-118.7085782
Glen Alpine Creek,Stream,38.8810187,-120.0699067
Glen Alpine Spring,Spring,38.875131,-120.096939
Glen Lake,Lake,37.5403044,-118.9303087
Glen Meadow Creek,Stream,37.0646687,-119.1573411
Glen Pass,Gap,36.7895637,-118.4115918
Glenberry Lake,Lake,38.0989594,-119.3421486
Glennette Lake,Lake,37.5363348,-118.9295663
Glines Canyon,Valley,38.0819507,-119.3105659
Goat Spring,Spring,37.4215958,-118.1826014
Goddard Canyon,Valley,37.1992914,-118.7975304
Goddard Creek,Stream,36.9818823,-118.6248247
Mount Goddard,Summit,37.1029149,-118.7198836
Goethe Lake,Lake,37.2210409,-118.7035986
Gold Spring,Spring,38.0478685,-120.4109307
Golden Bear Lake,Lake,36.7261057,-118.3553151
Golden Creek,Stream,37.4471568,-118.7948458
Golden Lake,Lake,37.3338954,-118.7479879
Golden Lake,Lake,37.4504514,-118.7659788
Golden Lake,Lake,37.4934992,-118.8247245
Golden Trout Lake,Lake,36.781168,-118.3680957
Lower Golden Trout Lake,Lake,37.2408844,-118.720256
Goodale Creek,Stream,36.9749338,-118.2350981
Goodale Mountain,Summit,36.9721692,-118.385438
Goodale Pass,Gap,37.4638278,-118.9404003
Mount Goode,Summit,37.1230273,-118.5681061
Goose Lake,Lake,36.8877497,-118.1820167
Gordon Lake,Lake,37.3068194,-118.9179568
Goskey Canyon,Valley,38.6654599,-119.6943379
Mount Gould,Summit,36.7797763,-118.3778757
Graham Mountain,Summit,37.3574722,-119.5171579
Granite Basin,Basin,37.9088182,-118.7959675
Granite Chief,Summit,39.1981842,-120.2870868
Granite Creek,Stream,37.8885351,-119.9715713
Granite Creek,Stream,36.5379975,-118.6414844
Granite Creek,Stream,37.4760537,-119.234569
Granite Creek,Stream,39.3621237,-120.5888216
Granite Dome,Summit,38.2153258,-119.7460174
Granite Lake,Lake,37.1980456,-118.6492484
Granite Lake,Lake,38.1836307,-119.8332431
Granite Lake,Lake,38.6198472,-119.96173
Granite Lake,Lake,38.6501816,-120.1097241
Granite Lake,Lake,38.9376497,-120.1101821
Granite Park,Basin,37.3435464,-118.7701191
Granite Pass,Gap,36.8779943,-118.6112118
Granite Spring,Spring,38.7885147,-120.343077
Granite Stairway,Summit,37.5949323,-119.1256749
Grant Lake,Reservoir,37.8400371,-119.1115216
Grapevine Gulch,Valley,38.0931054,-120.4117032
Grapevine Point,Summit,37.8909398,-120.1243187
Grass Lake,Lake,37.2171386,-118.6307994
Grass Lake,Lake,37.5071557,-118.8155491
Grass Lake,Lake,38.7943627,-119.9654082
Grass Lake,Lake,38.8727246,-120.1126555
Grass Lake Creek,Stream,38.8021293,-120.016294
Grassy Lake,Lake,37.4815759,-118.9620092
Gravel Pit Lake,Lake,37.9648552,-119.8288485
Graveyard Lakes,Lake,37.451079,-118.979793
Grey Butte,Summit,38.0518101,-119.3481821
Gray Creek,Stream,39.37277,-120.03158
Gray Eagle Canyon,Valley,39.1025792,-120.5162614
Gray Horse Creek,Stream,38.8462934,-120.4802003
Grays Canyon,Valley,38.7737022,-120.5438514
Great Eastern Ravine,Valley,39.5680573,-120.578492
Green Creek,Stream,38.4674116,-120.3468641
Green Creek,Stream,38.2213091,-119.2457107
Green Lake,Lake,37.1693912,-118.5319102
Green Lake,Lake,38.0852836,-119.3092198
Green Mountain,Summit,37.568874,-119.2473619
Grinnell Lake,Lake,37.4672127,-118.8509215
Grizzly Creek,Stream,36.8024428,-118.7448236
Grizzly Creek,Stream,38.270195,-120.2357484
Grizzly Gulch,Valley,38.0110517,-120.4565948
Grizzly Lakes,Lake,36.8642499,-118.721336
Grouse Canyon,Valley,39.1317293,-120.274729
Grouse Creek,Stream,37.2188342,-119.214844
Grouse Creek,Stream,37.6888173,-119.7282254
Grouse Creek,Stream,38.3943584,-119.4523872
Grouse Creek,Stream,38.5407424,-119.8804588
Grouse Creek,Stream,38.6121313,-120.0332407
Grouse Lake,Lake,37.5715143,-119.545908
Grouse Lake,Lake,38.151382,-119.869938
Grouse Lake,Lake,38.6218898,-120.008716
Grouse Lake,Lake,38.8573528,-120.1993995
Grouse Spring,Spring,37.1416155,-118.4493193
Groveland,Populated Place,37.8382608,-120.2326894
Grover Anton Spring,Spring,36.883328,-118.287563
Gruff Lake,Lake,37.3153259,-118.7978632
Guest Lake,Lake,37.0776354,-118.7973244
Gull Lake,Lake,37.7756191,-119.0833055
Mount Guyot,Summit,36.5092345,-118.3626407
Mount Haeckel,Summit,37.1509924,-118.6610067
Halfmoon Lake,Lake,37.0495264,-118.8496986
Halleck Hill,Summit,38.065084,-120.4890951
Halstead Creek,Stream,36.5818894,-118.7837102
Ham Coward Gulch,Valley,37.6949762,-120.0662296
Hammil,Populated Place,37.6785423,-118.4037274
Hammil Lake,Lake,37.5772608,-118.9989281
Hammil Valley,Valley,37.5817821,-118.3973419
Hammill Canyon,Valley,38.2529313,-119.9228299
Happy Gap,Gap,36.7238359,-118.9912195
Harden Flat,Populated Place,37.8110368,-119.9474039
Hardscrabble Gulch,Valley,38.0335022,-120.3709758
Harmon Peak,Summit,36.7853076,-119.3250026
Harriet Lake,Lake,37.6737184,-119.3070348
Mount Harrington,Summit,36.870005,-118.7336448
Harry Birch Springs,Spring,36.9097831,-118.2879888
Hart Lakes,Lake,37.6204727,-119.5288252
Hartley Springs,Spring,37.7674086,-119.0407695
Harvey Gray Creek,Stream,39.2235132,-120.5963188
Harvey Lake,Lake,37.3051736,-118.9129613
Haskell Creek,Stream,39.6315672,-120.5563256
Haskell Peak,Summit,39.6623292,-120.5526182
Hawkins Creek,Stream,38.736573,-119.9312918
Hawkins Peak,Summit,38.7385116,-119.8724313
Hay Gulch,Valley,38.437254,-120.1650495
Haypress Valley,Valley,39.5481496,-120.5234458
Haystack Mountain,Summit,39.4187889,-120.5853487
Hazel Green Creek,Stream,37.7990918,-119.8465669
Heart Lake,Lake,36.7686993,-118.3666735
Heart Lake,Lake,37.2821978,-118.8753156
Heart Lake,Lake,37.4186743,-118.7545311
Heart Lake,Lake,37.5885366,-118.9782159
Heather Lake,Lake,36.6009975,-118.6878137
Heather Lake,Lake,38.8763719,-120.1384388
Heavens Gate,Gap,39.1493501,-120.3313085
Heenan Creek,Stream,38.6512961,-119.6540616
Heenan Lake,Reservoir,38.6507575,-119.6596698
Helen Lake,Lake,37.1192405,-118.663778
Helen Lake,Lake,37.8306028,-119.2287735
Hell for Sure Lake,Lake,37.1385631,-118.8001189
Hell Diver Lakes,Lake,37.1739778,-118.6543158
Hell for Sure Pass,Gap,37.1457722,-118.7970555
Hell Hole Meadow,Lake,37.3070908,-118.9741162
Hell Hole Reservoir,Reservoir,39.0766485,-120.3935685
Hellhole Lake,Lake,38.6171799,-119.884163
Hells Hollow,Valley,37.7986761,-120.1440747
Hells Hollow Creek,Stream,37.8113162,-120.1349092
Hells Mountain,Summit,38.073449,-119.9168002
Helms Creek,Stream,37.0502218,-118.9445557
Hemlock Lake,Lake,38.8612497,-120.1946643
Mount Henry,Summit,37.1831905,-118.8272365
Hermit Spring,Spring,38.4241574,-120.238989
Hermit Valley,Basin,38.5393535,-119.8885147
Herring Creek,Stream,38.2015833,-119.9990729
Herring Creek Reservoir,Reservoir,38.2526971,-119.9260154
Hester Lake,Lake,37.0931782,-118.624233
Hetch Hetchy Dome,Summit,37.9654229,-119.7526811
Hetch Hetchy Reservoir,Reservoir,37.9458523,-119.7365498
Hidden Lake,Lake,37.1577653,-118.4886966
Hidden Lake,Lake,37.3007473,-119.2344291
Hidden Lake,Lake,38.2611458,-119.5363804
Hidden Lake,Lake,38.6271704,-120.1096214
Hidden Lakes,Lake,37.4185648,-118.7499291
Hidden Spring,Spring,36.602964,-118.8602594
High Emigrant Lake,Lake,38.2093268,-119.6314976
High Peak,Summit,38.7063099,-119.6277874
Hildreth Mountain,Summit,37.1204647,-119.6388919
Hilgard Branch,Stream,37.3446608,-118.8753964
Hilgard Lake,Lake,37.3670874,-118.8394591
Mount Hilgard,Summit,37.3603118,-118.8269322
Hilton Creek Lakes,Lake,37.4774949,-118.7610425
Hines Spring,Spring,36.9785449,-118.2295423
Hitchcock Lakes,Lake,36.5592946,-118.3090097
Mount Hitchcock,Summit,36.5548662,-118.3118521
Hobart Reservoir,Reservoir,39.4159885,-120.1974857
Hobron Hill,Summit,37.7939469,-120.1119917
Hoffman Creek,Stream,37.4329982,-119.172901
Hogan Mountain,Summit,37.4858708,-119.666682
Hoke Valley,Valley,39.4955445,-120.0975436
Holcomb Lake,Lake,37.6283078,-119.154046
Holster Lake,Lake,37.1062657,-118.7840351
Home Camp Creek,Stream,37.2346674,-119.2342891
Homewood,Populated Place,39.0868516,-120.1601901
Homewood Canyon,Valley,39.0784026,-120.1600779
Honey Creek,Stream,38.9118489,-120.4943672
Honeymoon Lake,Lake,37.3396341,-118.743449
Hookers Cove,Basin,37.196891,-119.3720734
Hookers Creek,Stream,37.1863355,-119.3548502
Hoopal Lake,Lake,37.2717615,-118.8195618
Hooper Creek,Stream,37.3057749,-118.9484502
Hooper Lake,Lake,37.3008823,-118.9090446
Mount Hooper,Summit,37.2921788,-118.8951063
Hoover Creek,Stream,37.6493748,-119.5020983
Hope Valley,Basin,38.7771285,-119.9329583
Hopkins Creek,Stream,37.4399356,-118.8242896
Mount Hopkins,Summit,37.4637675,-118.8133827
Horse Canyon,Valley,38.6262853,-120.0309411
Horse Corral Creek,Stream,36.740222,-118.7828793
Horse Creek,Stream,38.144642,-119.377939
Horse Gulch,Valley,38.4415988,-120.1571988
Horse Spring,Spring,38.990587,-120.531928
Horse Thief Spring,Spring,38.6123087,-120.0899763
Horsehead Lake,Lake,37.0901373,-118.79965
Horseshoe Lake,Lake,37.1326345,-118.8042399
Horseshoe Lake,Lake,37.6087742,-119.0194324
Horseshoe Lakes,Lake,36.9483286,-118.5735129
Horsetail Falls,Falls,37.5393789,-118.8295713
Horsetail Falls,Falls,38.8304387,-120.1233439
Hortense Lake,Lake,37.4913635,-118.9164955
Horton Lake,Lake,37.316542,-118.666158
Hot Spring,Spring,38.0481366,-119.0810852
Hotel Creek,Stream,36.7918855,-118.6698224
Howard Creek,Stream,39.6162889,-120.5907709
Hughes Creek,Stream,36.8193938,-119.3801254
Hughes Mountain,Summit,36.8402933,-119.3335517
Hull Creek Spring,Spring,38.0928202,-120.0436052
Hume Lake,Lake,36.7907569,-118.9051687
Humphreys Basin,Basin,37.2652124,-118.7065039
Humphreys Lakes,Lake,37.2661783,-118.6823289
Mount Humphreys,Summit,37.269972,-118.6716534
Hunewill Lake,Lake,38.1125923,-119.3183222
Hungry Packer Lake,Lake,37.1587928,-118.6443507
Hunter Creek,Stream,38.4135233,-120.427978
Hunters Valley,Valley,38.8755858,-120.4555957
Mount Huntington,Summit,37.4696338,-118.777226
Hurd Lake,Lake,37.1554066,-118.5627238
Hurd Peak,Summit,37.1408984,-118.5660725
Hutchings Creek,Stream,37.7088202,-119.3115356
Mount Hutton,Summit,37.1254936,-118.7995769
Mount Huxley,Summit,37.1360363,-118.6827388
Huysink Lake,Lake,39.2878652,-120.5359846
Hyatt Lake,Lake,38.1213934,-119.8361835
IXL Canyon,Valley,38.6090835,-119.7661522
Ice House Reservoir,Reservoir,38.8247113,-120.3430954
Iceberg Lake,Lake,37.6705442,-119.1690765
Iceland Lake,Lake,38.2281524,-119.7446454
Mount Ickes,Summit,36.9329739,-118.4391679
Idaho Lake,Lake,37.293182,-119.1297522
Illilouette Creek,Stream,37.7257597,-119.5568287
Independence Creek,Stream,36.8249324,-118.1823168
Independence Lake,Reservoir,39.4423127,-120.3090618
Independence Peak,Summit,36.7609598,-118.3318345
Indian Basin,Basin,36.7982792,-118.9442746
Indian Burying Gulch,Valley,38.2150391,-120.4229251
Indian Creek,Stream,36.8163338,-118.8892729
Indian Creek,Stream,38.6896278,-119.7654542
Indian Creek,Stream,38.8851848,-119.7026747
Indian Creek,Stream,36.6207814,-119.0664977
Indian Creek,Stream,37.6757624,-119.7701715
Indian Creek,Stream,38.1479755,-120.5743709
Indian Gulch,Valley,37.6579053,-120.0525507
Indian Hill,Summit,36.6341441,-119.0594548
Indian Spring,Spring,37.9143888,-120.0848858
Indian Spring,Spring,37.9490315,-118.8587337
Indian Springs,Spring,37.0049429,-118.883442
Indian Valley,Basin,38.5907415,-119.8726804
Infant Buttes,Summit,37.3268934,-118.9391132
Inferno Lakes,Lake,38.0867713,-119.7590428
Inyo Crater Lakes,Lake,37.6915373,-119.0116985
Inyo Creek,Stream,36.5982673,-118.179812
Ionian Basin,Basin,37.0932703,-118.679274
Iridescent Lake,Lake,36.5346096,-118.2600589
Iron Creek,Stream,37.6199367,-119.2226351
Iron Creek,Stream,37.5338254,-119.5273701
Iron Lake,Lake,37.6121785,-119.1692317
Iron Mountain,Summit,37.4881517,-118.0722034
Iron Mountain,Summit,37.6114227,-119.164761
Mount Irvine,Summit,36.5559097,-118.2635395
Isberg Pass,Gap,37.6438231,-119.3262534
Isberg Lakes,Lake,37.6484855,-119.31266
Isberg Peak,Summit,37.6511723,-119.3237957
Island Lake,Lake,38.8754288,-120.1894056
Island Pass,Gap,37.7360427,-119.1948671
Italian Creek,Stream,37.1496696,-119.401519
Italy Pass,Gap,37.3524356,-118.7837306
Lake Italy,Lake,37.3580444,-118.8062896
Izaak Walton Lake,Lake,37.4846897,-118.9007062
Mount Izaak Walton,Summit,37.4699661,-118.8899224
Jabu Lake,Lake,38.8654669,-120.1223967
Jack Robinson Ravine,Valley,39.0557011,-120.5383723
Jackass Canyon,Valley,38.5718035,-120.0198082
Jackass Creek,Stream,38.5858899,-119.3258997
Jackass Meadow,Lake,37.282812,-118.961956
Jackass Spring,Spring,38.549575,-119.372892
Jackson Canyon,Valley,38.5574968,-119.9690244
Jackson Gulch,Valley,37.7942432,-120.215987
Jackson Lake,Reservoir,39.4626144,-120.5616983
Jackson Spring,Spring,38.8766955,-120.5686658
Jamison Ravine,Valley,39.0642383,-120.5339455
Jawbone Falls,Falls,38.0082544,-119.9718489
Jawbone Lake,Lake,37.2883393,-118.8013025
Jawbone Pass,Gap,38.0365869,-119.9410148
Jawbone Pass Pond,Lake,38.0332569,-119.9620015
Jay Bird Canyon,Valley,38.8335452,-120.5322368
Jay Bird Spring,Spring,38.8314891,-120.5153056
Da-ek Dow Go-et Wa Tah,Stream,38.6340741,-119.8621241
Da-ek Dow Go-et Mountain,Summit,38.6367048,-119.89664
Jennie Lake,Lake,36.6801367,-118.7654797
Jerry Canyon,Valley,38.9968138,-120.5592888
Jewel Lake,Lake,37.2944765,-119.180813
Jewelry Lake,Lake,38.1629606,-119.7830686
Jigsaw Pass,Gap,37.1202112,-118.5342733
J.O. Pass,Gap,36.6757772,-118.7439884
Jobs Sister,Summit,38.8622846,-119.8843965
Joe Crane Lake,Lake,37.6253543,-119.3145726
Joe Devel Peak,Summit,36.5153256,-118.2963785
Johnnys Hill,Summit,39.005323,-120.3766157
Johnson Creek,Stream,37.4204977,-119.3834666
Johnson Lake,Lake,37.5679665,-119.517159
Johnson Pass,Gap,38.824074,-120.0310166
Johnson Spring,Spring,36.9092203,-118.0795373
Mount Johnson,Summit,37.1284588,-118.5863576
Johnston Lake,Lake,37.6455355,-119.0996368
Johnston Meadow,Lake,37.645791,-119.1025054
Jones Fork Silver Creek,Stream,38.8657388,-120.4182532
Jones Valley,Basin,39.5604628,-120.1179799
Jordan Creek,Stream,37.7518723,-120.0415738
Jose Basin,Basin,37.1038367,-119.3787398
Mount Judah,Summit,39.2985278,-120.3155723
Mount Julius Caesar,Summit,37.3567335,-118.7816664
Jumble Lake,Lake,37.3499574,-118.7962114
Junction Butte,Summit,37.5300832,-119.1970838
Junction Pass,Gap,36.6945176,-118.3566651
Junction Peak,Summit,36.6909623,-118.366282
June Lake,Lake,37.7886445,-119.0736117
June Lake Junction,Populated Place,37.8124299,-119.0543117
Juniper Creek,Stream,39.36536,-120.07241
Juniper Hill,Summit,39.3450764,-120.0234103
Juniper Mountain,Summit,37.6728445,-118.1415477
Juniper Ridge Spring,Spring,39.337285,-120.022652
Kaiser Creek,Stream,37.3549439,-119.2912375
Kaiser Pass,Gap,37.2913329,-119.1028969
Kaiser Peak Meadows,Lake,37.3112626,-119.118283
Kalmia Lake,Lake,38.9108351,-120.1250924
Karls Lake,Lake,38.145842,-119.7630009
Kearsarge,Populated Place,36.8068763,-118.1173143
Kearsarge Pass,Gap,36.7726017,-118.3762477
Kearsarge Peak,Summit,36.7894738,-118.3471997
Mount Keith,Summit,36.7000695,-118.3434162
Keiths Dome,Summit,38.8594909,-120.1064986
Kelty Canyon,Valley,37.7622885,-118.5891262
Kendrick Creek,Stream,38.0238083,-119.8012886
Kennedy Peak,Summit,38.2457096,-119.6546683
Kennedy Table,Summit,37.1226102,-119.5910049
Kenneth Lake,Lake,37.4427066,-118.7127549
Kerckhoff Dome,Summit,37.2100683,-119.2334453
Kerrick Gulch,Valley,37.7722418,-118.4930204
Kettle Peak,Summit,36.6734119,-118.7334642
Kibbie Creek,Stream,37.9890875,-119.8671237
Kibbie Lake,Lake,38.0538155,-119.8458762
Kid Creek,Stream,36.8932702,-118.5334332
Kid Lakes,Lake,36.882659,-118.565226
Kid Peak,Summit,36.8779106,-118.5514321
Kidney Lake,Lake,37.8976993,-119.1978946
King Creek,Stream,37.6013261,-119.0917989
Kinney Creek,Stream,38.5743523,-119.8060118
Kinney Reservoir,Reservoir,38.5543048,-119.8100401
Kirkwood,Populated Place,38.7026857,-120.0726855
Kirkwood Creek,Stream,38.7085189,-120.0710187
Kirkwood Lake,Lake,38.7059245,-120.0832386
Kirman Lake,Lake,38.3399977,-119.4991207
Klondike Canyon,Valley,37.8620494,-118.5854802
Knapsack Pass,Gap,37.0833904,-118.543658
Knight Creek,Stream,38.1063101,-120.3949184
Knob Lake,Lake,37.26676,-118.7482342
Koip Peak,Summit,37.8137215,-119.2015443
Krappeau Gulch,Valley,38.0457286,-120.4857621
Kyburz,Populated Place,38.7746298,-120.2968596
La Honda Park,Populated Place,38.1204762,-120.4963115
Ladder Lake,Lake,37.0688912,-118.6200398
Lagoon Lake,Lake,37.4934848,-118.9660836
Lagoon Lake,Lake,39.0906809,-120.3793217
Lake Canyon,Valley,38.0246526,-119.244274
Lake Valley,Basin,38.5160216,-120.0268526
Lakecamp Lake,Lake,37.2569653,-119.0525877
Lakeview Canyon,Valley,39.3175865,-120.2853725
Lamarck Col,Gap,37.1904905,-118.6673335
Mount Lamarck,Summit,37.1948699,-118.6706147
Lane Lake,Lake,38.2925623,-119.5414441
Langille Peak,Summit,37.100918,-118.6107443
Larkin Lake,Lake,38.1993137,-118.8646974
Last Chance Gulch,Valley,37.7819374,-118.468834
Laura Lake,Lake,37.7056093,-119.1381649
Laurel Creek,Stream,37.4285477,-118.8501222
Laurel Creek,Stream,37.632712,-118.8912428
Laurel Lake,Lake,37.4606513,-118.8593957
Laurel Lake,Lake,37.9989348,-119.795222
Laurel Lakes,Lake,37.576432,-118.9137549
Laurel Mountain,Summit,37.5802079,-118.8912702
Lava Butte,Summit,36.7601267,-118.8894206
Lava Springs,Spring,38.4046206,-119.3948982
Le Conte Canyon,Valley,37.0516768,-118.5791544
Lake Le Conte,Lake,38.8704254,-120.1375514
Mount Le Conte,Summit,36.5416166,-118.2522251
Lead Gulch,Valley,36.847859,-118.0844086
Leavitt Creek,Stream,38.3193588,-119.5490578
Leavitt Falls,Falls,38.3192616,-119.562938
Leavitt Lake,Lake,38.2735765,-119.6187893
Ledge Lake,Lake,37.1291887,-118.5562945
Lee Lake,Lake,37.5008118,-118.8882184
Lee Vining,Populated Place,37.9574254,-119.1218156
Lee Vining Creek,Stream,37.9777027,-119.1018152
Lee Vining Peak,Summit,37.9724109,-119.1986658
Lefever Creek,Stream,36.8582815,-119.2551204
Leighton Lake,Lake,38.1416692,-119.7685405
Leonardi Spring,Spring,38.909105,-120.5461315
Leoni Fire Tank,Reservoir,38.6074068,-120.4785346
Leopold Lake,Lake,38.1773077,-119.8051208
Lertora Lake,Lake,38.1390447,-119.7204491
Leviathan Canyon,Valley,38.8033332,-119.6984394
Leviathan Creek,Stream,38.7354615,-119.6454497
Lewis Creek,Stream,36.8021638,-118.6951007
Lewis Fork,Stream,37.3618873,-119.6326488
Lewis Gulch,Valley,37.7126299,-120.0069288
Lewis Lakes,Lake,38.2194915,-119.7274744
Mount Lewis,Summit,37.8425738,-119.1897517
Liberty Hill,Summit,38.3678634,-120.1009015
Lightning Creek,Stream,36.8016093,-118.7356568
Lily Creek,Stream,38.1410289,-119.9671271
Lily Creek,Stream,38.2621375,-120.0162961
Lily Gap,Gap,38.4299115,-120.450201
Lily Lake,Lake,37.6041042,-119.2315227
Lily Lake,Lake,39.038716,-120.1887776
Lily Lake,Lake,38.875707,-120.081592
Lily Pad Lake,Lake,38.6052205,-119.8870587
Lime Canyon,Valley,36.7795296,-118.2860135
Lincoln Creek,Stream,39.6187901,-120.5221576
Lincoln Valley,Valley,39.5947874,-120.5059499
Mount Lincoln,Summit,39.2877608,-120.3284587
Line Creek Lake,Lake,37.2907568,-119.1930417
Lion Canyon,Valley,36.5401993,-119.0105707
Lion Creek,Stream,38.3068587,-120.0037958
Lion Creek,Stream,38.4101901,-120.431867
Lion Point,Summit,37.1942066,-119.3937394
Lion Point,Summit,37.5648031,-119.1247758
Little Bald Mountain,Summit,39.1443431,-120.5079677
Little Baldy,Summit,36.6143327,-118.8044999
Little Baldy Saddle,Gap,36.6193895,-118.8095449
Little Bear Lake,Lake,37.3302145,-118.8087295
Little Bear Lake,Lake,38.0808097,-119.7846593
Little Beaver Canyon,Valley,38.3445184,-120.0879204
Little Beaver Creek,Stream,38.2876944,-120.2140811
Little Blackrock Spring,Spring,36.9391003,-118.2364867
Little Blue Dome,Summit,36.5640951,-118.6575443
Little Cottonwood Canyon,Valley,38.7440608,-119.7098931
Little Crane Creek,Stream,37.6918728,-119.7712833
Little Deep Creek,Stream,38.4510245,-119.41683
Little Deer Creek,Stream,36.574945,-118.7856546
Little Deer Creek,Stream,39.0029611,-120.4324201
Little Dry Creek,Stream,38.096588,-120.4596429
Little Dry Creek,Stream,36.9266162,-119.7504239
Little Granite Creek,Stream,39.2285142,-120.5235385
Little Grinnell Lake,Lake,37.4748209,-118.8613768
Little Grizzly Canyon,Valley,38.9361902,-120.595012
Little Grizzly Creek,Stream,37.6899292,-119.8815657
Little Grizzly Creek,Stream,39.1099026,-120.5893717
Little Grizzly Mountain,Summit,37.711715,-119.9173207
Little Indian Valley,Basin,38.5962971,-119.8871252
Little Jackass Creek,Stream,37.792984,-120.2238005
Little Jo Lake,Lake,37.0875632,-118.7841088
Little Lake,Lake,37.1583981,-119.0447117
Little Lake,Lake,37.2957125,-118.7214505
Little Lakes,Lake,36.6474864,-118.7042711
Little Lakes,Lake,37.40298,-118.7536456
Little Lakes Valley,Valley,37.4493549,-118.7373204
Little McGee Lake,Lake,37.4929968,-118.8514276
Little Meysan Lake,Lake,36.5660457,-118.234812
Little Moccasin Lake,Lake,37.2731133,-118.8022276
Little Needle Lake,Lake,39.1810137,-120.2992752
Little Nellie Falls,Falls,37.7202049,-119.7843407
Little Onion,Basin,36.8129895,-118.3220418
Little Pebble Canyon,Valley,38.6946065,-120.4312283
Little Pothole Lake,Lake,36.7692749,-118.3505176
Little Rattlesnake Creek,Stream,38.33186,-120.2038031
Little Reservoir,Reservoir,38.5534996,-120.5830409
Little Reynolds Creek,Stream,38.0299207,-119.9876828
Little Sandy Creek,Stream,37.041894,-119.5020785
Little Secret Canyon,Valley,39.1755347,-120.5827928
Little Silver Creek,Stream,38.864905,-120.4513101
Little Soldier Creek,Stream,38.7940704,-120.5346469
Little Sugar Pine Mountain,Summit,38.8629201,-120.5996105
Little Tiger Creek,Stream,38.4985207,-120.4315892
Little Wallace Canyon,Valley,38.9769028,-120.5515682
Little Wolf Creek,Stream,38.339914,-119.5437799
Lobdell Lake,Reservoir,38.441893,-119.3634766
Lobe Lakes,Lake,37.2413252,-118.7578922
Loch Leven,Lake,37.2314172,-118.655346
Loch Leven Lakes,Lake,39.2835341,-120.5032887
Logger Point,Summit,36.7011332,-118.9956295
Mount Lola,Summit,39.4329877,-120.3648948
Lone Doe Lake,Lake,37.0994424,-118.8008808
Lake of the Lone Indian,Lake,37.4754484,-118.9372086
Lone Pine Canyon,Valley,36.8686858,-119.2123165
Lone Pine Creek,Stream,36.6041001,-118.0728655
Lone Pine Lake,Lake,36.5765313,-118.2482266
Lone Pine Peak,Summit,36.5617342,-118.2256995
Lone Tree Creek,Stream,37.6329862,-118.3934486
Loney Lake,Lake,39.385563,-120.5957197
Long Canyon,Valley,38.6387278,-120.4859235
Long Canyon,Valley,37.5057813,-118.9858888
Long Canyon,Valley,38.7420977,-120.2578856
Long Creek,Stream,37.6435468,-119.2284705
Long Gulch,Valley,37.8407335,-120.1773353
Long Gulch,Valley,38.0505028,-120.4816005
Long Gulch,Valley,38.0693709,-120.3745461
Long Gulch,Valley,38.437917,-120.1799543
Long John Creek,Stream,39.021572,-120.4432541
Long John Creek,Stream,38.4957424,-120.4718682
Long Lake,Lake,37.1441237,-118.5565772
Long Lake,Lake,37.3076673,-119.178246
Long Lake,Lake,37.4056003,-118.7591206
Long Lake,Lake,38.5750641,-120.081201
Long Lake,Lake,38.1752755,-119.7533732
Long Mountain,Summit,37.6672696,-119.2951092
Lookout Mountain,Summit,37.2468348,-118.5151874
Lookout Mountain,Summit,37.7288332,-118.9474766
Lookout Mountain,Summit,38.8833091,-120.5611281
Lookout Peak,Summit,36.7731326,-118.7160192
Lookout Peak,Summit,38.5106537,-119.8732892
Lookout Point,Summit,38.0566557,-119.8747124
Lookout Point,Summit,36.8913419,-118.321252
Looney Creek,Stream,38.0313097,-120.0046277
Loope Canyon,Valley,38.6657694,-119.6982673
Loper Peak,Summit,37.0383264,-118.9060404
Lord Spring,Spring,38.0632216,-120.4152722
Lost Canyon,Valley,37.0323299,-118.9794167
Lost Corner Mountain,Summit,39.0133298,-120.2041298
Lost Creek,Stream,37.0052255,-119.2195654
Lost Creek,Stream,38.030754,-119.996572
Lost Dog Lake,Lake,37.6391927,-119.1183184
Lost Keys Lakes,Lake,37.5156482,-119.0116989
Lost Lake,Lake,36.6737625,-118.7054653
Lost Lake,Lake,37.5938108,-118.9398576
Lost Lake,Lake,37.6360205,-119.2418863
Lois Lake,Lake,37.6754553,-119.1287157
Lost Lake,Lake,38.2303973,-119.6484541
Lost Lake,Lake,39.01409,-120.181608
Lost Lakes,Lake,37.2210443,-118.6860565
Lost Lakes,Lake,37.7740012,-119.2097059
Lost Lakes,Lake,38.6453446,-119.9457191
Lost Peak,Summit,37.0466402,-118.9611911
Lou Beverly Lake,Lake,37.3167184,-118.8612122
Lake Louise,Lake,39.0743536,-120.1873705
Louse Canyon,Valley,38.1311978,-119.8434462
Lousy Spring,Spring,36.8964078,-119.044914
Lower Beebe Lake,Lake,38.5991981,-120.0513589
Lower Blue Lake,Reservoir,38.6141968,-119.9311113
Lower Desolation Lake,Lake,37.2593155,-118.7083304
Lower Echo Lake,Lake,38.8393998,-120.0580324
Lower Honeymoon Lake,Lake,37.2521431,-118.7664832
Lower Hopkins Lake,Lake,37.4551433,-118.8278985
Lower Horsethief Lake,Lake,37.2880883,-119.2712749
Lower Indian Lake,Lake,37.1618618,-118.8459865
Lower Kinney Lake,Lake,38.5612749,-119.8233753
Lower Lamarck Lake,Lake,37.2171895,-118.6426829
Lower Mills Creek Lake,Lake,37.3988982,-118.8108734
Lower Morgan Lake,Lake,37.385638,-118.7328902
Lower Rainbow Falls,Falls,37.5943818,-119.0890206
Lower Relief Valley,Basin,38.2510243,-119.7546202
Lower Sardine Lake,Reservoir,37.8585451,-119.199647
Lower Sunset Lake,Lake,38.6114615,-119.8752427
Lower Turret Lake,Lake,37.2575437,-118.8343219
Lower Twin Lake,Lake,37.2926517,-119.1538174
Lubken Creek,Stream,36.5435451,-118.0509199
Lake Lucille,Lake,38.860761,-120.1120738
Luckett Mountain,Summit,36.8100488,-119.1927932
Lucky Canyon,Valley,36.5344371,-119.0104709
Lunch Creek,Stream,39.6160126,-120.5077126
Lundy Canyon,Valley,38.0336771,-119.1701457
Lundy Lake,Reservoir,38.0291482,-119.2306601
Luther Pass,Gap,38.7868509,-119.9468476
Lyell Fork Merced River,Stream,37.7007642,-119.3473703
Mount Lyell,Summit,37.7394124,-119.2718879
Lynford Gulch,Valley,37.7853198,-118.4733348
Lyon Peak,Summit,39.2066454,-120.31542
Lyons Creek,Stream,38.8151858,-120.2624137
Lyons Lake,Lake,38.8504155,-120.1811505
Lytton Lake,Lake,39.3255721,-120.3399361
Mace Lake,Lake,37.4844942,-118.9091987
Macedon Canyon,Valley,39.1654128,-120.5952595
Mack Canyon,Valley,38.3453999,-119.3248409
Mack Lake,Lake,37.4273939,-118.7507189
Macks Gulch,Valley,38.2210578,-120.4707487
Madden Creek,Stream,39.0910183,-120.1610235
Maggies Peaks,Summit,38.9314523,-120.1136983
Mallard Lake,Lake,37.2556511,-119.0436076
Mount Mallory,Summit,36.5490861,-118.2622756
Lake Mamie,Lake,37.6082736,-119.0104548
Mammoth Creek,Stream,37.6393787,-118.9079101
Mammoth Lakes,Lake,37.604659,-119.0112429
Mammoth Mountain,Summit,37.6306281,-119.0326215
Mammoth Pass,Gap,37.6093811,-119.0340213
Manila Canyon,Valley,39.144272,-120.5730731
Many Island Lake,Lake,38.0826507,-119.8128438
Maple Creek,Stream,36.5496684,-118.863434
Marble Creek,Stream,37.7504855,-118.1653882
Marble Falls,Falls,36.5529706,-118.7922067
Marble Fork Kaweah River,Stream,36.5138344,-118.8023207
Marble Gulch,Valley,37.745223,-120.0365511
Marble Springs,Spring,38.5474766,-120.5797661
Marcella Lake,Lake,37.3476847,-118.9141654
Margaret Lake,Lake,37.1351283,-118.5591326
Lake Margery,Lake,38.8587234,-120.1165461
Marie Lake,Lake,37.2968546,-118.8682835
Marie Lakes,Lake,37.7385432,-119.2409603
Marion Lake,Lake,36.9743248,-118.5173158
Marion Peak,Summit,36.9568635,-118.5222973
Lake Marjorie,Lake,36.9444285,-118.4310896
Markleeville Creek,Stream,38.7085164,-119.7685097
Markleeville Peak,Summit,38.6613341,-119.8981169
Markwood Creek,Stream,37.1049468,-119.2504003
Marmot Lake,Lake,37.2600051,-118.6839115
Marsh Lake,Lake,37.031919,-118.891146
Marsh Lake,Lake,37.4217133,-118.7529359
Marsh Lake,Lake,37.505964,-118.979659
Marshall Hill,Summit,37.0186965,-119.5739713
Marshall Junction,Populated Place,37.0138387,-119.5690265
Marshall Lake,Lake,37.3018773,-118.8760567
Martha Lake,Lake,37.0945753,-118.7385649
Martin Gulch,Valley,38.2042129,-120.5080809
Martis Creek,Stream,39.349907,-120.1182526
Martis Peak,Summit,39.2913859,-120.0329376
Martis Valley,Valley,39.3498958,-120.1183062
Marvin Pass,Gap,36.7302212,-118.7351002
Marie Louise Lakes,Lake,37.1544084,-118.5542843
Lake Mary,Lake,37.6029148,-119.0028232
Lake Mary,Reservoir,39.3119675,-120.329971
Masonic Spring,Spring,38.353386,-119.121215
Matelot Gulch,Valley,38.0390936,-120.4007811
Matelot Reservoir,Reservoir,38.0514933,-120.3938309
Mather,Populated Place,37.8821454,-119.8557341
Matlock Lake,Lake,36.763401,-118.357923
Mattley Creek,Stream,38.4960226,-120.1365791
Maxson Dome,Summit,37.1219847,-118.9549308
Maxson Lake,Lake,37.0307689,-118.8127838
Maxwell Creek,Stream,38.7582395,-119.9371251
Maxwell Lake,Lake,38.1572442,-119.6754324
Mazourka Canyon,Valley,36.8277265,-118.0891714
McAfee Creek,Stream,37.6982637,-118.0623267
McCabe Creek,Stream,38.0049219,-119.3773832
McCloud Lake,Lake,37.6079687,-119.0305862
McClure Lake,Reservoir,37.64152,-119.314296
McCormick Creek,Stream,38.3574125,-119.8960145
McCulloh Spring,Spring,38.9677818,-120.5488497
Lake McDermand,Lake,37.1195804,-118.6808633
Mount McDuffie,Summit,37.0735254,-118.6439192
McGann Springs,Spring,36.853267,-118.2948199
McGee Canyon,Valley,37.8630292,-118.699266
McGee Creek,Stream,37.3974301,-118.4920604
McGee Creek,Stream,37.6063217,-118.783462
McGee Creek,Stream,37.9068745,-118.7034636
Longley Lake,Reservoir,37.2840783,-118.6612597
McGee Lake,Lake,37.6545905,-119.3008532
McGee Mountain,Summit,37.5665952,-118.8112263
McGee Pass,Gap,37.501047,-118.8609583
Mount McGee,Summit,37.1388212,-118.738153
McGuire Lakes,Lake,37.0784795,-118.8063088
McIntosh Hill,Summit,39.2893252,-120.5402798
McKay Creek,Stream,38.3129694,-119.6071154
McKay Spring,Spring,39.3477155,-120.0909345
McKee Hill,Summit,38.2734883,-120.1171416
McKinney Creek,Stream,39.0732406,-120.140189
McKinney Creek,Stream,38.2229733,-120.5010361
McKinney Lake,Lake,39.0406978,-120.1772553
McLaughlin Creek,Stream,37.7552096,-118.8481912
McLaughlin Springs,Spring,37.792931,-118.836837
Meadow Brook,Stream,37.0804969,-118.8534433
Meadow Brook,Stream,37.7152048,-119.6657231
Meadow Creek,Stream,38.5787983,-120.0004621
Meadow Lake,Reservoir,38.6008667,-119.9687779
Meadow Spring,Spring,39.2733471,-120.5854837
Medley Lake,Lake,37.3015876,-118.8536753
Meeks Creek,Stream,39.036852,-120.1226873
Meentzen Gulch,Valley,38.0160852,-120.3722435
Mehrten Creek,Stream,36.5379988,-118.6920409
Mount Mendel,Summit,37.1748412,-118.6822359
Merriam Lake,Lake,37.2948495,-118.7919203
Merriam Peak,Summit,37.3091265,-118.7652123
Merrill Creek,Stream,39.5040746,-120.097424
Merrill Spring,Spring,38.0955684,-120.1156842
Merrill Valley,Basin,39.5310187,-120.0990908
Mesa Lake,Lake,37.2676742,-118.7204497
Meysan Lake,Lake,36.5556208,-118.2507803
Miami Creek,Stream,37.3427212,-119.7282104
Miami Mountain,Summit,37.4192826,-119.7454025
Middle Creek,Stream,38.621297,-119.9321263
Middle Creek,Stream,38.7512972,-120.2646361
Middle Dry Creek,Stream,38.5926848,-120.4874239
Middle Fork Blackwood Creek,Stream,39.0865737,-120.213803
Middle Fork Chowchilla River,Stream,37.3443873,-119.8376612
Middle Fork Dougherty Creek,Stream,36.9246607,-118.6248238
Middle Fork Kaweah River,Stream,36.5138344,-118.8023207
Middle Fork San Joaquin River,Stream,37.5321627,-119.1829049
Middle Fork Shannon Canyon,Valley,37.2095559,-118.3903476
Middle Gulch,Valley,38.4311632,-120.1573457
Middle Martis Creek,Stream,39.3018512,-120.1210289
Middle Sister,Summit,38.5078638,-119.2955311
Middle Turret Lakes,Lake,37.2681225,-118.8329237
Midge Creek,Stream,37.2574446,-119.1415086
Midnight Lake,Lake,37.1660777,-118.6472979
Midway Lake,Lake,37.0417377,-118.7508598
Miguel Creek,Stream,37.9538106,-119.8812907
Mildred Lake,Lake,37.5465069,-118.8744143
Mildred Lakes,Lake,39.1613712,-120.3289975
Mount Mildred,Summit,39.145812,-120.3302068
Milk Ranch Canyon,Valley,36.7188722,-119.0948365
Milk Ranch Spring,Spring,38.044458,-120.073164
Mill City (historical),Populated Place,37.6227138,-118.9923553
Mill Creek,Stream,38.3065831,-120.2335263
Mill Creek,Stream,37.1393918,-119.3781844
Mill Creek,Stream,37.3621659,-119.2917931
Mill Creek,Stream,38.0160348,-119.1282054
Mill Creek,Stream,38.288248,-120.0096292
Mill Creek,Stream,38.4487991,-120.5007582
Mill Creek,Stream,38.5168556,-119.4734994
Mill Creek,Stream,38.7735169,-120.3949193
Millberry Canyon,Valley,38.7230096,-119.8286584
Millberry Creek,Stream,38.6946279,-119.7779545
Miller Creek,Stream,37.4929981,-119.2467915
Miller Gulch,Valley,37.6683697,-119.9214959
Miller Lake,Lake,39.0352559,-120.2000654
Millerton Lake,Reservoir,37.0115179,-119.672395
Millie Lake,Lake,38.3373012,-119.5401589
Mills Creek,Stream,37.4227148,-118.8581774
Mills Lake,Lake,37.4029275,-118.776136
Mount Mills,Summit,37.393853,-118.7899979
Millwood (historical),Populated Place,36.7446692,-119.0045538
Milton Creek,Stream,39.5649004,-120.5846588
Milton Reservoir,Reservoir,39.5213686,-120.576902
Minaret Creek,Stream,37.6385468,-119.0881909
Minaret Falls,Falls,37.640769,-119.0948579
Minaret Lake,Lake,37.6599187,-119.1584296
Minaret Summit,Summit,37.6563018,-119.0607235
Mineral Mountain,Summit,38.5265358,-119.6251187
Minnie Lake,Lake,37.4660132,-118.9893599
Minnow Creek,Stream,37.5116057,-118.972902
Minnow Lake,Lake,37.5788811,-119.5151632
Miramonte,Populated Place,36.6924476,-119.0523321
Mirror Lake,Lake,36.5707599,-118.2630459
Mirror Lake,Lake,37.2144687,-119.1249048
Mist Lake,Lake,37.3812518,-118.836956
Mitchell Canyon,Valley,39.5688309,-120.0326972
Mitchell Canyon,Valley,36.5222304,-119.0115595
Mitchell Peak,Summit,36.7322781,-118.7149607
Moat Lake,Lake,38.0564056,-119.2790298
Mogul Canyon,Valley,38.6762281,-119.7376729
Mogul Peak,Summit,38.6888733,-119.717768
Lake Moic,Lake,37.2671857,-119.5722167
Mokelumne Peak,Summit,38.5380449,-120.0943408
Monitor Creek,Stream,38.6604619,-119.7279531
Mono Basin,Basin,37.9540934,-118.9426418
Mono Dome,Summit,37.9594391,-119.1717188
Mono Lake,Lake,38.0075145,-119.0154315
Mono Mills,Populated Place,37.8874283,-118.9593089
Mono Pass,Gap,37.4249342,-118.7726228
Mono Pass,Gap,37.8552057,-119.2134826
Mono Rock,Summit,37.4381029,-118.7948566
Mono Vista Spring,Spring,38.0180179,-119.1395844
Monte Carlo Creek,Stream,39.3051848,-120.0732501
Montgomery City,Populated Place,37.8285428,-118.430953
Montgomery Gulch,Valley,37.7041816,-119.9537271
Montgomery Peak,Summit,37.838259,-118.3567721
Moon Lake,Lake,37.2923564,-118.729612
Lake of the Fallen Moon,Lake,36.9140509,-118.614499
Moonlight Lake,Lake,37.1623635,-118.6351757
Moore Creek,Stream,37.751039,-120.0357402
Moore Creek,Stream,38.4813013,-120.2660282
Moose Lake,Lake,36.6006847,-118.6382873
Lake Moran,Lake,38.3829432,-120.1303605
Morgan Creek,Stream,37.3610446,-118.699008
Morgan Pass,Gap,37.3913229,-118.7512326
Mount Morgan,Summit,37.4051772,-118.7329467
Mount Morgan,Summit,37.5113171,-118.779836
Moro Rock,Summit,36.5442315,-118.7648763
Mount Morrison,Summit,37.5613867,-118.8582768
Mosquito Lake,Lake,38.2025197,-119.673158
Mosquito Lake,Lake,38.5157433,-119.9121099
Mosquito Lake,Lake,38.576167,-120.1171854
Mosquito Pass,Gap,37.1857733,-118.8528907
Moss Spring,Spring,37.7149452,-119.6593204
Mott Lake,Lake,37.4542326,-118.882838
Mountain Meadow Lake,Lake,39.21691,-120.274243
Mountaineer Creek,Stream,38.7357392,-119.6454497
Mud Lake,Lake,38.3375271,-119.5229699
Mud Spring,Spring,38.3818587,-120.188525
Muir Pass,Gap,37.1116032,-118.6706636
Mule Creek,Stream,36.9302239,-119.0065005
Mule Lake,Reservoir,36.8898557,-118.3434705
Murderers Gulch,Valley,38.0700978,-120.4729358
Muriel Lake,Lake,37.2332535,-118.6966765
Muriel Peak,Summit,37.2172059,-118.6930998
Murphy Creek,Stream,38.3710284,-119.1954305
Murry Creek,Stream,36.6130039,-119.0909428
Musick Creek,Stream,37.0913369,-119.382351
Musick Mountain,Summit,37.1699072,-119.3088064
Musser and Jarvis Creek,Stream,38.6901838,-119.8090666
Myers Fire Tank,Reservoir,38.5907411,-120.4376999
Mystery Lake,Lake,37.1587821,-119.088614
Napoleon Canyon,Valley,38.5739035,-119.5613661
Ned Gulch,Valley,37.6697309,-119.901464
Neds Gulch,Valley,38.2135049,-120.4323242
Needle Lake,Lake,39.200833,-120.29731
Needle Peak,Summit,39.2005178,-120.3009976
Neelle Lake,Lake,37.4359604,-118.7749803
Neffs Camp,Populated Place,36.7038361,-119.0039972
Negit Lake,Lake,37.2816493,-118.8037227
Johnson Canyon,Valley,39.3243904,-120.2853041
Nehouse Creek,Stream,37.3904988,-119.322351
Neil Lake,Lake,37.2981031,-118.9072056
Nelder Creek,Stream,37.3618873,-119.6326488
Nellie Lake,Lake,37.2809869,-119.2464367
New York Canyon,Valley,39.2189376,-120.5088636
Mount Newcomb,Summit,36.5400684,-118.2934108
Niagara Creek,Stream,37.9943663,-120.0212946
Niagara Creek,Stream,38.33158,-119.9404603
Nichols Canyon,Valley,37.0799153,-118.8614456
Noble Canyon,Valley,38.5970034,-119.7790802
Noble Lake,Lake,38.5280687,-119.7773264
Noname Lake,Lake,37.6272903,-119.1479762
North Canyon,Valley,37.8993986,-118.7153333
North Crane Creek,Stream,37.8018695,-119.8476781
North Fork,Stream,38.2576941,-120.1151885
North Fork Bairs Creek,Stream,36.7068771,-118.20176
North Fork Blackwood Creek,Stream,39.0929625,-120.2132475
North Fork Buckeye Creek,Stream,38.1724182,-119.470999
North Fork Camp Creek,Stream,38.6551874,-120.2699153
North Fork Cherry Creek,Stream,38.0982507,-119.7901771
North Fork Cottonwood Creek,Stream,38.4215807,-119.4179411
North Fork Crooked Creek,Stream,37.4927079,-118.1301008
North Fork Griswold Creek,Stream,38.2696388,-120.1665793
North Fork Halls Gulch,Valley,37.659476,-119.9916751
North Fork Kid Creek,Stream,36.8929926,-118.5395444
North Fork Kings River,Stream,36.8693917,-119.1351159
North Fork Little Dry Creek,Stream,36.9671721,-119.5976385
North Fork Lone Pine Creek,Stream,36.58549,-118.2403683
North Fork Long Canyon,Valley,39.0211781,-120.5154398
North Fork Lubken Creek,Stream,36.548823,-118.0773092
North Fork McAfee Creek,Stream,37.6235408,-118.1617727
North Fork Mono Creek,Stream,37.4152166,-118.9145655
North Fork Oak Creek,Stream,36.8321551,-118.2506528
North Fork Perry Aiken Creek,Stream,37.6575174,-118.1351471
North Fork Prosser Creek,Stream,39.3818503,-120.2399225
North Fork San Joaquin River,Stream,37.5321627,-119.1829049
North Fork Shannon Canyon,Valley,37.2187655,-118.3895406
North Fork Soldier Creek,Stream,38.7940706,-120.5118683
North Fork Stevenson Creek,Stream,37.1305022,-119.2620676
North Goddard Creek,Stream,37.1341048,-118.7642769
North Guard Creek,Stream,36.7673638,-118.4718788
North Lake,Reservoir,37.2314945,-118.6142845
North Miller Creek,Stream,39.0351849,-120.2174128
North Mountain,Summit,36.805055,-118.6308981
North Palisade,Summit,37.0942428,-118.5144372
North Sly Park Creek,Stream,38.7310157,-120.473256
North Steely Creek,Stream,38.6168512,-120.4668674
North Wallace Canyon,Valley,38.9836121,-120.5279599
Norwegian Gulch,Valley,38.0056287,-120.4846391
Nutmeg Glen,Valley,37.0066767,-119.1894129
Nutter Lake,Lake,38.0667862,-119.2967828
Nydiver Lakes,Lake,37.6936974,-119.1719971
O'Connor Gulch,Valley,38.5913058,-120.5712786
Oat Mountain,Summit,36.8507092,-119.160094
Observation Peak,Summit,37.0232152,-118.5236653
Ogilby Canyon,Valley,38.7668569,-120.4803469
Olaine Lake,Lake,37.6943478,-119.113912
Old Man Mountain,Summit,39.3702703,-120.5222479
Old Pipe Lake,Lake,37.0608106,-118.8682083
Tubbe Paa Lake,Lake,37.273279,-118.8276229
Olive Lake,Lake,37.473116,-118.9872306
Mount Olsen,Summit,38.0407754,-119.24557
Onion Creek,Stream,37.1565981,-118.4009381
Onion Creek,Stream,39.2540715,-120.3721455
Onion Creek,Stream,38.8557371,-120.5360355
Onion Lake,Lake,38.0424883,-119.3193205
Onion Valley,Basin,36.7741006,-118.332597
Orchid Lake,Lake,37.3273197,-118.8907312
Ordinance Creek,Stream,37.1996683,-119.3054034
Oregon Gulch,Valley,38.5337189,-120.5121441
Osma Lake,Lake,38.8380591,-120.1355734
Ostrander Lake,Lake,37.6244917,-119.550455
Pacific Creek,Stream,38.5396316,-119.9193489
Pacific Valley,Basin,38.5185207,-119.9024042
Packsaddle Lake,Lake,37.2364278,-118.740148
Paddle Creek,Stream,38.0638088,-119.9921275
Payne Lake,Lake,37.2313884,-118.7300059
Painted Lady,Summit,36.7928233,-118.3994638
Painted Rock,Summit,39.2419064,-120.3209145
Palen Reservoir,Reservoir,39.6528471,-120.30787
Palisade Basin,Basin,37.0799344,-118.5362161
Panther Creek,Stream,36.5391106,-118.7192636
Panther Creek,Stream,38.4735216,-120.4165887
Panther Gap,Gap,36.5849433,-118.7039863
Panther Peak,Summit,36.5833407,-118.7157479
Paoha Lake,Lake,37.2824401,-118.8096476
Papoose Lake,Lake,37.471365,-118.9333062
Paps Gulch,Valley,37.7247472,-119.9197554
Par Value Lakes,Lake,38.0865564,-119.3305675
Paradise Lake,Lake,39.3995416,-120.3618107
Pardoe Lake,Lake,38.5912886,-120.107314
Parker Creek,Stream,37.8824276,-119.0987581
Parker Lake,Lake,37.8341035,-119.1583291
Parker Lakes,Lake,36.800986,-118.3596972
Parker Pass,Gap,37.8385395,-119.2054263
Parker Pass Lake,Lake,37.835056,-119.2111663
Parker Peak,Summit,37.8142941,-119.1842705
Patterson Creek,Stream,36.9085579,-119.0840033
Patterson Mountain,Summit,36.9747627,-119.0563807
Mount Patterson,Summit,38.4365769,-119.3051453
Pavilion Dome,Summit,37.2306423,-118.8090143
Payson Canyon,Valley,37.3124564,-118.1113773
Pear Lake,Lake,36.6012246,-118.6674844
Pearl Lake,Lake,38.8919032,-120.2569522
Pearl Lake,Lake,37.05278,-118.7471851
Peavine Creek,Stream,38.8174063,-120.3654734
Peckinpah Creek,Stream,37.2363359,-119.4962466
Pellisier Creek,Stream,37.6877091,-118.4120611
Pemmican Lake,Lake,37.2603107,-118.8150703
Pendant Lake,Lake,37.259469,-118.821838
Pennsylvania Creek,Stream,38.5979629,-119.778233
Pennsylvania Gulch,Valley,38.1253191,-120.4449204
Peppermint Creek,Stream,38.1293649,-120.4313092
Mount Perkins,Summit,36.9271662,-118.381436
Perry Aiken Creek,Stream,37.6910416,-118.0584374
Persian Creek,Stream,36.6207815,-119.0756646
Peruvian Gulch,Valley,38.0468256,-120.4842571
Peter Pande Lake,Lake,37.4677728,-118.9817319
Peter Peak,Summit,37.145548,-118.7458239
Phoenix Lake,Lake,39.3754294,-120.5222614
Pi-Pi Creek,Stream,38.567964,-120.4263108
Picayune Valley,Basin,39.1624059,-120.3118637
Mount Pickering,Summit,36.5272735,-118.2908888
Picket Creek,Stream,36.5763261,-118.4434263
Pickett Peak,Summit,38.755985,-119.9031794
Pigeon Gulch,Valley,37.6653929,-119.8061025
Pigeon Roost Canyon,Valley,38.9304956,-120.586678
Pika Lake,Lake,37.551119,-118.9525241
Pikes Peak,Summit,38.2604653,-119.9691224
Pilot Knob,Summit,37.2734051,-118.7571109
Pilot Peak,Summit,37.4364141,-119.7012416
Pilot Spring,Spring,37.8261661,-118.8718046
Pinchot Pass,Gap,36.9363599,-118.4124128
Mount Pinchot,Summit,36.9473279,-118.4052002
Pine Creek Pass,Gap,37.3174347,-118.7362289
Pine Lake,Lake,37.3521747,-118.7287352
Pine Mountain Lake,Reservoir,37.851341,-120.1974843
Pine Nut Canyon,Valley,39.0716284,-120.539941
Pines Creek,Stream,37.3221666,-119.5465303
Pinoche Peak,Summit,37.6346567,-119.7755087
Pinyon Creek,Stream,36.7777106,-118.2670411
Pinyon Mountain,Summit,37.7017162,-118.1744349
Pioneer Basin,Basin,37.4749344,-118.8009581
Pioneer Basin Lakes,Lake,37.4686857,-118.8050403
Piper Peak,Summit,37.1591824,-118.3857442
Pitman Creek,Stream,37.2032788,-119.2370669
Pitt Lake,Lake,38.8357769,-120.1256342
Piute Canyon,Valley,37.2234164,-118.8331393
Piute Canyon,Valley,38.246173,-119.4917418
Piute Creek,Stream,37.5046512,-118.3489997
Piute Lake,Lake,37.2352804,-118.6714658
Piute Mountain,Summit,37.5374233,-118.2327005
Piute Pass,Gap,37.2391011,-118.6840025
Pizona Creek,Stream,37.9599306,-118.5837386
Plum Creek,Stream,38.9143489,-120.5007563
Plum Creek,Stream,38.7679605,-120.4421434
Poison Creek,Stream,37.5299296,-118.1637141
Poison Creek,Stream,38.3151936,-119.452665
Poison Creek,Stream,38.7301839,-119.6348938
Poison Hole,Basin,38.94824,-120.3185268
Poison Spring,Spring,38.3940539,-120.1832288
Poleta Canyon,Valley,37.3445447,-118.3068778
Pond Lily Lake,Lake,37.542293,-119.1026473
Poop Out Pass,Gap,36.6888333,-118.7814897
Poopenaut Valley,Valley,37.9174159,-119.8228792
Poor Boy Creek,Stream,38.6815724,-119.7526762
Poore Creek,Stream,38.3432475,-119.5282237
Poore Lake,Reservoir,38.3085565,-119.526748
Pops Gulch,Valley,36.9262496,-118.0871765
Porath Gulch,Valley,37.7070107,-119.9819554
Porphyry Lake,Lake,37.6280498,-119.3353416
Portal Lake,Lake,37.0429548,-118.7574777
Portuguese Creek,Stream,37.4696633,-119.3804118
Portuguese Gulch,Valley,38.0013773,-120.3832289
Post Corral Canyon,Valley,38.1825329,-119.7795373
Post Corral Creek,Stream,37.0846648,-118.9037222
Post Lakes,Lake,37.6263849,-119.3467586
Post Peak,Summit,37.6281298,-119.3279705
Post Peak Pass,Gap,37.6304904,-119.3287524
Potter Creek,Stream,37.2560558,-119.1595647
Potter Pass,Gap,37.2871664,-119.1406757
Mount Powell,Summit,37.1386737,-118.6340226
Prather,Populated Place,37.0374497,-119.5140236
Mount Price,Summit,38.8638688,-120.1747281
Primrose Lake,Lake,36.5212482,-118.2764745
Prosser Hill,Summit,39.3751787,-120.2171311
Pruett Lake,Lake,38.1122842,-119.7619067
Pumice Butte,Summit,37.5519802,-119.0602844
Pumice Valley,Basin,37.9060382,-119.0768133
Pumpkin Hollow,Basin,38.4229689,-120.1704689
Punch Bowl,Basin,37.8149299,-119.0265335
Puppet Lake,Lake,37.2866976,-118.7345962
Purdy Creek,Stream,39.6715747,-120.0057556
Purple Creek,Stream,37.5118834,-118.9723465
Purple Lake,Lake,37.530262,-118.9468637
Pyramid Creek,Stream,38.8074077,-120.131298
Pyramid Lake,Lake,38.8475962,-120.1410118
Pyramid Peak,Summit,36.9064125,-118.462111
Pyramid Peak,Summit,38.8448692,-120.157782
Quail Gulch,Valley,38.0175258,-120.4577127
Quail Lake,Reservoir,39.0700891,-120.166022
Quartz Creek,Stream,38.1526975,-120.486034
Quartz Mountain,Summit,37.6265941,-120.0437985
Queen Dicks Canyon,Valley,37.7655329,-118.4012324
Quilty Creek,Stream,37.9174242,-120.0699072
Rackerby Jack Spring,Spring,37.9335003,-120.0339727
Rae Lake,Lake,37.1516555,-118.8495339
Rae Lakes,Lake,36.8081199,-118.4016048
Rainbow Falls,Falls,37.6016038,-119.0834655
Rainbow Lake,Lake,37.0842754,-118.765289
Rainbow Lake,Lake,37.1530759,-119.0834566
Rainbow Lakes,Lake,37.0882682,-118.575402
Ralston Lake,Lake,38.8416463,-120.0996064
Ralston Peak,Summit,38.8329181,-120.1017334
Ram Lake,Lake,37.063968,-118.7505566
Ram Lake,Lake,37.54308,-118.927477
Rambaud Creek,Stream,37.0476688,-118.5808359
Ramona Lake,Lake,37.2497047,-118.7824262
Rancheria Creek,Stream,36.7988369,-119.2109512
Rancheria Creek,Stream,37.2560558,-119.1598425
Rancheria Creek,Stream,37.9532541,-119.7279526
Rancheria Gulch Spring,Spring,38.101013,-119.128704
Randall Creek,Stream,38.7482384,-119.8146218
Randolph Canyon,Valley,38.7770265,-120.5674812
Ranger Lake,Lake,36.6661018,-118.6957561
Rattlesnake Creek,Stream,37.3621652,-119.0998429
Rattlesnake Creek,Stream,39.314069,-120.5504857
Rattlesnake Gulch,Valley,38.0799101,-119.1459755
Rattlesnake Gulch,Valley,38.0303372,-120.3784053
Rattlesnake Lake,Lake,37.4776661,-119.1899896
Rattlesnake Mountain,Summit,39.3158137,-120.5308152
Raymond Canyon Creek,Stream,38.6537956,-119.8246228
Raymond Lake,Lake,38.6098289,-119.8350765
Raymond Meadows Creek,Stream,38.5851855,-119.7987893
Raymond Peak,Summit,38.6037242,-119.8332217
Mount Reba,Summit,38.5075658,-120.0286127
Recess Peak,Summit,37.3824202,-118.8554522
Red and White Lake,Lake,37.4844409,-118.8685392
Red and White Mountain,Summit,37.4798915,-118.8572694
Red Apple,Populated Place,38.1788082,-120.3815861
Red Cones,Summit,37.5876933,-119.0587542
Red Gulch,Valley,38.0236433,-120.382126
Red Lake,Lake,37.1914054,-119.1111933
Red Lake,Lake,37.5672258,-118.9686165
Red Lake,Lake,38.0433892,-119.2643733
Red Lake,Reservoir,38.6989178,-119.974319
Red Lake Creek,Stream,38.7335174,-119.9318474
Red Lake Peak,Summit,38.7139179,-119.9873703
Red Mountain,Summit,37.1497672,-118.801211
Red Mountain,Summit,37.1963118,-119.1149044
Red Mountain,Summit,39.3831669,-120.3013215
Red Mountain Basin,Basin,37.1346619,-118.8178888
Red Mountain Creek,Stream,37.050489,-118.3145448
Red Peak,Summit,37.477652,-118.1081023
Red Peak Fork,Stream,37.7057637,-119.3620938
Red Slate Mountain,Summit,37.5074478,-118.8691504
Red Star Point,Summit,39.053282,-120.5339279
Red Top Lake,Lake,38.2623861,-119.540185
Reds Creek,Stream,37.6160477,-119.0834668
Reds Lake,Lake,37.6395433,-119.0566931
Reds Meadow Hot Springs,Spring,37.6192073,-119.0735573
Redwood Canyon,Valley,36.6224894,-118.8947993
Redwood Creek,Stream,37.3663316,-119.6126475
Redwood Saddle,Gap,36.7071684,-118.9206612
Reed Creek,Stream,37.9610341,-120.050462
Mount Reinstein,Summit,37.0794205,-118.7383532
Relief Creek,Stream,38.2471356,-119.7426754
Relief Peak,Summit,38.2372832,-119.6970779
Repeater Hill,Summit,38.2526902,-120.2205227
Return Creek,Stream,37.9318666,-119.4659967
Reversed Creek,Stream,37.7665976,-119.1218121
Reversed Peak,Summit,37.8044708,-119.0994058
Reynolds Creek,Stream,38.0199211,-120.0129611
Reynolds Peak,Summit,38.5806389,-119.8385678
Rhodes Lake,Lake,38.3699229,-120.0210971
Ribbon Fall,Falls,37.7357593,-119.6482233
Rice Hill,Summit,39.6449311,-120.3605532
Rice Lake,Lake,38.6098849,-119.9599056
Rich Gulch,Valley,38.0378637,-120.4574463
Richards Creek,Stream,38.001032,-119.9168473
Richardson Lake,Lake,39.0228532,-120.212235
Ridge Lake,Lake,38.2211284,-119.743725
River Spring Lakes,Lake,37.9300316,-118.6160818
Mount Rixford,Summit,36.7848556,-118.3988868
Roaring River,Stream,36.7854956,-118.6267662
Robbs Peak,Summit,38.9246561,-120.4035815
Rock Creek,Stream,37.2746674,-119.3317942
Rock Creek,Stream,37.402483,-119.122868
Rock Creek,Stream,38.0963081,-120.0057392
Rock Creek,Stream,38.5129672,-119.4490539
Rock Creek Lake,Lake,37.4524868,-118.7371871
Rock Lake,Lake,37.1527208,-119.0528966
Rock Mountain,Summit,37.1044052,-119.519056
Rockbound Lake,Lake,37.6693384,-119.2802698
Rockbound Lake,Lake,38.997018,-120.238814
Rockbound Valley,Valley,38.991528,-120.2203382
Rocky Basin Creek,Stream,38.9890727,-120.3754733
Rocky Bottom Lake,Lake,37.1998497,-118.5170274
Rocky Canyon,Valley,38.8069069,-120.1357096
Rodgers Peak,Summit,37.7250221,-119.2574617
Rodgers Lakes,Lake,37.7352148,-119.2273544
Roman Four Lake,Lake,37.093646,-118.796153
Roosevelt Lake,Lake,38.2957483,-119.5418352
Ropi Lake,Lake,38.8389525,-120.1313452
Rosalie Lake,Lake,37.6868633,-119.1230592
Rose Creek,Stream,38.10881,-120.3974186
Rose Lake,Lake,37.3074566,-118.8843725
Rosebud Lake,Lake,37.3094957,-118.8920485
Rosemarie Meadow,Lake,37.3186791,-118.8733373
Ross Creek,Stream,36.964947,-119.1270612
Ross Creek,Stream,37.2260571,-119.3359606
Rosy Finch Lake,Lake,37.4649538,-118.870738
Rough Creek,Stream,36.8585566,-118.9459421
Round Lake,Lake,38.748845,-120.006752
Round Mountain,Summit,37.2076347,-118.4326715
Round Tent Canyon,Valley,38.8246347,-120.5387555
Round Top,Summit,38.6635535,-120.0012701
Round Top Lake,Lake,38.6674223,-120.0124838
Round Valley,Basin,38.500744,-120.0190748
Round Valley,Basin,39.3701822,-120.3640924
Round Valley Peak,Summit,37.4489183,-118.6818623
Royal Arch Lake,Lake,37.5779124,-119.5030918
Royce Lakes,Lake,37.3268833,-118.7652391
Royce Peak,Summit,37.3181738,-118.7708958
Rube Creek,Stream,37.4521646,-119.1767903
Rubicon Creek,Stream,39.0012967,-120.1026854
Rubicon River,Lake,39.0214486,-120.2485349
Rubicon Springs,Spring,39.0176849,-120.2457466
Ruby Canyon,Valley,38.8964425,-120.5663337
Ruby Lake,Lake,37.4150108,-118.7704284
Ruby Lake,Lake,37.7211765,-119.1610135
Rush Creek,Stream,37.8218694,-119.8940687
Rush Creek,Stream,38.0899197,-120.0429624
Mount Ruskin,Summit,36.9784671,-118.4733528
Russel Valley,Valley,39.426682,-120.1004835
Russell Creek,Stream,37.9707561,-120.0532399
Mount Russell,Summit,36.5906707,-118.2890359
Russian Charley Creek,Stream,36.8505041,-119.2890107
Ruwau Lake,Lake,37.1379816,-118.548161
S P Lakes,Reservoir,39.3049782,-120.5618364
Sabies Canyon,Valley,37.5808363,-118.342191
Lake Sabrina,Lake,37.2059058,-118.618991
Sachse Monument,Summit,38.1526307,-119.6720437
Sacramento Canyon,Valley,37.5407662,-118.3311258
Saddle Mountain,Summit,38.8464646,-120.582773
Saddlerock Lake,Lake,37.1278863,-118.5534601
Sadler Lake,Lake,37.6424917,-119.3039392
Sadler Peak,Summit,37.6385754,-119.2733529
Sage Hen Creek,Stream,38.5385245,-119.3284926
Sage Hen Peak,Summit,37.478624,-118.085819
Sagehen Creek,Stream,39.4768517,-120.131868
Sagehen Peak,Summit,37.8526245,-118.8417923
Sagehen Spring,Spring,37.866655,-118.859582
Saginaw Creek,Stream,37.1649474,-119.4181865
Sailor Lake,Lake,37.1657461,-118.6385145
Sallie Keyes Lakes,Lake,37.2712763,-118.8743491
Salmon Lake,Lake,39.2823343,-120.515652
Salt Rock Creek,Stream,38.6257397,-120.485757
Salt Springs,Lake,38.4953668,-120.1403052
Sam Mack Lake,Lake,37.1151924,-118.5121768
San Diego Reservoir,Reservoir,38.0309994,-120.389223
San Joaquin Mountain,Summit,37.7190941,-119.1062002
Sand Creek,Stream,36.9671721,-119.4659649
Sandpiper Lake,Lake,37.3087605,-118.8528622
Sandy Meadow Creek,Stream,38.5446317,-119.9454608
Sandy Wash,Stream,38.0585335,-120.4304743
Santa Rita Spring,Spring,36.9249587,-118.1140615
Sapphire Lake,Lake,37.1490523,-118.6941982
Sardella Lake,Lake,38.2226787,-119.7349725
Sardine Canyon,Valley,36.8085627,-118.3017815
Sardine Creek,Stream,38.3068586,-119.5898925
Sardine Falls,Falls,38.3083842,-119.6221189
Sardine Lake,Lake,36.7969044,-118.3521249
Sardine Valley,Valley,39.5131826,-120.1090571
Saucer Lake,Lake,38.8333362,-120.0778692
Sawmill Canyon,Valley,37.8817909,-119.1175283
Sawmill Creek,Stream,37.805765,-118.6523491
Sawmill Creek,Stream,38.6960174,-119.8574012
Sawmill Gulch,Valley,38.0210392,-120.3818838
Sawmill Lake,Lake,36.8861242,-118.3470686
Sawmill Lake,Reservoir,39.4417665,-120.5970931
Sawmill Mountain,Summit,37.8267289,-119.9364083
Sawmill Pass,Gap,36.8829975,-118.3643659
Sawmill Point,Summit,36.9170122,-118.3205805
Sawpit Spring,Spring,38.9645399,-120.5587608
Sayles Canyon,Valley,38.8020953,-120.1118675
Scepter Lake,Lake,37.0303811,-118.8360739
Scepter Pass,Gap,37.0471634,-118.8342751
Schaads Reservoir,Reservoir,38.3850694,-120.4374995
Scheelite,Populated Place,37.3779886,-118.676786
Schober Lakes,Lake,37.1853879,-118.6557784
Schoolmarm Lake,Lake,37.1088366,-118.7893448
Scoop Lake,Lake,37.517674,-118.995023
Scott Creek,Stream,37.7560386,-120.006295
Scotts Lake,Lake,38.7639212,-119.9662329
Scotty Spring,Spring,36.9365781,-118.3242752
Scout Carson Lake,Lake,38.6477511,-120.054399
Screech Owl Canyon,Valley,38.7557687,-120.3737811
Screwauger Canyon,Valley,39.1213991,-120.5938682
Scylla,Summit,37.0801291,-118.6896676
Second Dinkey Lake,Lake,37.1550393,-119.0568041
Second Garrotte Basin,Basin,37.8232609,-120.2046331
Second Recess,Valley,37.4229064,-118.8581997
Secret Lake,Lake,38.3071714,-119.5387109
Secret Lake,Lake,38.8530774,-120.1982361
Secret Lake,Lake,39.4564619,-120.5384266
Seep Hole Spring,Spring,36.9148095,-118.0275657
Selden Pass,Gap,37.2896615,-118.8723387
Mount Senger,Summit,37.2777025,-118.8583949
Sentinel Dome,Summit,36.7588304,-118.6447351
Sequoia Creek,Stream,36.7296691,-118.9881639
Sequoia Lake,Lake,36.7319902,-118.9910115
Serene Lake,Lake,37.4383875,-118.7443262
Seven Gables Lakes,Lake,37.3124593,-118.8146886
Seventh Lake,Lake,37.1378277,-118.5168665
Seville Lake,Lake,36.6829979,-118.7191986
Shadow Creek,Stream,37.6941003,-119.1165293
Shadow Lake,Lake,37.6939988,-119.1321292
Shadow Lake,Lake,38.9698346,-120.2729565
Shakeflat Creek,Stream,37.3138334,-119.332906
Mount Shakspere,Summit,37.0366669,-118.5325724
Shallow Lake,Lake,38.161219,-119.699993
Shanks Cove,Basin,39.1401839,-120.3013073
Shannon Canyon,Valley,37.2306262,-118.3610928
Sharktooth Creek,Stream,37.5363282,-119.0440153
Sharp Note Lake,Lake,37.2845922,-118.8561256
Shaver Lake,Reservoir,37.1256946,-119.2904313
Shay Creek,Stream,38.6971283,-119.8362895
Sheep Mountain,Summit,37.527503,-118.2180429
Sheep Ranch,Populated Place,38.2093626,-120.4640899
Shelf Lake,Lake,37.432098,-118.9591371
Shellenbarger Lake,Lake,37.6427698,-119.194943
Shepherd Creek,Stream,36.7565985,-118.1209251
Shepherd Lake,Lake,38.0187599,-119.3189956
Shepherd Pass,Gap,36.6724349,-118.3445389
Sherman Creek,Stream,36.5818892,-118.7692653
Sherrold Lake,Lake,38.5497181,-119.8155045
Sherwin Lakes,Lake,37.6108476,-118.9453112
Shingle Spring,Spring,38.012327,-119.884315
Shirley Lake,Lake,39.2021218,-120.2699258
Shovel Grave,Summit,38.4827611,-120.1997324
Showers Lake,Lake,38.7417357,-120.0352094
Shuteye Creek,Stream,37.3804986,-119.3895773
Side Hill Spring,Spring,36.9823757,-118.0357139
Signal Peak,Summit,39.3389354,-120.5354761
Silliman Creek,Stream,36.6035552,-118.7387094
Silliman Lake,Lake,36.6360047,-118.70152
Silliman Pass,Gap,36.6621652,-118.7067653
Mount Silliman,Summit,36.6432452,-118.6967643
Silver Creek,Stream,37.5302177,-119.0915151
Silver Creek,Stream,38.632129,-119.7196197
Silver Creek,Stream,38.7896255,-120.5910379
Silver Falls,Falls,38.3438028,-119.5465578
Silver Gulch,Valley,38.0754975,-120.3366923
Silver Hill,Summit,38.6379668,-119.6993926
Silver Hill,Summit,38.8985107,-120.4687977
Silver Knob,Summit,37.4326157,-119.6829261
Silver Mountain (historical),Populated Place,38.6051849,-119.7693438
Silver Pass,Gap,37.4677161,-118.9231784
Silver Pass Creek,Stream,37.436605,-118.9076219
Silver Pass Lake,Lake,37.4589911,-118.9230426
Silver Peak,Summit,38.5671228,-119.7579327
Silver Strand Falls,Falls,37.704372,-119.6693338
Simons Spring,Spring,37.9667154,-118.93348
Simpson Gulch,Valley,38.5842933,-120.4401718
Sinnamon Cut,Gap,38.0957552,-119.1440392
Six Shooter Lake,Lake,37.1090397,-118.7862213
Sixth Lake,Lake,37.1360743,-118.5119657
Sixty Lake Basin,Basin,36.8260465,-118.4231536
Skelton Lake,Lake,37.5763798,-118.9756308
Ski Lake,Lake,38.2729246,-119.6015554
Skull Creek,Stream,38.2379732,-120.1940801
Skunk Creek,Stream,37.9279788,-119.9929607
Skunk Gulch,Valley,38.0607863,-120.4417349
Skunk Gulch,Valley,37.7018027,-119.9842272
Skunk Spring,Spring,39.1879583,-120.5635391
Sky Blue Lake,Lake,36.5328415,-118.2740325
Slick Rock,Summit,38.8832354,-120.288235
Slickrock Canyon,Valley,36.6116554,-119.0968397
Slide Creek,Stream,37.3313329,-119.5790329
Slide Creek,Stream,37.6393803,-119.2254145
Slide Creek,Stream,37.2880007,-119.3576292
Slide Mountain,Summit,38.0380892,-119.4511162
Slim Lake,Lake,36.7619279,-118.3560178
Smith Creek,Stream,37.7463172,-120.0710188
Smith Lake,Reservoir,38.8580293,-120.188365
Smith Peak,Summit,37.8007045,-120.1007742
Big Valley,Basin,39.2637914,-120.5524292
Big Valley Canyon,Valley,39.2196912,-120.5566968
Mill Canyon,Valley,38.5069188,-119.4765808
Thibaut Creek,Stream,36.8782664,-118.2295413
Adobe Valley,Basin,37.9279861,-118.6351284
Airola Creek,Stream,38.3593596,-120.2690834
Alder Creek,Stream,39.3787957,-120.1521431
Alkali Creek,Stream,37.9196456,-119.4046044
Angels Creek,Stream,37.9760357,-120.5432555
Arkansas Creek,Stream,37.1174458,-119.1292848
Arnold Creek,Stream,37.1980031,-119.6045867
Arnold Spring,Spring,37.2068618,-119.5725282
Aurora Canyon,Valley,38.2570606,-119.2236853
Aweetasal Lake,Lake,37.2932482,-118.8071218
Balsam Creek,Stream,37.1957791,-119.2612346
Banner Springs,Spring,37.685274,-118.591974
Bass Lake,Reservoir,37.3118795,-119.5510945
Bean Creek,Stream,37.7413172,-120.0443513
Bear Creek,Stream,37.0371689,-119.1423403
Bear Mountain,Summit,37.096377,-119.0941419
Beaver Creek,Stream,38.4849119,-120.296307
Betty Lake,Lake,37.1031173,-119.0787819
Big Meadow Creek,Stream,38.4221352,-120.1257451
Big Trees,Populated Place,38.2774169,-120.3104735
Big Trees Creek,Stream,38.2682503,-120.3415859
Blacks Creek,Stream,37.7038197,-120.2265777
Blue Mountain,Summit,38.3421068,-120.3649061
Bolsillo Creek,Stream,37.328832,-119.0334516
Boneyard Creek,Stream,37.7268742,-120.1882437
Brown Peak,Summit,37.1254444,-119.0571332
Buckhorn Creek,Stream,37.6893755,-120.1996322
Buckingham Mountain,Summit,37.5231283,-119.8585313
Bug Table,Summit,37.1282082,-119.5775218
Bull Run,Basin,38.2493594,-119.9512937
Cabin Creek,Stream,38.595743,-120.3160288
Campito Mountain,Summit,37.4986709,-118.201352
Carson Hill,Summit,38.0211285,-120.5036487
Carter Creek,Stream,37.1727256,-119.6334771
Cat Creek,Stream,38.572965,-120.3576972
Chetwood Creek,Stream,37.5985489,-119.2365223
Chinquapin Lakes,Lake,37.105501,-119.0523374
Chiquito Creek,Stream,37.3410551,-119.3365178
Ciatana Creek,Stream,37.168559,-119.5276369
Clark Fork,Stream,38.3610234,-119.8787918
Clarks Valley,Valley,37.5409277,-119.864104
Clavey River,Stream,37.8638148,-120.1162974
Coe Gulch,Valley,37.6709854,-120.1785163
Coldwater Canyon,Valley,37.4780122,-118.3219127
Conness Creek,Stream,37.9090901,-119.4204382
Coon Creek,Stream,37.1460592,-119.6379213
Corlew Meadows,Lake,37.0799336,-119.4238177
Coulterville,Populated Place,37.710486,-120.1979658
Crane Valley,Valley,37.2878451,-119.5200214
Crescent Creek,Stream,37.536603,-119.5509831
Cuneo Creek,Stream,37.7207633,-120.1865769
Dark Canyon,Valley,38.5885328,-120.3473631
David Gulch,Valley,37.6057524,-120.1186777
Davies Creek,Stream,39.4760187,-120.10659
Deer Creek,Stream,36.9999468,-119.1159501
Deer Spring,Spring,37.6728855,-118.6241421
Delaney Creek,Stream,37.8827024,-119.3834912
Devil Gulch,Valley,37.6102693,-119.8221346
Dexter Canyon,Valley,37.8764251,-118.7322938
Diana Gulch,Valley,37.7707941,-118.5013368
Dog Creek,Stream,38.1660318,-119.1945969
Dry Gulch,Valley,37.6733586,-119.8347905
Dutch Creek,Stream,37.7399286,-120.0765744
Dutch Valley,Valley,38.800932,-119.7351609
Eagle Peak,Summit,37.0883459,-119.01649
East Fork Cherry Creek,Stream,38.0982507,-119.7901771
East Fork Coyote Creek,Stream,37.254374,-118.4781665
East Fork Dougherty Creek,Stream,36.9288274,-118.6245461
East Panther Creek,Stream,38.4860215,-120.4015882
Ellis Fire Tank,Reservoir,38.500189,-120.3151965
Euer Valley,Valley,39.3764049,-120.26104
Feliciana Creek,Stream,37.6349318,-119.9343436
Feliciana Mountain,Summit,37.593908,-119.9191761
Ferguson Creek,Stream,36.7413294,-118.6267655
Fish Creek,Stream,37.1524482,-119.5195806
Fish Creek Mountain,Summit,37.1649086,-119.5773687
Fletcher Creek,Stream,37.7432611,-119.392654
Florence Creek,Stream,37.756317,-119.3562638
Florence Lake,Reservoir,37.259911,-118.958285
Flyaway Gulch,Valley,37.6117957,-120.1367016
Fowler Mountain,Summit,37.1442719,-119.5299739
Galt Basin,Basin,37.1468925,-119.6015302
Gem Lake,Lake,37.7516221,-119.1516395
Glacier Valley,Valley,36.9216833,-118.5846526
Granite Creek,Stream,37.6032658,-119.7576675
Granite Creek Saddle,Gap,37.5571568,-119.7634989
Granite Mountain,Summit,37.92426,-118.7710599
Grapevine Canyon,Valley,37.1419261,-119.5627569
Greeley Hill,Populated Place,37.744651,-120.1299092
Greeley Hill,Summit,37.7428438,-120.1553644
Griff Creek,Stream,39.2368512,-120.030191
Grouse Lake,Lake,37.1191557,-119.0714115
Gunter Creek,Stream,37.42604,-118.336775
Hall Mountain,Summit,37.0301326,-119.0103588
Hatch Lake,Lake,37.0923377,-119.0637961
Hayward Creek,Stream,38.344082,-120.3068625
Helms Creek,Stream,37.2049475,-119.5968085
Henley Canyon,Valley,38.5069026,-120.2764179
Horse Canyon,Valley,38.5829541,-120.3037974
Horseshoe Bend Mountain,Summit,37.6811563,-120.2098317
Horton Creek,Stream,37.4079856,-118.4767821
Huckleberry Lake,Lake,38.13081,-119.711731
Hull Creek,Stream,38.001311,-120.0612956
Hunter Valley,Valley,37.6370299,-120.2261051
Hunter Valley Mountain,Summit,37.641872,-120.2260081
Huntington Lake,Reservoir,37.2399139,-119.1961497
Indian Creek,Stream,37.7938189,-118.159833
Indian Creek,Stream,38.0571446,-120.5371453
Ironton Flats,Lake,37.1593457,-119.6010233
Jeffrey Mine Canyon,Valley,37.6231045,-118.3566544
Jobs Canyon,Valley,38.8952513,-119.8304262
Johnson Creek,Stream,37.5374364,-119.52237
Jose Creek,Stream,37.1485584,-119.3892961
Kennedy Canyon,Valley,38.2447445,-119.5713204
Kern-Kaweah River,Stream,36.5807702,-118.419815
Kings Canyon,Valley,36.8026529,-118.7039789
Kirby Peak,Summit,37.5221255,-119.790145
Lake Basin,Basin,36.9824359,-118.5131564
Lamarck Creek,Stream,37.2277109,-118.6206678
Landslide Creek,Stream,36.7710565,-118.8945503
Laurel Creek,Stream,37.0427243,-119.1315066
Leek Spring Valley,Valley,38.6344817,-120.2694595
Lewis Creek,Stream,37.7360391,-119.3995983
Licking Fork,Stream,38.3626909,-120.5074254
Line Creek,Stream,37.2402228,-119.2087328
Little Antelope Valley,Valley,37.6882334,-118.8738253
Little Fine Gold Creek,Stream,37.1957808,-119.6173653
Little Lost Canyon,Valley,38.4998257,-119.5029833
Little Mokelumne River,Stream,38.31436,-120.366587
Little Pine Creek,Stream,37.1429869,-118.318991
Little Truckee River,Lake,39.4926102,-120.3491573
Little Walker River,Stream,38.3793588,-119.4512761
Loggers Delight Canyon,Valley,38.591135,-120.3360608
Lonely Gulch,Valley,39.0197234,-120.1193653
Long Canyon Creek,Stream,37.5627126,-119.9757319
Long Valley Creek,Stream,39.5524014,-120.5268787
Lost Cannon Creek,Stream,38.4932447,-119.4818331
Mahoney Gulch,Valley,37.7104686,-120.2172337
Mammoth Pool Reservoir,Reservoir,37.3305831,-119.3209394
Manzanita Lake,Reservoir,37.2454134,-119.5173808
Marble Point,Summit,37.1093851,-119.1056602
Mariposa Creek,Stream,37.2485536,-120.3093479
McKinney Creek,Stream,38.6062965,-120.4349219
Mehrten Creek,Stream,38.5837989,-120.3082509
Mehrten Spring,Spring,38.5785462,-120.3115757
Merced Gorge,Valley,37.6769698,-119.7485934
Merced Peak Fork,Stream,37.7007642,-119.3473703
Mike Walker Canyon,Valley,37.1438959,-119.5570924
Mill Creek,Stream,36.8202269,-119.3517908
Mine Creek,Stream,37.9382586,-119.2495972
Mono Creek,Stream,37.3552207,-119.0717865
Mono Gulch,Valley,37.51926,-119.9499393
Moran Spring,Spring,37.6540088,-118.5853133
Mormon Creek,Stream,37.9640915,-120.5088094
Moro Creek,Stream,36.5266114,-118.7498195
Moss Creek,Stream,37.6699297,-119.8187844
Mountain View Peak,Summit,37.1765581,-119.6099365
Mud Lakes,Lake,37.1116402,-119.075593
Mud Spring,Spring,38.5465371,-120.3420107
Muley Hole,Basin,37.0146689,-119.1203948
Nelson Lakes,Lake,37.1061466,-119.0422301
Nelson Mountain,Summit,37.0894611,-119.0490759
North Fork Big Pine Creek,Stream,37.1246545,-118.4370492
North Fork Merced River,Stream,37.6127109,-120.0587924
North Fork Willow Creek,Stream,37.2138362,-119.4976354
Nutmeg Gulch,Valley,37.6267842,-119.8459793
O'Harrel Canyon,Valley,37.755195,-118.749282
O'Neil Creek,Stream,38.1826967,-120.5218694
Oak Creek,Stream,36.8313215,-118.216207
Owl Creek,Stream,37.5624345,-119.8068346
Peddler Creek,Stream,38.5899103,-120.2838055
Pegleg Creek,Stream,37.4507723,-119.8896123
Peñon Blanco Point,Summit,37.7460123,-120.2392579
Peterson Creek,Stream,37.3638316,-119.7070986
Picture Gallery Gulch,Valley,37.6800262,-120.2393189
Piute Creek,Stream,37.2229946,-118.8328917
Plumbar Creek,Stream,37.5391024,-119.9157281
Prospect Creek,Stream,38.5649092,-120.3765869
Prothro Creek,Stream,38.5762984,-120.3463079
Rancheria Creek,Stream,37.3038339,-119.6245907
Rancheria Creek,Stream,37.5879894,-119.962121
Rancheria Creek,Stream,36.9452238,-119.0028893
Rancheria Gulch,Valley,38.0651197,-119.078132
Rancho del Oro Gulch,Valley,37.6721537,-120.2486456
Rattlesnake Creek,Stream,38.5190784,-120.2668613
Red Rock Canyon,Valley,37.6592441,-118.4499356
Redding Canyon,Valley,37.3470273,-118.286935
Reese Creek,Stream,37.0843907,-119.1551189
Ribbon Creek,Stream,37.7229822,-119.6401666
Rock Creek,Stream,37.0882796,-119.1570634
Ruby Creek,Stream,37.0699459,-119.0870606
Rush Creek,Stream,37.954648,-119.0523687
Saxon Creek,Stream,37.5935447,-119.9887892
Scotch Gulch,Valley,37.6341346,-120.1671656
Sheep Creek,Stream,36.7935522,-118.6739892
Sheridan Creek,Stream,38.9004624,-119.825734
Sherlock Creek,Stream,37.5977115,-120.0710146
Sherwin Creek,Stream,37.6324349,-118.9376327
Shingle Mill Creek,Stream,38.5687982,-120.3682531
Short Hair Creek,Stream,37.0238337,-118.9712227
Silver Canyon,Valley,37.4055473,-118.3155952
Silver Creek,Stream,38.3554697,-119.5087787
Silver Fork American River,Stream,38.7674073,-120.3160271
Silver Lake,Lake,37.7771263,-119.1252749
Silver Lake,Reservoir,38.6587447,-120.1186238
Sims Cove,Valley,37.6191254,-119.8283872
Sixmile Creek,Stream,38.0571446,-120.5424234
Skelton Creek,Stream,37.5793781,-119.8148914
Smiley Mountain,Summit,37.2435791,-119.565613
Smiths Creek,Stream,38.6696283,-119.7296198
Smoothwire Creek,Stream,38.2535267,-120.0285187
Snake Gulch,Valley,38.0398967,-120.4574801
Snodgrass Creek,Stream,38.5332429,-119.5937821
Snow Canyon,Valley,38.601502,-119.9770578
Snow Canyon,Valley,37.6014323,-119.0921302
Snow Corral Creek,Stream,37.0110573,-119.0653925
Snow Creek,Stream,38.6993496,-120.4746451
Snow Lake,Lake,38.9176076,-120.114621
Snow Lakes,Lake,37.4174703,-118.7905471
Snow Valley,Valley,38.5021992,-120.0516296
Snowslide Creek,Stream,37.2032788,-119.2370669
Snyder Gulch,Valley,37.6048099,-119.8228585
Soda Spring,Spring,38.697334,-119.846377
Soda Springs,Spring,39.2474054,-120.3263107
Soldier Creek,Stream,37.8113144,-119.9287921
Soldier Creek,Stream,38.7776813,-120.5610369
Soldier Lake,Lake,38.0470924,-119.356086
Solomon Gulch,Valley,37.6051121,-120.1077459
Mount Solomons,Summit,37.1064573,-118.6742203
Sontag Point,Summit,36.7520442,-119.0817879
Sopiago Creek,Stream,38.5890733,-120.5629821
Sotcher Lake,Lake,37.6266258,-119.0735307
Source Point,Summit,37.2244199,-119.3891876
Sourdough Hill,Summit,39.0257019,-120.2197529
South Branch Dog Creek,Stream,39.527687,-120.0018673
South Creek,Stream,38.9651829,-120.4599212
South Fork,Stream,38.2579719,-120.1151885
South Fork Bear Creek,Stream,37.326883,-118.8659513
South Fork Big Creek,Stream,37.223278,-119.0767838
South Fork Bishop Creek,Stream,37.3543742,-118.4581685
South Fork Canyon Creek,Stream,39.4387898,-120.5988237
South Fork Cartridge Creek,Stream,36.9846588,-118.5556571
South Fork Cold Creek,Stream,39.2896281,-120.2732545
South Fork Cottonwood Creek,Stream,37.5321521,-118.1420467
South Fork Cottonwood Creek,Stream,38.4215807,-119.4179411
South Fork Crooked Creek,Stream,37.4927079,-118.1301008
South Fork Griswold Creek,Stream,38.2696388,-120.1665793
South Fork Long Canyon,Valley,39.0211985,-120.5153822
South Fork Lubken Creek,Stream,36.548823,-118.0773092
South Fork McAfee Creek,Stream,37.6238186,-118.1617727
South Fork Merced River,Stream,37.6538196,-119.8887868
South Fork Mill Creek,Stream,38.0249232,-119.2415435
South Fork Mokelumne River,Stream,38.3746349,-120.5874283
South Fork Oak Creek,Stream,36.8315996,-118.2506527
South Fork Perry Aiken Creek,Stream,37.6575174,-118.1351471
South Fork Prosser Creek,Stream,39.3818503,-120.2399225
South Fork Rock Creek,Stream,38.5104676,-119.4265528
South Fork Rubicon River,Stream,38.969905,-120.4701994
South Fork San Joaquin River,Stream,37.4368874,-119.2434577
South Fork Shannon Canyon,Valley,37.2170255,-118.3891316
South Fork Silver Creek,Stream,38.8549049,-120.4540881
South Fork Soldier Creek,Stream,38.7937928,-120.5118683
South Fork Stanislaus River,Stream,38.0738109,-120.4232521
South Fork Sugarloaf Creek,Stream,36.7104976,-118.6784324
South Fork Tamarack Creek,Stream,37.1910566,-119.2048435
South Fork Tuolumne River,Stream,37.8402036,-120.0476847
South Fork Willow Creek,Stream,37.2138362,-119.4976354
South Fork Woods Creek,Stream,36.8738244,-118.4387099
South Lake,Lake,37.1573744,-119.0666649
South Lake,Reservoir,37.1654135,-118.5703344
South Sister,Summit,38.4824145,-119.3001579
South Steely Creek,Stream,38.6168512,-120.4668674
South Wallace Canyon,Valley,38.9836038,-120.5278595
South Yuba River,Lake,39.340106,-120.588384
Spanish Ravine,Valley,39.0744329,-120.5335418
Spearhead Lake,Lake,37.1368849,-118.5539925
Spearpoint Lake,Lake,37.2636165,-118.8190339
Spiller Creek,Stream,37.9982552,-119.3857168
Spiller Lake,Lake,38.04753,-119.3706362
Spire Lake,Lake,37.3688691,-118.7518435
Split Lake,Lake,37.3676404,-118.7440417
Spook Canyon,Valley,36.9338477,-118.3220578
Sportsman Lake,Lake,37.0957031,-119.0552575
Spotted Fawn Lake,Lake,38.0727942,-119.7776842
Spratt Creek,Stream,38.6910171,-119.8054553
Spring Canyon Creek,Stream,37.5593745,-118.4017812
Spring Creek,Stream,36.8632794,-118.9842767
Spring Creek,Stream,38.1818597,-119.7907326
Springfield,Populated Place,38.0207567,-120.4124173
Spruce Creek,Stream,39.0512926,-120.5443692
Spruce Gulch,Valley,38.3596518,-120.5032095
Square Lake,Lake,37.2661219,-118.7270111
Oak Hollow,Valley,38.2654857,-120.2734901
Nüümü Hu Hupi,Lake,37.4770195,-118.9233195
Washeshu Peak,Summit,39.1805181,-120.269649
Squirrel Gulch,Valley,38.016695,-120.497051
Stag Dome,Summit,36.8208156,-118.7012295
Stairway Creek,Stream,37.5399398,-119.138183
Stampede Reservoir,Reservoir,39.4781757,-120.1353627
Stampede Valley (historical),Valley,39.4887963,-120.123535
Stanford Lake,Lake,37.4921873,-118.7845185
Mount Stanford,Summit,37.4893393,-118.7962871
Star Lakes,Lake,37.5136871,-119.5460303
Starkweather Lake,Lake,37.6629282,-119.0738009
Starr Ravine,Valley,39.1121636,-120.5466366
Mount Starr,Summit,37.4290273,-118.7651963
State Lakes,Lake,36.9293263,-118.5671173
State Peak,Summit,36.9319791,-118.5454291
Station Creek,Stream,38.7868524,-120.1846332
Steelhead Lake,Lake,37.3009011,-118.7121482
Steelhead Lake,Lake,37.4994805,-118.8097617
Stevens Peak,Summit,38.7335294,-119.9826478
Stevenson Creek,Stream,37.1696691,-119.3604059
Stocking Lake,Lake,36.8698972,-118.3723653
Stockton Creek,Stream,37.4685494,-119.9512829
Stony Creek,Stream,36.6438344,-118.8456575
Stony Creek,Stream,38.9879609,-120.4532541
Stony Gulch,Valley,38.0740881,-120.4063492
Stony Gulch,Valley,38.1134654,-120.390112
Straight Canyon,Valley,37.5574594,-118.3373034
Strawberry Creek,Stream,37.6357643,-119.6868313
Strawberry Creek,Stream,38.7879634,-120.1540766
Strawberry Lake,Lake,37.2043953,-119.1125543
Strawberry Meadow Creek,Stream,37.0427245,-119.1484517
Streeter Mountain,Summit,37.4470881,-119.8794904
Stub Lake,Lake,37.3161904,-118.82178
Stump Spring,Spring,38.704803,-120.405478
Stumpy Meadows Lake,Reservoir,38.8989734,-120.5914618
Stutler Canyon,Valley,38.9137159,-119.8388164
Sugar Bowl,Basin,39.3015718,-120.3338121
Sugar Pine Canyon,Valley,38.5934103,-120.3296699
Sugar Pine Creek,Stream,38.8407371,-120.5379801
Sugar Pine Point,Summit,39.2466259,-120.5453683
Sugar Spring,Spring,38.4574611,-120.4080606
Sugarloaf,Summit,36.7304833,-118.6588253
Sugarloaf,Summit,37.1841907,-118.4358371
Sugarloaf,Summit,38.7768801,-120.3082551
Sugarloaf Hill,Summit,37.1210024,-119.3940201
Sugarloaf Hill,Summit,38.0558594,-120.4648856
Sugarloaf Valley,Basin,36.735774,-118.6356544
Sullivan Lake,Lake,37.7416709,-119.1669116
Summit City Creek,Stream,38.5715764,-120.0293521
Summit Lake,Lake,37.2398472,-118.6901623
Summit Lake,Lake,37.4318915,-118.7691295
Summit Lake,Lake,37.7329509,-119.1443516
Summit Lake,Lake,38.0524232,-119.3166174
Summit Lake,Lake,38.6039736,-119.871528
Summit Lake,Lake,38.7353905,-119.7943227
Summit Lake,Lake,39.3498385,-120.323939
Summit Meadow Lake,Lake,38.6392062,-120.0689963
Summit Valley,Valley,39.3125255,-120.3580335
Sunday Canyon,Valley,36.9045917,-118.0850977
Sunrise Creek,Stream,39.521576,-119.995756
Sunset Lake,Lake,37.1541296,-118.6169311
Sunset Point,Summit,37.2169101,-119.2393969
Sunset Rock,Summit,36.5757145,-118.7745904
Superior Lake,Lake,37.6346931,-119.1412058
Susie Lake,Lake,38.8818868,-120.1273634
Suwanee Creek,Stream,36.5783713,-118.7784518
Swamp Creek,Stream,38.3226934,-120.3401971
Swamp Creek,Stream,37.1249456,-119.1006727
Swamp Lake,Lake,37.1286482,-119.0696574
Swamp Lake,Lake,37.9502462,-119.8287603
Swamp Lake,Lake,38.3763489,-120.1444911
Swauger Creek,Stream,38.2682525,-119.2718231
Swede Lake,Lake,37.1566056,-119.0765199
Sweetwater Canyon,Valley,38.4774535,-119.2171798
Sweetwater Creek,Stream,38.4871319,-120.4454785
Sweetwater Creek,Stream,37.6427092,-119.9260102
Sweetwater Point,Summit,37.5699122,-119.8855658
Summit Lake,Lake,37.1336316,-118.4995685
Switchback Peak,Summit,36.5387735,-118.7908025
Sycamore Creek,Stream,36.7935593,-119.2401189
Lake Sylvia,Lake,38.8428249,-120.1732732
Symmes Creek,Stream,36.7779877,-118.1681492
T J Lake,Lake,37.5916776,-119.0076972
Table Meadows,Lake,36.616128,-118.64142
Table Mountain,Summit,37.1852228,-118.5821922
Table Mountain,Summit,37.0186278,-119.6077571
Table Rock,Summit,38.8486873,-120.2854502
Taboose Creek,Stream,36.9996559,-118.217042
Taboose Pass,Gap,36.9847864,-118.4139678
Tadpole Creek,Stream,39.2146247,-120.5677065
Tahoe Mountain,Summit,38.9102137,-120.0358116
Tahoe Valley,Populated Place,38.9135189,-120.0043487
Talbot Creek,Stream,39.1874051,-120.3729773
Talking Mountain,Summit,38.8326299,-120.0694253
Tallac Creek,Stream,38.9410189,-120.058795
Tallac Lake,Lake,38.9120414,-120.1120972
Mount Tallac,Summit,38.9058967,-120.098848
Tamarack Canyon,Valley,36.9719204,-118.0868211
Tamarack Creek,Stream,38.8049076,-120.1062971
Tamarack Creek,Stream,37.1913344,-119.2048435
Tamarack Creek,Stream,37.7268709,-119.7132264
Tamarack Lake,Reservoir,38.6113255,-119.9007672
Tamarack Lake,Lake,38.8468032,-120.098603
Tamarack Lakes,Lake,37.4117572,-118.7093173
Tawny Point,Summit,36.6285073,-118.3760037
Taylor Canyon,Valley,37.8748317,-118.7293124
Taylor Canyon,Valley,38.5065734,-119.4723045
Taylor Creek,Stream,38.9404634,-120.0576839
Teaford Saddle,Gap,37.2877234,-119.5831983
Teakettle Creek,Stream,36.9455016,-119.0028893
Teddy Bear Lake,Lake,37.3466125,-118.8144759
Telegraph Hill,Summit,38.0310028,-120.3516346
Telephone Gulch,Valley,38.6203875,-120.0342656
Tells Creek,Stream,38.8976838,-120.3768626
Tells Peak,Summit,38.9598354,-120.254409
Temperance Creek,Stream,37.6066005,-120.2424098
Tenmile Creek,Stream,36.8396667,-118.8806619
Tennessee Gulch,Valley,38.0029942,-120.3839821
Terry Canyon,Valley,38.4646044,-119.4884137
Tether Lake,Lake,37.275538,-118.823791
Texas Gulch,Valley,37.8347295,-120.1726321
Texas Hill,Summit,37.6927365,-120.0169005
The Cascades,Falls,37.7268709,-119.7129486
The Citadel,Summit,37.0652267,-118.6111447
The Hermit,Summit,37.1628967,-118.7184869
The Hunchback,Summit,37.1787769,-118.5243145
The Jumpoff,Summit,37.8128013,-118.352265
The Keyhole,Gap,37.2143793,-118.687057
The Miter,Summit,36.5349986,-118.2647245
The Nipple,Summit,38.639953,-119.9330097
The Pothole,Basin,36.6835457,-118.3370392
Thimble Peak,Summit,38.6624871,-120.0605147
Third Recess,Valley,37.4426058,-118.8064435
Third Recess Lake,Lake,37.4229457,-118.8029197
Thirteenmile Creek,Stream,37.9863115,-120.0737959
Thompson Canyon,Valley,38.0591132,-119.5882931
Thompson Lake,Lake,37.1681717,-118.6037543
Thompson Peak,Summit,37.9991853,-120.0689963
Thompson Peak,Summit,38.7966284,-119.9440127
Thor Peak,Summit,36.5768549,-118.2657399
Thornburg Canyon,Valley,38.6706113,-119.8155807
Thousand Island Lake,Lake,37.7208769,-119.1833282
Three Island Lake,Lake,37.2900638,-118.8492299
Three Sisters,Summit,37.1412263,-119.0607852
Thunder and Lightning Lake,Lake,37.1514164,-118.52095
Thunder Hill,Summit,38.285551,-120.1729769
Thunderbolt Peak,Summit,37.0974877,-118.5172926
Tiger Creek,Stream,38.4496325,-120.4932579
Tiger Creek Forbay,Reservoir,38.45332,-120.47689
Tiger Creek Regulator Reservoir,Reservoir,38.4791469,-120.4512278
Timberline Tarns,Lake,37.1324265,-118.5494676
Tinker Knob,Summit,39.2446348,-120.28493
Tioga Peak,Summit,37.9494319,-119.2463993
Tivy Mountain,Summit,36.8003623,-119.359258
Tocher Lake,Lake,37.1687809,-119.1123795
Toe Lake,Lake,37.36255,-118.7916814
Toem Lake,Lake,38.8402628,-120.1361309
Tokopah Falls,Falls,36.6089511,-118.6905041
Toler Creek,Stream,37.6385419,-118.05288
Tollhouse Canyon,Valley,38.4370114,-119.4523737
Tollhouse Creek,Stream,37.0407821,-119.3970736
Tollhouse Lake,Lake,39.4329135,-120.5182664
Mount Tom,Summit,37.338556,-118.6569361
Mount Tom,Summit,37.3757302,-119.1791014
Tomahawk Lake,Lake,37.2576754,-118.7269124
Tombstone Creek,Stream,37.2793868,-118.9598382
Tonys Gulch,Valley,38.628342,-120.478251
Tooth Lake,Lake,37.3172745,-118.7988597
Topsy Turvy Lake,Lake,37.1731854,-118.6355313
Tornado Creek,Stream,36.7993895,-118.8934396
Trabucco Creek,Stream,37.5749342,-119.946842
Trabuco Mountain,Summit,37.2467838,-119.7374463
Trail Crest,Gap,36.559102,-118.2912015
Trail Lakes,Lake,37.4404685,-118.7743695
Trap Canyon,Valley,38.7141087,-120.4370528
Treasure Lakes,Lake,37.1425315,-118.5727227
Treasure Lakes,Lake,37.3877973,-118.7651886
Trench Canyon,Basin,38.1835336,-118.8740289
Tres Plumas Creek,Stream,37.5479855,-118.145103
Tretten Canyon,Valley,36.7872824,-119.2937003
Triangle Lake,Lake,38.8594949,-120.0923613
Trinity Lakes,Lake,37.6702123,-119.107916
Triple Divide Peak,Summit,37.6320601,-119.3703233
Triple Falls,Falls,36.9846588,-118.5553793
Triple Peak Fork,Stream,37.69632,-119.3479255
Trojan Peak,Summit,36.6423223,-118.3152859
Trout Creek,Stream,38.081864,-120.0104614
Lake Helen of Troy,Lake,36.6480617,-118.3205774
Truckee Canyon,Valley,39.471146,-119.9971543
Trumbull Lake,Lake,38.0534818,-119.2579292
Trumbull Peak,Summit,37.6878886,-119.8614888
Tryon Peak,Summit,38.5217975,-119.7879432
Tub Springs,Spring,36.8004891,-118.3003749
Tueeulala Falls,Falls,37.9641667,-119.7727778
Tulainyo Lake,Lake,36.5976633,-118.2801351
Tule Lake,Lake,37.3427088,-119.0230497
Tully Hole,Basin,37.5024377,-118.9220687
Tully Lake,Lake,37.4874142,-118.8836589
Tunemah Lake,Lake,37.0154893,-118.703658
Tunnabora Peak,Summit,36.6051277,-118.2821847
Turf Lakes,Lake,37.1731635,-118.8327868
Turner Canyon,Valley,39.6245638,-120.4448695
Turner Lake,Lake,37.6408576,-119.3474439
Turquoise Lake,Lake,38.0973543,-119.3498591
Turret Creek,Stream,37.238836,-118.826301
Turtle Creek,Stream,36.962447,-119.1248388
Tuttle Creek,Stream,36.584378,-118.0700875
Tuttle Lake,Lake,39.3188149,-120.5264894
Twentyfive Mile Canyon,Valley,38.7776876,-120.4607727
Twin Gulch,Valley,38.5653668,-120.385255
Twin Gulch Fire Tank,Reservoir,38.5943532,-120.3729753
Twin Island Lakes,Lake,37.6936483,-119.2338092
Twin Lake,Reservoir,38.6065329,-119.9395866
Twin Lakes,Lake,36.9116763,-118.3916934
Twin Lakes,Lake,37.6179301,-119.0083061
Twin Lakes,Lake,38.1317925,-119.6821623
Twin Lakes,Lake,38.8698012,-120.1918593
Twin Peaks,Summit,39.1123183,-120.2318051
Two Peaks,Summit,38.9031625,-120.2829581
Two Teats,Summit,37.7120203,-119.100023
Twomile Creek,Stream,38.0146439,-120.0507398
Tyee Lakes,Lake,37.1808081,-118.5802094
Tyndall Creek,Stream,36.604659,-118.417593
Uhlen Valley,Valley,39.3230982,-120.3715745
Umpa Lake,Lake,38.8721848,-120.2018108
Underwood Valley,Basin,38.5232436,-120.0126854
Union Valley,Valley,39.3592492,-120.1125989
Union Valley Reservoir,Reservoir,38.8726598,-120.4065526
University Peak,Summit,36.7480794,-118.3618702
Upper Blue Lake,Reservoir,38.6320166,-119.948453
Upper Boy Scout Lake,Lake,36.5819016,-118.2736718
Upper Castle Creek,Stream,39.3224045,-120.3715915
Upper Echo Lake,Lake,38.8431849,-120.0755061
Upper Honeymoon Lake,Lake,37.2451296,-118.7682028
Upper Hopkins Lakes,Lake,37.47282,-118.841577
Upper Horsethief Lake,Lake,37.2839282,-119.2675812
Upper Horton Lakes,Lake,37.3031766,-118.6804029
Upper Indian Lake,Lake,37.18388,-118.8520454
Upper Kinney Lake,Lake,38.5578247,-119.828559
Upper Lamarck Lake,Lake,37.2103029,-118.6509365
Upper Mills Creek Lake,Lake,37.3905483,-118.8036956
Upper Morgan Lake,Lake,37.388461,-118.7446012
Upper Mud Spring,Spring,38.5478036,-120.3348007
Upper Pine Lake,Lake,37.3436782,-118.7347754
Upper Pizona Spring,Spring,37.9590936,-118.5338657
Upper Sardine Lake,Lake,37.8552328,-119.205166
Upper Sunset Lake,Reservoir,38.6062111,-119.879686
Upper Turret Lakes,Lake,37.2765659,-118.83535
Upper Twin Lake,Lake,37.2959567,-119.1599446
Ursa Lake,Lake,37.3318399,-118.7981038
Vacation Pass,Gap,36.6135459,-118.3012034
Valentine Lake,Lake,37.57643,-118.9367538
Vallecito,Populated Place,38.0901992,-120.4735322
Lake Valley Reservoir,Reservoir,39.2982189,-120.5826877
Valor Lake,Lake,37.0818188,-118.7455943
Van Horn Creek,Stream,38.6626843,-120.4396439
Lake Van Norden,Reservoir,39.3137746,-120.3707446
Vaughn Gulch,Valley,36.8171768,-118.0887704
Vee Lake,Lake,37.3205585,-118.8071964
Vennacher Needle,Summit,36.9987692,-118.4738419
Vermilion Lake,Lake,37.4311271,-118.9267293
Vidette Creek,Stream,36.752713,-118.4039859
Vine Spring,Spring,38.0577758,-120.4202184
Virginia Canyon,Valley,37.9648802,-119.4458216
Virginia Creek,Stream,37.5404911,-119.7915552
Virginia Creek,Stream,38.2215868,-119.2451552
Virginia Lake,Lake,37.1047661,-119.0882964
Virginia Lakes,Lake,38.050383,-119.2676732
Virginia Pass,Gap,38.0665882,-119.3365481
Lake Virginia,Lake,37.5112333,-118.9349671
Volcanic Knob,Summit,37.3969729,-118.8893617
W Lake,Lake,38.171408,-119.678663
Waca Lake,Lake,38.8548852,-120.1413458
Wades Flat Gulch,Valley,38.0628858,-120.4693865
Waford Spring,Spring,38.0953689,-119.007786
Wagner Valley,Valley,37.7635265,-120.1242797
Wagon Wheel Lake,Lake,39.3853213,-120.5304774
Wagonshed Creek,Stream,36.5038375,-119.0117704
Wah Hoo Lake,Lake,37.1080487,-118.7845736
Wahoo Lake,Lake,37.2303601,-118.7146892
Wahtoke Creek,Stream,36.6149506,-119.4656817
Wales Lake,Lake,36.5992291,-118.3154338
Walker Creek,Stream,37.91275,-119.080017
Walker Lake,Lake,37.8744479,-119.1649447
Wallace Canyon,Valley,38.9805728,-120.5997704
Wallace Creek,Stream,36.5752146,-118.4120369
Wallace Lake,Lake,36.6116111,-118.3110131
Wallace Spring,Spring,38.967729,-120.5992549
Mount Wallace,Summit,37.1468068,-118.6567979
Walling Lake,Lake,37.3026665,-119.1732899
Walton Cabin Spring,Spring,37.8776845,-120.0966401
Wampum Lake,Lake,37.2778263,-118.8251728
Wanda Lake,Lake,37.1211827,-118.6924826
Wapama Falls,Falls,37.9663094,-119.765454
Ward Lake,Lake,37.3008312,-118.9878904
Ward Lakes,Lake,37.6370959,-119.322111
Warm Creek,Stream,37.3627206,-119.0759535
Warren Fork,Stream,37.9457586,-119.2195965
Warren Lake,Lake,37.1950857,-118.3315083
Warren Lake,Lake,39.3963969,-120.3519479
Mount Warren,Summit,37.989934,-119.2233573
Warrior Lake,Lake,37.4741938,-118.9182045
Washburn Lake,Lake,37.7151106,-119.3720319
Water Canyon,Valley,36.8862996,-118.0830388
Water Canyon,Valley,37.4369306,-118.1083688
Water Gulch,Valley,38.4215694,-120.1439054
Waterhouse Peak,Summit,38.7761463,-119.9649098
Watson Creek,Stream,39.2185179,-120.086303
Waugh Lake,Reservoir,37.7507974,-119.1912794
Wawona Dome,Summit,37.5560411,-119.6129202
Wawona Point,Summit,37.518574,-119.6005832
Way Lake,Lake,37.5834708,-118.9974903
Weaver Creek,Stream,36.7249446,-118.8067688
Weaver Lake,Lake,36.7032558,-118.7982854
Weber Lake,Lake,37.7416337,-119.1760598
Wedge Lake,Lake,37.2726923,-118.7131637
Weil Lake,Lake,39.4253348,-120.5476334
Weir Creek,Stream,36.9030022,-119.0517796
Weir Lake,Lake,37.1764369,-118.5636549
West Fork Bear Creek,Stream,37.3266053,-118.8659513
West Fork Camp Sixty One D Creek,Stream,37.3179991,-119.0712301
West Fork Cherry Creek,Stream,38.0529751,-119.903236
West Fork Chiquito Creek,Stream,37.3610547,-119.3520746
West Fork Chowchilla River,Stream,37.343554,-119.8382167
West Fork Clover Creek,Stream,36.6449441,-118.7475991
West Fork Coyote Creek,Stream,37.251874,-118.4798332
West Fork Dougherty Creek,Stream,36.9288274,-118.6245461
West Fork Gray Creek,Stream,39.35034,-120.00843
West Fork Green Creek,Stream,38.0965883,-119.2898792
West Fork Jordan Creek,Stream,37.7674278,-120.0804635
West Fork Long Meadow Creek,Stream,36.9810569,-119.0015008
West Fork Plum Creek,Stream,38.7237951,-120.3946417
West Fork West Walker River,Stream,38.2876929,-119.5448909
West Juniper Creek,Stream,39.3371296,-120.0513064
West Kaiser Creek,Stream,37.3482773,-119.2515128
West Lake,Lake,37.1998906,-119.1301036
West Lake,Lake,38.0913711,-119.3224967
West Martis Creek,Stream,39.3015734,-120.1218622
West Panther Creek,Stream,38.4860215,-120.4015882
West Pinnacles Creek,Stream,37.2432715,-118.8170591
West Walker River,Stream,38.8929717,-119.1787646
Westfall Creek,Stream,37.3441107,-119.2709583
Wet Canyon,Valley,37.8727478,-118.7458423
Wet Fork,Stream,37.8749311,-118.6254048
Wet Meadows Reservoir,Reservoir,38.6051594,-119.8672289
Wet Meadows Springs,Spring,38.041382,-120.081317
Wheats Meadow Creek,Stream,38.3499129,-119.9360158
Wheel Mountain,Summit,37.0467269,-118.629452
Wheeler Gulch,Valley,37.6972952,-120.2466107
Wheeler Lake,Lake,38.5188376,-119.9813811
Wheeler Peak,Summit,38.4186396,-119.2886292
Whisky Creek,Stream,39.1612953,-120.2699179
Whisky Creek,Stream,37.1641145,-119.4731892
Whisky Hill,Summit,39.1937529,-120.576327
White Bear Lake,Lake,37.3390736,-118.8005053
White Deer Creek,Stream,36.7893925,-119.2278961
White Deer Saddle,Gap,36.8432808,-119.1495605
White Fork,Stream,36.8871576,-118.4259322
White Hall Canyon,Valley,38.7755513,-120.4047991
White Oak Creek,Stream,37.797427,-120.0624074
White Spring,Spring,38.2646559,-120.0555986
Whites Gulch,Valley,37.8415096,-120.1864273
Whites Gulch,Valley,37.6458568,-120.1771213
Whitney Creek,Stream,36.5513258,-118.4037029
Whitney Pass,Gap,36.5557685,-118.2812013
Mount Whitney,Summit,36.57857,-118.2924218
Wiesman Spring,Spring,36.8961935,-119.0147084
Wilbur May Lake,Lake,37.4660639,-118.9552492
Wild Cow Canyon,Valley,37.8305425,-118.7837838
Wild Goose Gulch,Valley,38.1138888,-120.4526448
Wild Hog Canyon,Valley,36.6445627,-119.051438
Wildcat Creek,Stream,37.7210379,-119.7140596
Wildcat Falls,Falls,37.7235378,-119.7173932
Wildrose Canyon,Valley,37.7262783,-118.598546
William Creek,Stream,39.6149,-120.5924377
Williams Butte,Summit,37.919098,-119.1150425
Williams Creek,Stream,36.9207796,-119.0203897
Williamson Creek,Stream,36.7021558,-118.2903727
Willow Creek,Stream,37.1455036,-119.4620774
Willow Creek,Stream,38.7779618,-119.9176802
Willow Creek,Stream,38.2529702,-119.9226816
Willow Creek,Stream,37.6968755,-120.2460226
Willow Gulch,Valley,38.1024176,-120.3800258
Willow Springs Canyon,Valley,36.8171613,-118.0888651
Wilson Butte,Summit,37.7837655,-119.0261581
Wilson Creek,Stream,38.0179793,-119.123483
Wilson Lake,Reservoir,38.4328001,-120.463776
Winchell Creek,Stream,36.9971719,-119.6498641
Mount Winchell,Summit,37.1045961,-118.5261656
Windmiller Ravine,Valley,38.8028774,-120.4111461
Window Peak,Summit,36.8899306,-118.4591044
Windy Canyon,Valley,36.9884467,-118.6018146
Windy Gap,Gap,38.249362,-120.225748
Windy Lake,Lake,37.6126938,-119.5118053
Windy Peak,Summit,36.9726041,-118.6110207
Winnemucca Lake,Lake,38.669566,-119.9933153
Wishon Reservoir,Reservoir,37.017781,-118.962947
Lake Wit-So-Nah-Pah,Lake,37.525336,-118.8755401
Wolf Creek,Stream,38.3479695,-119.5379463
Wolf Creek Lake,Lake,38.3566562,-119.6213199
Wolf Gulch,Valley,38.0568219,-120.429809
Wolverton Creek,Stream,36.5978225,-118.7533174
Wonder Lakes,Lake,37.2186602,-118.6620383
Mount Wood,Summit,37.8092435,-119.1659474
Woodcamp Creek,Stream,39.4937903,-120.5482674
Woodchoppers Spring,Spring,39.405196,-120.142987
Woodchuck Basin,Basin,38.5004661,-119.9843513
Woodchuck Creek,Stream,37.0205002,-118.9587223
Woodchuck Lake,Lake,37.0414486,-118.8811085
Woods Lake,Lake,36.8855126,-118.3832754
Woods Lake,Lake,38.6829506,-120.0092223
Woods Lakes,Lake,37.5690744,-118.9651211
Lake of the Woods,Lake,38.8502273,-120.1194255
Woodward Creek,Stream,36.6574454,-118.8456578
Mount Woodworth,Summit,37.0254451,-118.6170058
Wool Hollow,Valley,38.1015241,-120.411387
Woolley Canyon,Valley,36.6233937,-119.0525341
Wren Creek,Stream,36.8168868,-118.738157
Wright Creek,Stream,36.5896586,-118.3889815
Wrights Lake,Lake,38.8490907,-120.2326861
Mount Wynne,Summit,36.9380113,-118.4029183
Yankee Hill,Populated Place,38.0396452,-120.377972
Yea Hoo Gulch,Valley,38.1243341,-120.3844563
Yellow Jacket Canyon,Valley,39.0799941,-120.5335036
Yellowhammer Lake,Lake,38.118977,-119.784708
Yellowjacket Canyon,Valley,37.7073146,-118.4660673
Yellowjacket Spring,Spring,37.7157694,-118.4877447
Yosemite Forks,Populated Place,37.3671649,-119.6318155
Yosemite Valley,Valley,37.7183994,-119.6820018
Yost Creek,Stream,37.76382,-119.105979
Yost Lake,Lake,37.7445055,-119.095603
Mount Young,Summit,36.5810416,-118.3276232
Yparraquirre Canyon,Valley,38.2512873,-119.5360356
Yucca Mountain,Summit,36.5716423,-118.8701233
Zebe Creek,Stream,36.838282,-119.3012333
Zip Creek,Stream,37.6102099,-119.7518342
Zurich,Populated Place,37.1827079,-118.2601009
Bohna Creek,Stream,35.7135634,-118.627588
Gibbon Creek,Stream,36.0263384,-118.7939806
Hole-in-the Ground,Gap,36.2488297,-118.4039761
Adobe Canyon,Valley,35.5165584,-118.9215258
Alder Creek,Stream,35.7185632,-118.6142545
Alder Creek,Stream,35.90245,-118.6523105
Alder Creek,Stream,36.2030011,-118.6503687
Alpine Creek,Stream,36.2310538,-118.5123109
Alta Sierra,Populated Place,35.7291182,-118.5495319
Ames Hole,Basin,35.84286,-118.67188
Amphitheater Lake,Lake,36.4457935,-118.552195
Anderson Canyon,Valley,38.5908901,-120.2818329
Angel Creek,Stream,35.7166197,-118.7220332
Angora Creek,Stream,36.2682739,-118.4059208
Angora Mountain,Summit,36.2643257,-118.446047
Ansel Lake,Lake,36.3929325,-118.5987874
Ant Canyon,Valley,35.8850294,-118.4591428
Army Pass,Gap,36.4966023,-118.2389766
Backbone Creek,Stream,36.259947,-118.7870392
Badger Canyon,Valley,35.5429881,-118.7609883
Badger Gap,Gap,35.5460661,-118.6928667
Bakeoven Pass,Gap,36.0091117,-118.2150813
Bald Eagle Peak,Summit,35.5449317,-118.4788115
Bald Knob,Summit,35.8468211,-118.7502923
Ball Mountain,Summit,36.0638792,-118.0939772
Barigan Stringer,Stream,36.4116038,-118.2775873
Barn Canyon,Valley,35.6647307,-118.5219804
Bartolas Creek,Stream,35.7466182,-118.1831337
Basket Pass,Gap,35.6566198,-118.6286991
Basket Peak,Summit,35.653543,-118.6392208
Battle Creek,Stream,36.3602246,-118.8178746
Battle Mountain,Summit,36.2522144,-118.7895922
Beach Creek,Stream,36.0941106,-118.3423068
Bear Canyon,Valley,35.5733135,-118.613855
Bear Creek,Stream,35.9593932,-118.5725875
Bear Creek,Stream,35.7080081,-118.6395325
Bear Creek,Stream,36.1330018,-118.6209229
Bear Dens,Basin,35.7618961,-118.6400881
Bear River,Stream,38.4760232,-120.2971403
Bear River Reservoir,Reservoir,38.5647217,-120.2126783
Bear Trap Canyon,Valley,35.8363229,-118.7083622
Bear Trap Spring,Spring,35.8227961,-118.6429693
Beaver Canyon,Valley,35.5568942,-118.6085559
Belknap Creek,Stream,36.1413347,-118.5987004
Bennett Creek,Stream,36.3574466,-118.8056521
Betty Spring,Spring,35.868364,-118.6608818
Big Arroyo,Stream,36.442716,-118.4123121
Big Campbell,Summit,36.0924969,-118.8690995
Big Five Lakes,Lake,36.480095,-118.5247063
Big Spring,Spring,36.3438185,-118.7460073
Big Tenant Spring,Spring,35.5599685,-118.6620948
Bird Spring Pass,Gap,35.5527331,-118.1342411
Bitter Creek,Stream,36.0346663,-118.1350805
Black Gulch,Valley,35.5930937,-118.5280819
Black Mountain,Summit,35.7416824,-118.5238791
Black Mountain Saddle,Gap,35.7438401,-118.5378652
Black Rock Pass,Gap,36.486051,-118.5517595
Blackrock Mountain,Summit,36.1791648,-118.2779989
Blossom Lakes,Lake,36.3743545,-118.5959098
Blossom Peak,Summit,36.4238657,-118.8889545
Blue Canyon,Valley,36.0572033,-118.7566002
Blue Creek,Stream,36.0393933,-118.7612016
Bodfish Canyon,Valley,35.5850776,-118.4634995
Bodfish Peak,Summit,35.5501049,-118.45321
Bond Creek,Stream,36.037171,-118.7573125
Bonita Creek,Stream,36.042167,-118.3042499
Borel Canyon,Valley,35.5550786,-118.9009582
Boulder Canyon,Valley,35.5759672,-118.0286167
Boulder Creek,Stream,36.1380011,-118.5737
Boulder Spring,Spring,35.579011,-118.028204
Bradshaw Creek,Stream,35.5780094,-118.5578647
Braley Creek,Stream,36.3357707,-118.027306
Brin Canyon,Valley,35.9460279,-118.4769183
Brush Creek,Stream,35.9657814,-118.4811974
Bull Run Creek,Stream,35.7816172,-118.4456411
Bullfrog Lakes,Lake,36.3971841,-118.552894
Burnt Camp Creek,Stream,36.3524462,-118.7764846
Burnt Spring,Spring,35.6641198,-118.6484215
Burro Creek,Stream,36.2243895,-118.6478689
Cahoon Mountain,Summit,36.3730391,-118.8222747
Cain Spring,Spring,35.9277676,-118.7395402
Cain Spring Gap,Gap,35.9188391,-118.741478
Caldwell Creek,Stream,35.740229,-118.4161957
Callioud Spring,Spring,35.599614,-118.655416
Camatta Canyon,Valley,35.5999617,-120.340765
Camatta Creek,Stream,35.5985805,-120.3398762
Campbell Creek,Stream,36.1010609,-118.8673178
Canary Spring,Spring,35.553701,-118.6961543
Cane Canyon,Valley,35.6034197,-118.2454264
Cane Creek,Stream,35.7143958,-118.4845309
Cane Peak,Summit,35.726127,-118.4876374
Cane Spring,Spring,35.681387,-118.38099
Canebrake Creek,Stream,35.7277296,-118.1739667
Cannell Creek,Stream,35.7918948,-118.4492523
Cannell Peak,Summit,35.8649957,-118.361218
Cap Canyon,Valley,35.7086165,-118.167392
Capinero Creek,Stream,35.8802281,-118.6589772
Capinero Saddle,Gap,35.8577282,-118.6320325
Capitol Rock,Summit,35.9810717,-118.5269558
Cartago Creek,Stream,36.2985491,-118.0359167
Carver Peak,Summit,35.8015966,-118.705677
Case Mountain,Summit,36.411199,-118.8031402
Castle Creek,Stream,36.538832,-118.6875964
Castle Rock,Summit,36.1772116,-118.4588745
Caughran Spring,Spring,35.5551842,-118.6902398
Cedar Canyon,Valley,36.0560406,-118.433302
Cedar Creek,Stream,35.6416207,-118.7414782
Cedar Creek,Stream,36.3543899,-118.7328724
Cedar Spring,Spring,35.8646353,-118.6820853
Chagoopa Creek,Stream,36.4685489,-118.4087012
Chagoopa Falls,Falls,36.4691522,-118.4120024
Chicken Spring Lake,Lake,36.4573567,-118.2272578
Chickencoop Canyon,Valley,36.2712486,-118.9271877
Chico Canyon,Valley,35.8021176,-118.4594065
Chimney Creek,Stream,35.7307849,-118.1372992
Chimney Peak,Summit,35.8663309,-118.0424548
Cholla Canyon,Valley,35.6137063,-118.2430795
Cinnamon Creek,Stream,36.3749471,-118.8478756
Cinnamon Gap,Gap,36.4071688,-118.8278755
Cirque Lake,Lake,36.4765466,-118.2201557
Cirque Peak,Summit,36.4769355,-118.2369766
Clear Creek,Stream,35.574676,-118.5295309
Clicks Creek,Stream,36.2199428,-118.5036995
Cliff Creek,Stream,36.5338312,-118.6562068
Cochran Spring,Spring,35.5963891,-118.1613881
Coffee Canyon,Valley,36.1520559,-118.7395417
Coffee Canyon,Valley,35.5166773,-118.9219382
Coffee Creek,Stream,35.614954,-118.683422
Coffeepot Canyon,Valley,36.4210374,-118.7717384
Coho Creek,Stream,35.81023,-118.8789833
Cold Creek,Stream,36.2302183,-118.3425862
Cold Spring,Spring,35.5991207,-118.6481437
Cold Springs Creek,Stream,35.8982838,-118.7314779
Cold Springs Saddle,Gap,35.9349495,-118.6484215
Cole Creek,Stream,38.4860235,-120.240194
Columbine Lake,Lake,36.4617336,-118.5511397
Comb Rocks,Summit,36.4773559,-118.9009665
Cook Peak,Summit,35.6216672,-118.4381003
Cooks Peak,Summit,35.7048259,-118.5483236
Cooksie Canyon,Valley,35.8396096,-118.6662086
Corral Creek,Stream,35.8505051,-118.4536969
Cortez Canyon,Valley,35.5643813,-118.2478672
Cottonwood Pass,Gap,36.4529917,-118.215087
Cove Canyon,Valley,35.8395638,-118.6974809
Cow Canyon,Valley,36.1945558,-118.1406459
Cow Flat Creek,Stream,35.5005112,-118.693978
Cow Heaven Spring,Spring,35.6177315,-118.0259058
Cow Mountain,Summit,36.0578605,-118.7853141
Cow Mountain Creek,Stream,36.0282827,-118.786758
Coy Creek,Stream,36.1321684,-118.6228673
Coyote Creek,Stream,36.3421617,-118.4050885
Coyote Lakes,Lake,36.3065351,-118.4522877
Coyote Pass,Gap,36.3346628,-118.4859229
Coyote Peaks,Summit,36.3120872,-118.4473675
Crag Creek,Stream,36.0982758,-118.1161924
Crag Peak,Summit,36.1117599,-118.1534459
Crew Creek,Stream,36.0480058,-118.8598169
Grunigen Creek,Stream,36.4438345,-118.7759302
Crystal Creek,Stream,36.4377681,-118.5903229
Crystal Lake,Reservoir,36.4417729,-118.5625566
Cyclamen Lake,Lake,36.4678512,-118.552163
Cyrus Canyon,Valley,35.7158546,-118.387102
Dark Canyon,Valley,35.8440686,-118.6377773
Dark Canyon,Valley,35.8029112,-118.4534896
Dead Mule Saddle,Gap,35.917172,-118.6548105
Deadman Canyon,Valley,36.1523927,-118.3992759
Deadman Creek,Stream,36.1485575,-118.6539792
Deep Creek,Stream,36.2063315,-118.463421
Deer Creek,Stream,35.9346754,-119.4731753
Deer Island,Summit,36.1913081,-118.1509115
Deer Mountain,Summit,36.1494326,-118.1237835
Deer Valley,Basin,38.5496334,-120.2051921
Delonegha Creek,Stream,35.5568988,-118.6086988
Delonegha Hot Springs,Spring,35.5577322,-118.6128654
Democrat Spring,Spring,35.5067511,-118.6790395
Dennison Mountain,Summit,36.3184137,-118.7462563
Dennison Peak,Summit,36.2970284,-118.760051
Devils Canyon,Valley,36.3532728,-118.7980812
Devils Gate,Gap,36.0219039,-120.4184853
Devils Lake,Lake,38.5825768,-120.186228
Devils Thumb,Summit,35.9472536,-118.7128125
Diaz Creek,Stream,36.4396579,-118.0817522
Dinkey Creek,Stream,36.9021693,-119.1226158
Dome Creek,Stream,36.5316109,-118.7300971
Double Bunk Creek,Stream,35.959671,-118.5728652
Dry Creek,Stream,36.3418941,-119.0639933
Dry Meadow Creek,Stream,35.9932811,-118.482864
Duncan Canyon,Valley,36.0403682,-118.7644104
Durrwood Creek,Stream,36.061335,-118.4673087
Eagle Creek,Stream,36.4388175,-118.5916651
Eagle Lake,Lake,36.4150736,-118.6063793
East Branch Huerhuero Creek,Stream,35.5174715,-120.5212743
East Fork Deer Creek,Stream,37.0046685,-119.0640036
East Fork Erskine Creek,Stream,35.5430105,-118.3778597
East Fork Kaweah River,Stream,36.479113,-118.8384322
East Fork Spring,Spring,35.8601395,-118.6448262
Mount Eisen,Summit,36.4982813,-118.5685054
Elephant Knob,Summit,35.9980853,-118.5124444
Empire Mountain,Summit,36.467275,-118.5772089
Lake Engle,Reservoir,35.6326986,-118.6465172
Ercil Lake,Reservoir,35.6984178,-118.7460242
Erskine Creek,Stream,35.611342,-118.4906415
Exchequer Creek,Stream,37.0577244,-119.1581743
Fairview,Populated Place,35.925782,-118.4948089
Falls Creek,Stream,36.2499389,-118.0928612
Farewell Canyon,Valley,36.4280833,-118.5834299
Farewell Gap,Gap,36.3993859,-118.571481
Fish Creek,Stream,36.204387,-118.4603653
Fish Creek,Stream,35.9538351,-118.1664689
Five Dog Creek,Stream,35.7635637,-119.0295448
Mount Florence,Summit,36.4062211,-118.5508697
Flynn Canyon,Valley,35.9183227,-118.4995914
Forgotten Canyon,Valley,36.4921668,-118.3428615
Fountain Springs Gulch,Valley,35.9821561,-119.0448877
Franklin Canyon,Valley,36.2775052,-118.9666628
Franklin Creek,Stream,36.4281675,-118.5834227
Franklin Lakes,Lake,36.4189395,-118.5586375
Franklin Pass,Gap,36.4119855,-118.546618
Freeman Creek,Stream,35.5885651,-118.6075877
Freeman Creek,Stream,36.1082781,-118.4561978
French Gulch,Valley,38.1262848,-120.5731859
French Gulch,Valley,35.6569292,-118.4836981
French Ranch Gulch,Valley,35.5799198,-118.7100656
Frog Creek,Stream,35.505512,-118.206465
Frog Lakes,Lake,36.2887152,-118.6213608
Frog Spring,Spring,35.5074564,-118.1936869
Fulton Creek,Stream,35.7007861,-118.6720328
Funston Creek,Stream,36.4546603,-118.41259
Funston Lake,Lake,36.4491414,-118.34855
Galena Creek,Stream,36.2421671,-118.6550916
Galley Mountain,Summit,35.9053107,-118.8101199
Garfield Creek,Stream,36.3466123,-118.7378724
Gautche Springs,Spring,35.6034019,-118.4022912
Glass Creek,Stream,37.7471542,-118.9865318
Glennville,Populated Place,35.7288416,-118.7036997
Goat Peak,Summit,35.6524484,-118.662384
Gold Ledge Creek,Stream,35.877727,-118.4575859
Golden Trout Creek,Stream,36.3502172,-118.4048108
Gordon Creek,Stream,35.9091173,-118.7670343
Graham Creek,Stream,36.0960604,-118.8325942
Granite Knob,Summit,36.1533741,-118.2248971
Grasshopper Creek,Stream,36.2757738,-118.4067542
Grassy Canyon,Valley,35.8381912,-118.7256001
Greasy Creek,Stream,36.4280044,-118.9909356
Greenhorn Creek,Stream,35.5663431,-118.5836984
Greenhorn Summit,Gap,35.7382847,-118.5573098
Grimaud Creek,Stream,35.5841214,-118.8667606
Grouse Canyon,Valley,36.1924579,-118.36851
Grouse Creek,Stream,36.3696694,-118.8542646
Grouse Valley,Basin,36.3157805,-118.832319
Guyot Creek,Stream,36.4918812,-118.3500895
Haight Canyon,Valley,35.518756,-118.5146047
Haiwee Pass,Gap,36.1346638,-118.0723035
Ham Spring,Spring,38.5574261,-120.1971134
Hatchet Peak,Summit,35.9412123,-118.6560797
Havilah Canyon,Valley,35.5344252,-118.5136076
Hells Hole,Basin,36.2449405,-118.3750868
Hidden Lake,Lake,36.3131544,-118.6060884
Hidden Lake,Lake,36.4955873,-118.1981382
Higgins Lake,Lake,36.2873756,-118.1131084
High Lake,Lake,36.4892155,-118.2336604
Hillvale Canyon,Valley,35.5143641,-118.9057184
Hockett Lakes,Lake,36.35782,-118.666957
Hockett Peak,Summit,36.2209451,-118.3862821
Hockett Peak Creek,Stream,36.1924418,-118.3714751
Bog Hole Springs,Spring,35.5669825,-118.6344115
Hogeye Gulch,Valley,35.6320597,-118.4905325
Honeybee Creek,Stream,36.1446636,-118.0889706
Hooper Hill,Summit,35.5670677,-118.5125954
Horn Mountain,Summit,36.4007319,-118.8431518
Horse Canyon,Valley,35.5580688,-118.0363073
Horse Canyon Spring,Spring,35.576847,-118.084273
Horse Creek,Stream,36.3857816,-118.9434339
Hossack Creek,Stream,36.1899458,-118.6617576
Hot Spring Valley,Valley,35.6106591,-118.4888784
Hot Springs,Spring,35.7291313,-118.4091233
Hunter Creek,Stream,36.3413325,-118.6403704
Ice House Creek,Stream,35.7210626,-118.5298095
Ida Lake,Reservoir,35.9981425,-118.5338464
Isabella Lake,Reservoir,35.669925,-118.4278184
Jackass Creek,Stream,36.0632769,-118.218971
Jackass Peak,Summit,36.1376798,-118.2076519
Jacobson Creek,Stream,36.2307769,-118.5692564
Jenny Creek,Stream,36.278835,-118.7353714
Jenny Lind Canyon,Valley,35.5126037,-118.5190092
Jim Gray Creek,Stream,36.3438376,-118.950378
Johnnycakes Lake,Reservoir,35.6949492,-118.7414375
Johnson Creek,Stream,36.3738273,-118.3450879
Johnson Lake,Lake,36.4330019,-118.3371059
Johnson Peak,Summit,36.4198274,-118.3334759
Jordan Peak,Summit,36.1816066,-118.5979183
Jug Spring,Spring,36.1943033,-118.4732896
Kaweah River,Stream,36.3366172,-119.2231666
Kerckhoff Lake,Reservoir,37.1474107,-119.514677
Kern Canyon,Valley,36.2466045,-118.4014385
Kern Lake,Lake,36.3164834,-118.4056888
King George Peak,Summit,35.8711087,-118.7419184
Kingfisher Stringer,Stream,36.2202174,-118.2156398
Kramer Creek,Stream,36.2602248,-118.7867614
Lamont Peak,Summit,35.7920459,-118.0435672
Laura Peak,Summit,35.5665478,-118.3838503
Laurel Creek,Stream,36.3843834,-118.4109224
Leggett Creek,Stream,36.2746627,-118.4067542
Lewis Creek,Stream,36.2127289,-119.1848308
Liebel Peak,Summit,35.5071726,-118.3980599
Lightner Peak,Summit,35.5293749,-118.562658
Lilly Canyon,Valley,35.5777019,-118.5570067
Linns Valley,Valley,35.7091139,-118.71674
Lion Creek,Stream,36.0988326,-118.3359178
Lion Creek,Stream,36.25772,-118.5162001
Little Bear River,Stream,38.5535225,-120.252416
Little Claire Lake,Lake,36.4219657,-118.5215447
Little Cottonwood Creek,Stream,36.4627133,-118.1128639
Little Creek,Stream,35.5677319,-118.582865
Little Kern Lake,Lake,36.3075478,-118.404449
Little Kern Lake Creek,Stream,36.3016068,-118.4045323
Little Kern River,Stream,36.1332773,-118.4389756
Little Poso Creek,Stream,35.5724548,-118.7284227
Little Tenant Spring,Spring,35.5560408,-118.668975
Lloyd Meadows Creek,Stream,36.1388333,-118.4784207
Loco Creek,Stream,36.2141064,-118.0295266
Lone Pine Canyon,Valley,35.8391397,-118.6963472
Long Branch,Stream,36.0282836,-118.848983
Long Canyon,Valley,35.5246029,-120.2272872
Long Canyon,Valley,36.2326709,-118.246181
Long Canyon Creek,Stream,36.2210511,-118.2823074
Long Lake,Lake,36.4873731,-118.22694
Long Meadow Creek,Stream,35.9977259,-118.541476
Long Stringer,Stream,36.2293845,-118.30703
Long Tom Gulch,Valley,35.5275915,-118.8420957
Lookout Mountain,Summit,36.0577182,-118.3753623
Lost Canyon,Valley,36.4602112,-118.4721288
Lost Creek,Stream,36.0610546,-118.1323031
Lost Trout Creek,Stream,36.2266062,-118.2603626
Lower Bear River Reservoir,Reservoir,38.5424849,-120.2485197
Lumreau Creek,Stream,35.6891198,-118.6875886
Lynch Canyon,Valley,35.6127124,-118.4093418
Maggie Lakes,Lake,36.276079,-118.6204973
Maggie Mountain,Summit,36.2636202,-118.6188197
Mahogany Creek,Stream,36.0541105,-118.2092485
Mankins Creek,Stream,36.4563363,-118.9095449
Mankins Flat,Lake,36.4895036,-118.9652817
Manzanita Canyon,Valley,36.2090368,-118.3549998
Manzanita Knob,Summit,36.208634,-118.3081047
Marble Creek,Stream,37.7438213,-118.4523404
Lake Marion,Reservoir,35.631908,-118.6657715
McFarland Creek,Stream,35.7352301,-118.6670327
McIntyre Creek,Stream,36.1405013,-118.5881446
McIvers Spring,Spring,35.621756,-118.073223
Meadow Creek,Stream,35.9635601,-118.6184212
Meadow Creek,Stream,36.1902237,-118.6623132
Merry Creek,Stream,35.8980058,-118.6786996
Middle Branch Huerhuero Creek,Stream,35.5174715,-120.5212743
Middle Fork Erskine Creek,Stream,35.5430105,-118.3778597
Middle Fork Spring,Spring,35.8561511,-118.6471905
Middle Tuolumne River,Stream,37.8282592,-120.0199062
Mike Harney Canyon,Valley,35.579801,-118.6712034
Milk Canyon,Valley,36.1680235,-118.7037141
Milk Ranch Peak,Summit,36.4833739,-118.7809353
Mill Creek,Stream,35.6785641,-118.6581438
Mill Creek,Stream,35.9674485,-118.5411982
Mill Creek,Stream,35.5435658,-118.61981
Mineral Creek,Stream,36.4516087,-118.6200938
Mineral Lakes,Lake,36.4293722,-118.6236405
Mineral Peak,Summit,36.4467229,-118.5651305
Monache Creek,Stream,36.2191063,-118.1736949
Monache Mountain,Summit,36.2053685,-118.1963055
Monarch Creek,Stream,36.4521637,-118.5987045
Monarch Lakes,Lake,36.453255,-118.5657734
Monotti Creek,Stream,35.5743992,-118.8787056
Moorehouse Creek,Stream,36.1516131,-118.6612016
Moraine Lake,Lake,36.4617471,-118.4569206
Mormon Canyon,Valley,35.6141526,-118.7333025
Moses Mountain,Summit,36.2787221,-118.6808097
Mosquito Creek,Stream,36.4513308,-118.6170381
Mosquito Lakes,Lake,36.4193335,-118.6138628
Mountaineer Creek,Stream,36.2346649,-118.5203666
Muah Mountain,Summit,36.4006913,-118.1251398
Mud Hen Creek,Stream,35.6660636,-118.5473094
Mud Lake,Lake,38.6098492,-120.1491287
Mud Spring,Spring,35.9286831,-118.6429553
Muir Lake,Lake,36.499167,-118.20935
Mulkey Pass,Gap,36.4296584,-118.1650863
Mustang Spring,Spring,35.5232147,-118.1770537
Myers Canyon,Valley,35.5880576,-118.4730582
Needham Mountain,Summit,36.4543217,-118.5373524
Needlerock Creek,Stream,36.0888343,-118.4673089
Nellie Dent Creek,Stream,35.705785,-118.4423074
Nelson Creek,Stream,36.1357793,-118.6109228
New Army Pass,Gap,36.4902135,-118.2398098
Ninemile Creek,Stream,36.221052,-118.3553639
Nobe Young Creek,Stream,36.0038367,-118.5011978
North Alder Creek,Stream,36.2018898,-118.6470353
North Cold Spring,Spring,35.9763822,-118.69618
North Fork Middle Fork Tule River,Stream,36.161058,-118.7073136
North Fork Bishop Creek,Stream,37.3752067,-118.3420521
North Fork Clicks Creek,Stream,36.2057769,-118.5381444
North Fork Fine Gold Creek,Stream,37.1960586,-119.6170875
North Fork Gordon Creek,Stream,35.9438388,-118.7356446
North Fork Kaweah River,Stream,36.4474474,-118.9023224
North Fork Lamarck Creek,Stream,37.2282664,-118.6209457
North Meadow Creek,Stream,35.9716144,-118.4389743
Noyer Canyon,Valley,35.7497365,-118.4225017
O'Brien Hill,Summit,35.5242193,-118.5324237
O'Brien Spring,Spring,35.519757,-118.549583
Oak Flat Peak,Summit,36.0197184,-118.7773435
Olancha,Populated Place,36.2818827,-118.0064718
Olancha Creek,Stream,36.2782717,-118.0211941
Olancha Pass,Gap,36.2113287,-118.1053607
Olancha Peak,Summit,36.265368,-118.118152
Onyx Peak,Summit,35.6568928,-118.2265407
Osa Creek,Stream,36.1618871,-118.3811971
Oscar Meyer Spring,Spring,35.5157293,-118.6716791
Owens Valley,Valley,37.4086504,-118.4825882
Packsaddle Canyon,Valley,35.945147,-118.4776533
Packsaddle Creek,Stream,35.9443934,-118.5836987
Palisade Creek,Stream,37.0518998,-118.5793551
Paradise Canyon,Valley,36.3440116,-118.9514022
Paradise Creek,Stream,36.5196671,-118.762042
Parker Pass,Gap,35.9571713,-118.6309214
Parker Peak,Summit,35.9723225,-118.6468295
Pecks Canyon,Valley,36.2631281,-118.5525127
Peel Mill Creek,Stream,35.8038403,-118.6650883
Peppermint Creek,Stream,36.0477242,-118.4675864
Perrin Creek,Stream,36.4971587,-118.3303669
Pettit Place,Populated Place,35.6396755,-118.6175879
Peyton Creek,Stream,35.7352301,-118.6670327
Pigeon Creek,Stream,36.3468903,-118.7520394
Pine Creek,Stream,36.2682799,-118.7623164
Pine Mountain,Summit,35.8568026,-118.653303
Pinto Lake,Lake,36.4862584,-118.5799145
Pinyon Creek,Stream,35.5477334,-118.2111878
Pipeline Canyon,Valley,35.8710464,-118.6396958
Pistol Creek,Stream,36.3460524,-118.5334239
Pleasant Valley,Basin,36.1124495,-118.859262
Poison Meadow Creek,Stream,35.9655033,-118.423974
Poison Oak Spring,Spring,35.9108905,-118.7240296
Poso Creek,Stream,35.7180135,-119.6262351
Potato Hill,Summit,36.3199067,-118.9442135
Pothole Creek,Stream,35.9538396,-118.8273149
Prefedio Creek,Stream,35.5296773,-118.6664775
Prefedio Spring,Spring,35.5462443,-118.6810659
Pumpkin Canyon,Valley,35.8373478,-118.7245035
Putman Canyon,Valley,36.3479199,-118.7521461
Quail Trap Canyon,Valley,35.7980939,-118.7130945
Quartz Mountain,Summit,35.5953474,-118.5921674
Quedow Mountain,Summit,35.9385923,-118.8798464
Quinn Peak,Summit,36.3345918,-118.589422
Railroad Canyon,Valley,35.8366256,-118.7424469
Raljon Lake,Reservoir,35.7078644,-118.7373193
Rancheria Canyon,Valley,35.5067113,-118.7638135
Rancheria Creek,Stream,35.5132889,-118.8392598
Rankin Peak,Summit,35.5336811,-118.5243252
Rattlesnake Creek,Stream,35.5177333,-118.8562049
Rattlesnake Creek,Stream,35.6968962,-118.4561966
Rattlesnake Creek,Stream,36.1424434,-118.4045306
Rattlesnake Creek,Stream,36.4201511,-118.4111003
Red Hill,Summit,35.7599107,-118.6910607
Red Mountain,Summit,35.6990967,-118.6136245
Red Spur Creek,Stream,36.4982707,-118.4048127
Redrock Creek,Stream,36.2296623,-118.3070301
Redwood Creek,Stream,35.9974487,-118.6659217
Rifle Creek,Stream,36.3229971,-118.5281457
Rincon,Basin,35.9705035,-118.4575858
River Hill,Summit,36.4631104,-118.8203302
Rock Corral Spring,Spring,35.6971751,-118.680644
Rock Creek,Stream,36.479382,-118.4062013
Rock Spring,Spring,35.7850614,-118.6564364
Rockhouse Basin,Basin,35.9360577,-118.1620241
Rocky Basin Lakes,Lake,36.4479647,-118.3178786
Rocky Creek,Stream,36.0374488,-118.7564791
Rocky Gulch,Valley,35.6711484,-118.5003622
Rocky Point,Summit,35.6761629,-118.4425726
Round Mountain,Summit,36.1892584,-118.0739971
Round Mountain Stringer,Stream,36.2016068,-118.1764725
Round Valley,Basin,36.438825,-118.1709197
Runyon Spring,Spring,35.7515029,-118.6815113
Saddle Spring,Spring,35.5193124,-118.4123216
Sagebrush Gulch,Valley,36.2310222,-118.5129645
Salmon Creek,Stream,35.8957823,-118.4675861
Salmon Creek Falls,Falls,35.9100716,-118.4351282
Salt Creek,Stream,36.4599469,-118.8717661
Salt Springs Reservoir,Reservoir,38.4970858,-120.1821593
Sam Spring,Spring,36.0488346,-118.4028629
San Juan Creek,Stream,35.6585797,-120.3701545
San Juan Valley,Valley,35.6046436,-120.3514504
San Luis Canyon,Valley,35.5334159,-120.1976436
Sand Meadows,Lake,36.3643558,-118.653955
Sandy Creek,Stream,35.7688411,-118.7123108
Sandy Creek Spring,Spring,35.7735628,-118.6525882
Saturday Spring Creek,Stream,35.5127332,-118.6912001
Saturday Peak,Summit,35.5071728,-118.7234534
Saturday Spring,Spring,35.5077324,-118.7142803
Sawtooth Pass,Gap,36.45931,-118.56171
Scarlet and Davis Canyon,Valley,35.8875024,-118.5432907
Schaeffer Mountain,Summit,36.0713807,-118.3957798
Scodie Canyon,Valley,35.670963,-118.2022673
Scodie Spring,Spring,35.6411405,-118.1874468
Scovern Hot Springs,Spring,35.620913,-118.4741779
No Name Creek,Stream,36.2863304,-118.5009224
Shepherd Cove,Basin,36.4771688,-118.8584327
Shepherd Peak,Summit,36.4912598,-118.8781216
Sherman Peak,Summit,36.010115,-118.3907518
Shirley Creek,Stream,35.7152292,-118.4936979
Shirley Peak,Summit,35.7069261,-118.5607594
Shoemaker Spring,Spring,35.502623,-118.165598
Short Canyon,Valley,35.6365362,-118.2460258
Short Canyon,Valley,35.7506839,-118.3937351
Shotgun Creek,Stream,36.3341082,-118.5339793
Shotgun Pass,Gap,36.3899646,-118.5369703
Shriner Lake,Lake,38.5362707,-120.1597252
Siberian Pass,Gap,36.4691029,-118.2717545
Siberian Pass Creek,Stream,36.4952145,-118.3387004
Silver Creek,Stream,36.2363339,-118.6512026
Silver Lake,Lake,36.3827272,-118.5331131
Skunk Spring,Spring,35.9341388,-118.7140743
Skunk Spring Saddle,Gap,35.9343943,-118.7173111
Slick Rock Creek,Stream,35.7318962,-118.5928655
Smith Canyon,Valley,35.6890781,-118.2162534
Smith Mountain,Summit,36.1272289,-118.224235
Snail Head,Summit,36.1217318,-118.8123893
Snake Creek,Stream,36.1796628,-118.1581386
Snowslide Canyon,Valley,36.3469823,-118.7350121
Soda Creek,Stream,36.1546686,-118.6639795
Soda Creek,Stream,36.2079955,-118.1773059
Soda Creek,Stream,36.1574428,-118.3859193
Soda Creek,Stream,36.4585498,-118.4703687
Soda Spring,Spring,36.1363644,-118.4759475
Soda Spring,Spring,36.3447776,-118.407631
Soda Spring Creek,Stream,36.2549422,-118.5162001
Soda Springs,Spring,36.2104954,-118.1786949
South Alder Creek,Stream,36.2013344,-118.6473131
South Creek,Stream,35.967726,-118.4875864
South Creek Falls,Falls,35.9721693,-118.4928571
South Fork Middle Fork Tule River,Stream,36.1618913,-118.7075914
South Fork Ash Creek,Stream,36.3871587,-118.0545291
South Fork Cottonwood Creek,Stream,36.4618801,-118.1725867
South Fork Erskine Creek,Stream,35.5443993,-118.3798042
South Fork Gordon Creek,Stream,35.943561,-118.7353668
South Fork Kern River,Stream,35.6593968,-118.4642521
South Fork Lakes,Lake,36.483089,-118.218084
South Mountaineer Creek,Stream,36.2329991,-118.5648119
Spanish Needle Creek,Stream,35.7510622,-118.0997986
Spear Creek,Stream,35.8043957,-118.6534215
Speas Creek,Stream,35.8393957,-118.7292555
Speas Creek,Stream,35.9024491,-118.5178647
Spring Gulch,Valley,35.5748725,-118.4134459
Spring Lake,Lake,36.4713265,-118.5573354
Scratch Creek,Stream,36.3505015,-118.7514839
Squirrel Creek,Stream,36.4405012,-118.7717633
Stable Creek,Stream,35.6649523,-118.5220313
Starvation Creek,Stream,35.9027277,-118.6464771
Stevenson Gulch,Valley,36.1583733,-118.6889746
Lake Stockton,Reservoir,35.6319423,-118.6532136
Stokes Stringer,Stream,36.434381,-118.2611984
Stormy Canyon,Valley,35.8183037,-118.4583489
Stormy Canyon,Valley,35.6968944,-118.2276451
Street Canyon,Valley,36.0034714,-118.7775117
Sugar Pine Creek,Stream,38.5449115,-120.2413046
Summit Creek,Stream,36.1685519,-118.1042489
Summit Lake,Lake,36.308952,-118.6365794
Sycamore Canyon,Valley,35.5073444,-118.8841781
Sycamore Creek,Stream,35.5513434,-118.6150878
Sycamore Gap,Gap,35.8932838,-118.7220333
Sycamore Spring,Spring,35.9059787,-118.6614732
Table Meadow Creek,Stream,36.2488312,-118.5153666
Tamarack Creek,Stream,36.3013305,-118.5195341
Tanglefoot Canyon,Valley,38.4975529,-120.1527905
Tenant Creek,Stream,35.532455,-118.6564773
Tharps Peak,Summit,36.3952108,-118.9323112
The Needles,Summit,36.1096098,-118.4848625
The Pothole,Basin,35.9741169,-118.8042583
Lake Thomas A Edison,Reservoir,37.3827394,-118.976151
Thompson Camp Spring,Spring,35.9599558,-118.5704568
Thompson Peak,Summit,35.9384518,-118.708517
Tibbets Creek,Stream,35.929669,-118.1692464
Tillie Creek,Stream,35.7027296,-118.4467519
Timber Gap,Gap,36.4682746,-118.5992602
Timber Gap Creek,Stream,36.497997,-118.6159276
Timosea Peak,Summit,36.4576012,-118.0872574
Tin Pan Canyon,Valley,35.5499634,-120.2555343
Tobias Creek,Stream,35.9191155,-118.49342
Tower Rock,Summit,36.3389801,-118.3969452
Tragedy Creek,Stream,38.5865773,-120.2024138
Trail Pass,Gap,36.4271585,-118.1759196
Trail Peak,Summit,36.4275881,-118.1905878
Trout Creek,Stream,35.9432798,-118.1698021
Tucker Creek,Stream,35.5391215,-118.6292546
Tulare Peak,Summit,36.4120186,-118.5634356
Turner Peak,Summit,35.8582272,-118.7435589
Twin Lakes,Lake,36.2990523,-118.6210609
Twin Peak,Summit,35.8093214,-118.7144587
Twin Springs,Spring,35.8360399,-118.6725312
Tyler Creek,Stream,35.8838394,-118.7073109
Tyler Peak,Summit,35.8962994,-118.7027097
Uhi Pocket,Basin,35.8657839,-118.6809218
Upper Grouse Valley,Basin,36.2991138,-118.8150961
Vandever Mountain,Summit,36.3983577,-118.581235
Volcano Falls,Falls,36.352574,-118.3936405
Von Hellum Creek,Stream,35.8027291,-118.6539771
Walker Creek,Stream,36.2649386,-118.0484165
Ward Spring,Spring,36.117094,-118.77609
Washburn Cove,Basin,36.461336,-118.8848221
Wells Creek,Stream,36.3402262,-118.9287108
White Chief Lake,Lake,36.4093387,-118.5993052
White River,Stream,35.8516206,-119.2878889
Willow Creek,Stream,36.4441494,-118.4468701
Willow Creek,Stream,36.2746642,-118.5173115
Willow Gulch,Valley,35.5661177,-118.3989438
Willow Spring,Spring,35.5206741,-118.7091428
Willow Spring,Spring,35.5916126,-118.140296
Willow Spring Creek,Stream,35.5257885,-118.6756442
Wilson Creek,Stream,36.1407796,-118.6414789
Windmill Tree Peak,Summit,35.649793,-118.6995637
Windy Creek,Stream,35.9393935,-118.5875876
Windy Gap,Gap,36.329943,-118.6025918
Windy Springs,Spring,36.026265,-118.102791
Wonoga Peak,Summit,36.4828096,-118.118028
Woods Creek,Stream,37.8457609,-120.3779716
Woodward Creek,Stream,35.6649525,-118.5456427
Wormhole Canyon,Valley,36.4296288,-118.0660728
Yankee Canyon,Valley,35.6586465,-118.4416563
Yellow Jacket Canyon,Valley,35.8363382,-118.7083556
Yellow Jacket Spring,Spring,35.5945967,-118.1274427
Yokohl Creek,Stream,36.3502278,-119.1453856
Yokohl Valley,Valley,36.3243161,-119.0791537
Sardine Lakes,Lake,37.8563168,-119.202649
Koip Peak Pass,Gap,37.7982629,-119.1940362
Summit Lake,Lake,37.8551084,-119.215135
Malpais Creek,Stream,36.3593834,-118.3781438
Rough Creek,Stream,36.3124399,-118.4009213
Horse Creek,Stream,36.6113613,-118.7035037
Sheep Camp Lakes,Lake,36.6799431,-118.7128768
Crowley Canyon,Valley,36.710267,-118.6790371
Box Canyon,Valley,36.7169356,-118.6662857
Pattee Creek,Stream,36.6602219,-118.7500993
Gannon Creek,Stream,36.7127217,-118.7501001
Kanawyer Gap,Gap,36.7275517,-118.7165057
Tufa Falls,Falls,36.4438205,-118.5981417
Miners Nose,Summit,36.4429217,-118.6053599
Forester Lake,Lake,36.4113532,-118.5104475
Cold Spring,Spring,36.4505294,-118.6121174
Eagle Sinkhole,Basin,36.4293862,-118.598982
Soda Spring,Spring,36.4320547,-118.5858032
Glacier Pass,Gap,36.46443,-118.56806
The Gateway,Gap,37.7165937,-119.7176707
Williams Creek,Stream,39.6118445,-120.5882708
Jackson Meadows Reservoir,Reservoir,39.4955506,-120.5452003
Mono Jim Peak,Summit,37.5721856,-118.8521626
Huckleberry Creek,Stream,37.239945,-119.2078994
Rube Creek,Stream,35.8985616,-118.7314779
George R. Stewart Peak,Summit,39.3234735,-120.3194394
McLeod Lake,Lake,37.6080848,-119.0305908
Polemonium Peak,Summit,37.0933513,-118.5117715
Mount Anna Mills,Summit,36.4744972,-118.3500768
Mount Ansel Adams,Summit,37.6979683,-119.2815963
McGlashan Point,Summit,39.3181669,-120.3190936
Sheep Creek,Stream,36.2796639,-118.5092558
Mount Ian Campbell,Summit,37.2617081,-119.0202309
Ely Creek,Stream,37.196057,-119.2848468
Hengst Peak,Summit,36.4104239,-118.6217259
Deadwood Peak,Summit,38.6285383,-119.9925634
Thunder Mountain,Summit,38.674271,-120.0906432
Earthquake Dome,Summit,37.6658768,-118.9997176
Dry Creek Knoll,Summit,37.6779846,-118.9859579
Mammoth Knolls,Summit,37.6589373,-118.9789904
Gilbert Peak,Summit,37.6986979,-118.9066623
Grover Hot Springs,Spring,38.6954618,-119.8435119
Noble Creek,Stream,38.5976851,-119.778233
Shay Creek Summer Home Area,Populated Place,38.6940728,-119.8337895
Spring Creek,Stream,38.5215784,-119.4401645
Pacific Grade Summit,Gap,38.5165764,-119.9093488
Dry Lake,Lake,38.2676031,-118.9800378
Dog Town (historical),Populated Place,38.1701984,-119.1973749
Jordan Spring,Spring,38.0561871,-119.2109815
Gerle Creek Divide Reservoir,Reservoir,38.9693241,-120.3933405
Hartless Mountain,Summit,38.9415668,-120.4356333
Packsaddle Pass,Stream,38.7687968,-120.1671326
Golf Meadow,Lake,35.5347074,-118.5308407
White Rock,Summit,35.6145145,-118.5073833
Lion Spring,Spring,35.9184014,-118.5858263
Liddicoat Spring,Spring,38.5376855,-120.5360369
Junction Reservoir,Reservoir,38.8559856,-120.450891
Sawmill Pond,Reservoir,38.8891487,-120.0259424
Big Tree Water Tanks,Reservoir,36.1485568,-118.6045339
Doyle SPrings,Spring,36.2021677,-118.6495354
Crystal SPring,Spring,36.2041128,-118.6898139
Hedrick Mill Pond,Reservoir,36.2298346,-118.6797798
Alder Creek,Stream,35.9699476,-118.4295296
Badger Creek,Stream,35.5432886,-118.7606457
Alstot Lake,Lake,37.6004959,-119.1787416
Pitcher Creek,Stream,37.2321693,-119.4990245
Alder Gulch,Valley,37.1966124,-119.2595678
Rocking K,Populated Place,37.361041,-118.4809476
Graveyard Creek,Stream,37.4393871,-119.2892938
Walford Springs,Spring,38.0935332,-118.9818097
Mud Lakes,Lake,37.5458304,-119.4175041
Little Valley,Lake,38.0471473,-119.259025
Big Valley Lake,Lake,38.0469668,-119.2651037
North Wawona,Populated Place,37.5477132,-119.6446015
South Wawona,Populated Place,37.5424357,-119.644879
Vivian Lake,Lake,37.6753798,-119.1125451
Obsidian Dome,Summit,37.7589574,-119.0206022
Shaver Lake Heights,Populated Place,37.1068917,-119.3204036
Sierra Cedars,Populated Place,37.0760587,-119.3081807
Willow Springs,Spring,36.8308231,-118.0648181
Clover Meadow Spring,Spring,36.8211503,-119.124913
Indian Spring,Spring,36.561032,-118.08202
Mount Sampson,Summit,36.7668918,-119.0967798
Derry Lake,Lake,39.366011,-120.4563418
High Sierra Park,Populated Place,38.0818654,-120.1474097
Wallace Peak,Summit,39.0457555,-120.448733
Cedar Crest,Populated Place,37.2449449,-119.2012326
Fine Gold,Populated Place,37.1907809,-119.6187542
Volcanic Creek,Stream,36.365494,-118.356199
Doc Peak,Summit,36.2058905,-118.2743238
Boggys Pass,Gap,36.179663,-118.266751
Jacks Creek,Stream,36.7541144,-119.1442814
Big Kern Lake Creek,Stream,36.31866,-118.40523
Windy Gap,Gap,37.2135556,-119.0084481
Yucca Point,Summit,36.8291808,-118.8976562
Hockey Lakes,Lake,37.1027168,-118.7784426
Billys Peak,Summit,39.237218,-120.2738591
White Wing Mountain,Summit,37.725483,-119.0462407
Crooks Peak,Summit,36.5744088,-118.2907171
Rawhide,Populated Place,37.9629804,-120.4499183
Big Pine,Populated Place,37.1649307,-118.289546
Bishop,Populated Place,37.3635404,-118.3951101
Bootjack,Populated Place,37.4649385,-119.8865571
Caruthers,Populated Place,36.5427271,-119.8331965
Columbia,Populated Place,38.0363119,-120.4013061
Easton,Populated Place,36.6502271,-119.7906977
Firebaugh,Populated Place,36.8588376,-120.4560072
Kingsburg,Populated Place,36.5138398,-119.5540175
Le Grand,Populated Place,37.228554,-120.2482336
Lone Pine,Populated Place,36.6060444,-118.0628654
Loyalton,Populated Place,39.6762936,-120.2410385
Madera,Populated Place,36.9613356,-120.0607176
Mi-Wuk Village,Populated Place,38.0657551,-120.1849105
Murphys,Populated Place,38.1374202,-120.4596437
Oakhurst,Populated Place,37.3279997,-119.6493154
Orange Cove,Populated Place,36.624394,-119.3137301
San Joaquin,Populated Place,36.6066162,-120.1890447
Sanger,Populated Place,36.708006,-119.5559652
Chowchilla,Populated Place,37.1229997,-120.2601754
Fresno,Populated Place,36.7477272,-119.7723661
Marble Creek,Stream,37.7574301,-118.0964965
Pizona Creek,Stream,37.9749303,-118.6017949
South Fork Chiatovich Creek,Stream,37.8040967,-118.2712265
Fish Lake Valley,Basin,37.7965971,-118.0092709
Subterranean Creek,Stream,39.4437977,-120.0082542
Hutchinson Creek,Stream,37.8765987,-118.4873446
Alkali Valley,Valley,38.1945897,-118.8711665
Barber Creek,Stream,38.8982401,-119.832123
Carson Valley,Valley,39.0823118,-119.7571095
Davis Creek,Stream,37.819652,-118.2348367
East Canyon,Valley,38.3844335,-119.0677461
East Walker River,Stream,38.8926939,-119.1793201
Morris Creek,Stream,37.8632651,-118.4537322
Nevada Creek,Stream,38.6893522,-119.543224
Queen Valley,Valley,37.888362,-118.4812117
Sheep Creek,Stream,38.5110262,-119.2223765
Sonoma Canyon,Valley,38.4304874,-119.1040912
Sweetwater Creek,Stream,38.4353549,-119.1300367
Truman Canyon,Valley,37.9198966,-118.4744176
Del Monte Canyon,Valley,38.3314037,-118.9147729
Murphy Pond,Lake,38.4390829,-119.234877
Deep Cañon,Valley,38.1179675,-118.7597013
Leidy Creek,Stream,37.7360412,-118.095107
Armona,Populated Place,36.3157833,-119.7084642
Coalinga,Populated Place,36.139678,-120.3601496
Corcoran,Populated Place,36.098007,-119.5604015
Delano,Populated Place,35.7688425,-119.2470536
Earlimart,Populated Place,35.8841206,-119.2723328
Exeter,Populated Place,36.2960613,-119.1420517
Farmersville,Populated Place,36.2977283,-119.2067767
Huron,Populated Place,36.2027308,-120.1029177
Ivanhoe,Populated Place,36.3871725,-119.2178889
Kettleman City,Populated Place,36.0082865,-119.9617998
Lake Isabella,Populated Place,35.6180087,-118.473141
Lindsay,Populated Place,36.2030064,-119.08816
London,Populated Place,36.4760619,-119.4431785
McFarland,Populated Place,35.6780104,-119.2292748
Pixley,Populated Place,35.9685649,-119.2917785
Porterville,Populated Place,36.06523,-119.0167679
Strathmore,Populated Place,36.145507,-119.0606587
Terra Bella,Populated Place,35.962453,-119.0442687
Tipton,Populated Place,36.0593973,-119.3120577
Tulare,Populated Place,36.2077288,-119.3473379
Visalia,Populated Place,36.3302284,-119.2920585
Melissa Coray Peak,Summit,38.6517639,-120.0394651
Bartlett Creek,Stream,38.0238083,-119.8012886
Chilnualna Fall,Falls,37.5638236,-119.6151559
Hoover Lakes,Lake,38.0571661,-119.2980595
Peeler Lake,Lake,38.1204494,-119.4678912
Crooks Creek,Stream,37.3502209,-119.745712
Twin Lakes,Lake,37.9962415,-119.2917317
Wawona,Populated Place,37.5368803,-119.6562684
West Fork Jackass Creek,Stream,37.3754991,-119.3090166
Long Gulch,Valley,37.8087433,-119.7625028
Kennedy Meadow,Populated Place,38.3115789,-119.7457314
Lombardi,Populated Place,38.4460232,-120.0662986
Onion Valley,Valley,38.4348065,-120.0784329
Horse Meadow Reservoir,Reservoir,38.1624164,-119.6593392
Woods Creek,Stream,37.9738108,-119.9637932
Mineral Mountain,Summit,38.1895695,-120.4498653
Fly in Acres Reservoir,Reservoir,38.2459154,-120.3349385
Pinebrook Reservoir,Reservoir,38.2360702,-120.3423539
Negro Hill,Summit,38.0561462,-120.3996587
Fort Jones,Populated Place,38.257417,-120.4196445
Beartrack Creek,Stream,37.9427036,-119.119593
Beartrack Canyon,Valley,37.9423576,-119.1466874
Ditch Camp Five,Populated Place,38.7651814,-120.5482587
Tall Timber Camp,Populated Place,38.0735326,-120.1724103
Leonards (historical),Populated Place,35.5505138,-119.4031702
Petro (historical),Populated Place,35.6963441,-119.33039
Dow,Populated Place,35.504124,-119.1726056
Mount Emma,Summit,38.2770659,-119.4762643
Mount Knight,Summit,38.1667826,-120.2395586
Panorama Point,Summit,37.7165058,-119.5573048
Pleasant Valley,Basin,37.9832539,-119.5718358
Donner Lake,Lake,39.322743,-120.2651883
East Fork Camp Sixty-One Creek,Stream,37.3177213,-119.0715079
Hot Springs Creek,Stream,38.6910169,-119.7896215
Mount Langley,Summit,36.5233668,-118.2394156
Middle Palisade,Summit,37.0702899,-118.469138
Mount Muir,Summit,36.5647386,-118.2913287
Poison Canyon,Valley,38.4627523,-119.8472516
Prosser Creek,Stream,39.3704627,-120.1168643
Prosser Creek Reservoir,Reservoir,39.3802738,-120.1566565
Salt Spring,Spring,38.297413,-119.8215673
Mount Sill,Summit,37.095985,-118.5033965
Sly Park Creek,Stream,38.6874046,-120.5965942
Pleasant Valley Creek,Stream,38.6910169,-119.7896215
Stanford Point,Summit,37.7064221,-119.6663928
Stanton Peak,Summit,38.0575851,-119.3628824
Stubblefield Canyon,Valley,38.0389948,-119.6203155
Lake Tahoe,Lake,39.0960755,-120.0333974
Tamarack Creek,Stream,38.1631703,-119.3292555
Mount Tyndall,Summit,36.6557436,-118.3372726
Mount Williamson,Summit,36.6559544,-118.3110851
Parker Meadow Creek,Stream,35.9691152,-118.5384204
Rydberg Creek,Stream,37.7257636,-120.5535328
Sandy Canyon,Valley,35.5052692,-120.1922698
Sawtooth Peak,Summit,36.4551613,-118.5554986
Skinner Peak,Summit,35.5669483,-118.1269219
South Fork Kaweah River,Stream,36.4235589,-118.9195448
Mount Stephens,Summit,39.3199497,-120.3230731
Mount Marliave,Summit,39.3482488,-120.4016014
Peckinpah Mountain,Summit,37.2747017,-119.4670858
Mount Dana,Summit,37.8996859,-119.2212492
Harrel Fire Tank,Reservoir,38.6518505,-120.4718674
Millner Creek,Stream,37.5790969,-118.3981702
Martis Creek Lake,Reservoir,39.3201966,-120.1140482
Slinkard Valley,Valley,38.6418591,-119.5572348
Dry Lake,Lake,38.2738055,-119.0001421
Cowell Creek,Stream,38.2221402,-120.4107547
Sandoz,Populated Place,38.3479698,-120.4304781
Fuchs,Populated Place,38.347414,-120.4560347
Ranger Spring,Spring,35.6447145,-118.5855809
Horse Spring,Spring,35.5935655,-118.1236859
Chinese Miners Creek,Stream,38.2007507,-120.0821312
Brush Gulch,Valley,37.7064531,-120.4141521
Frank Young Gulch,Valley,37.709789,-120.4088659
Gillman Gulch,Valley,37.7108486,-120.4058506
Mexican Gulch,Valley,37.7027835,-120.4224482
Agua Fria,Populated Place,37.4849377,-120.0201759
American Hill,Summit,39.1401751,-120.5888037
Arbios,Populated Place,36.7766164,-120.3979473
Bald Hill,Summit,37.48741,-120.0948861
Bald Mountain,Summit,38.0914892,-120.4574742
Mount Baldwin,Summit,37.5320615,-118.851269
Baltimore Town,Populated Place,39.3876798,-120.5402092
Becker Peak,Summit,38.832325,-120.0598088
Bell Hill,Summit,38.0335027,-120.3921691
Belleview,Populated Place,38.0129794,-120.290746
Benito,Populated Place,36.8216159,-120.4362833
Big Bend,Populated Place,39.3054584,-120.5179843
Black Buttes,Summit,39.3950955,-120.5577184
Blewetts Point,Summit,38.0585285,-120.3660789
Bowles,Populated Place,36.6041167,-119.7509723
Bretz Mill,Populated Place,37.0374475,-119.2398441
Bridgeport,Populated Place,37.4332726,-120.0043399
Browns Flat,Populated Place,38.0038128,-120.3851938
Buena Vista,Populated Place,37.7110387,-119.7937851
Bull Run Rock,Summit,38.2551706,-119.9428411
Burness,Populated Place,36.7649501,-119.6584716
Calwa,Populated Place,36.7105053,-119.7584755
Cameo,Populated Place,36.7646722,-119.7031961
Camp Pendola,Populated Place,38.2146399,-120.1490782
Camp Richardson,Populated Place,38.9343523,-120.0401833
Campana,Populated Place,38.8840708,-120.5204793
Cape Horn,Summit,37.0456042,-118.923367
Carvin Creek Homesites,Populated Place,39.6285113,-120.5779929
Cedar Grove,Populated Place,36.7907744,-118.6703779
Cedar Ridge,Populated Place,38.0657558,-120.2768576
Cienega Mirth,Summit,37.1347813,-118.4590556
Cincotta,Populated Place,36.7613387,-119.7545877
Cisco Grove,Populated Place,39.3099025,-120.5399297
Clearing House,Populated Place,37.6649302,-119.8673974
Coleville,Populated Place,38.5662988,-119.5071119
Cooperstown,Populated Place,37.7432632,-120.5446438
Crater Mountain,Summit,37.1135441,-118.3003246
Crestview,Populated Place,37.7524319,-118.9843096
Cromir,Populated Place,36.8043938,-120.4218378
Dardanelle,Populated Place,38.3410234,-119.8337902
Dinkey Creek,Populated Place,37.0860574,-119.157619
Ebbetts Peak,Summit,38.547681,-119.8143327
Echo Lake,Populated Place,38.8337963,-120.0415726
Elbow Hill,Summit,37.9707081,-119.4028525
Emerald Bay,Populated Place,38.9599078,-120.097963
Epidote Peak,Summit,38.0595123,-119.3048241
Fales Hot Springs,Populated Place,38.3510268,-119.4001625
Fallen Leaf,Populated Place,38.8829632,-120.0726846
Figarden,Populated Place,36.8227256,-119.8623722
Findley Peak,Summit,39.4840331,-120.5747501
Fish Springs,Populated Place,37.0749326,-118.2537108
Folger Peak,Summit,38.4956702,-119.8162381
Fordyce Summit,Gap,39.3454583,-120.5088182
Fountain Place,Populated Place,38.851018,-119.9340696
Gardner Mountain,Summit,38.9101,-120.0149717
Guadalupe Mountains,Summit,37.4550877,-120.0582387
Hammond,Populated Place,36.7596713,-119.7870893
Hartley Butte,Summit,39.4012902,-120.5031443
Haskell Creek Homesites,Populated Place,39.6346228,-120.5527145
Hite Cove,Populated Place,37.6407644,-119.8490623
Hooper Peak,Summit,37.9539267,-119.4700227
Incline,Populated Place,37.6604859,-119.8526744
Indiana Summit,Summit,37.8046476,-118.9318802
Inspiration Point,Summit,38.9460578,-120.1001068
Jackass Dike,Summit,37.3037695,-118.9653993
Joes Point,Summit,37.8851967,-119.9546135
Jupiter,Populated Place,38.122421,-120.2826923
Kennebec Hill,Summit,38.0271404,-120.396102
Kiva Beach,Populated Place,38.9404635,-120.051017
Lake Valley,Populated Place,38.9299079,-120.0046264
Leonardi,Populated Place,38.8818483,-120.5363132
Lerona,Populated Place,37.1293923,-119.4312425
Long Top,Summit,37.1002792,-118.9379463
Lower Town,Populated Place,38.367417,-119.1198712
Martinez,Populated Place,38.0232567,-120.3796384
McCulloh,Populated Place,38.9543486,-120.5260346
Melones,Populated Place,38.0124236,-120.4985314
Mendota,Populated Place,36.7535611,-120.3815574
Mesa Camp,Populated Place,37.507709,-118.573455
Meyers,Populated Place,38.8560185,-120.0129603
Monmouth,Populated Place,36.5660611,-119.7401376
Mormon Hill,Summit,37.2330692,-119.4273954
Muscatel,Populated Place,36.7927255,-119.8593159
Nebelhorn,Populated Place,38.8112961,-120.0343501
Nipinnawasee,Populated Place,37.4041078,-119.7329352
Old Inspiration Point,Summit,37.7050766,-119.6754027
Page Peaks,Summit,38.0667522,-119.3113635
Peaceful Pines,Populated Place,38.4060218,-119.7893446
Peavine,Populated Place,39.6776857,-120.006589
Phillips,Populated Place,38.8179631,-120.077685
Pinedale,Populated Place,36.8427269,-119.7898688
Porter,Populated Place,38.3940795,-120.4252002
Rainbow,Populated Place,39.3101807,-120.5085396
Ramsey Crossing,Populated Place,38.9982371,-120.5543685
Red Hill,Summit,38.0824241,-120.4864476
Red Mountain,Summit,37.0287833,-118.2884982
Red Mountain,Summit,39.3388813,-120.5354738
Regulation Peak,Summit,37.9876935,-119.4884233
Mount Scowden,Summit,38.0084205,-119.2601759
Shaws Flat,Populated Place,38.0077016,-120.4093614
Sierra Sky Park,Populated Place,36.84217,-119.865706
Arnold,Populated Place,38.2554729,-120.3510307
Bald Mountain,Summit,37.7260696,-120.1634615
Briceburg,Populated Place,37.6049331,-119.966844
Buck Mountain,Summit,38.3748246,-120.3726853
Camp Connell,Populated Place,38.3093607,-120.2782502
Clovis,Populated Place,36.8252277,-119.7029194
Dogtown,Populated Place,37.7021524,-120.1279636
Dome Rock,Summit,38.3388645,-119.9760257
Dorrington,Populated Place,38.3013054,-120.277139
Double Dome Rock,Summit,38.3404628,-119.8765994
Hetch Hetchy Junction,Populated Place,37.8010399,-120.4876974
Lingard,Populated Place,37.2402204,-120.397407
Louise Point,Summit,37.7050844,-120.1944872
Manuel Mill,Populated Place,38.2610282,-120.3610311
Midpines,Populated Place,37.5443798,-119.9204507
Sonora Junction,Populated Place,38.3485261,-119.4518316
Sorensens,Populated Place,38.7743504,-119.9029575
South Fork,Populated Place,37.2310582,-119.4943019
Squabbletown,Populated Place,38.0146458,-120.3863052
Sugar Pine,Populated Place,37.4410511,-119.6343182
Summit City (historical),Populated Place,39.4087914,-120.5024305
Tallac Village,Populated Place,38.9218522,-120.0218493
Tarpey,Populated Place,36.7877277,-119.7006964
Turtleback Dome,Summit,37.7133557,-119.7060367
Twin Bridges,Populated Place,38.8112965,-120.1240755
Twin Peaks,Summit,38.0804886,-119.3575265
Twin Peaks,Summit,38.8820535,-120.010203
Union Hill,Summit,38.0183097,-120.4033493
Upper Town,Populated Place,38.3543615,-119.1179265
Virginia Point,Summit,37.6711652,-120.1517706
Wagner,Populated Place,38.3585234,-119.8779583
West Park,Populated Place,36.7102258,-119.851258
West Peak,Summit,37.9800582,-119.4982209
White Pines,Populated Place,38.2660282,-120.3407525
Whitecliff Peak,Summit,38.4354614,-119.6415487
Zuver,Populated Place,38.9740696,-120.5999255
Antes,Populated Place,36.3085612,-119.1306624
Burke Hill,Summit,35.6170505,-118.6976159
Cameron Creek Colony,Populated Place,36.3171726,-119.2048323
Creston,Populated Place,35.5188604,-120.5237744
Eagle Rock,Summit,36.0304933,-120.4699514
East Farmersville,Populated Place,36.3016172,-119.1948318
Five Points,Populated Place,36.4293948,-120.1029244
Fountain Springs,Populated Place,35.8910631,-118.9156518
Hammond,Populated Place,36.4655023,-118.8612104
Jovista,Populated Place,35.7974534,-119.1828844
Kernell,Populated Place,35.7568988,-119.3440019
Linne,Populated Place,35.572471,-120.569054
List,Populated Place,36.2760614,-119.1278842
Matchin,Populated Place,36.3252279,-119.130107
Mitchell Corner,Populated Place,36.3266171,-119.2062214
Oak Grove,Populated Place,36.4505014,-118.7920418
Oliver Rock,Summit,36.0091219,-120.4391163
Ora,Populated Place,36.151344,-120.3265368
Pine Mountain,Summit,36.0208942,-118.1876772
Radnor,Populated Place,35.8302316,-119.2617766
Red Hill,Summit,36.473097,-118.8414883
Roundtop,Summit,35.9381133,-120.1945518
Scratch Hill,Summit,36.3465275,-118.7727761
Slater,Populated Place,35.5494012,-119.1973289
Tar Peak,Summit,35.9344324,-120.1781827
Trocha,Populated Place,35.7980088,-119.1470497
Venida,Populated Place,36.3327278,-119.1301071
Mount Vernon,Summit,35.6969704,-119.9666005
W K Hill,Summit,36.2238199,-120.3257963
Wagon Wheel Mountain,Summit,35.7101644,-119.9869647
West Venida,Populated Place,36.3410611,-119.1298293
Whitley Gardens,Populated Place,35.6591366,-120.5076614
Advance,Populated Place,36.5157803,-118.9026011
Aeolian Buttes,Summit,37.8510203,-119.0407114
Ahwiyah Point,Summit,37.7507023,-119.536206
Al Tahoe,Populated Place,38.9418523,-119.9835148
Alder Hill,Summit,38.629905,-120.2387904
Alder Springs,Populated Place,37.0660596,-119.402074
Algerine,Populated Place,37.9110372,-120.3832494
Allen,Populated Place,38.6171317,-120.1107434
Amsterdam,Populated Place,37.4302157,-120.5421392
Anderson Peak,Summit,37.7726884,-118.4869237
Andover,Populated Place,39.3104617,-120.2471432
Arastraville,Populated Place,37.9979796,-120.2268549
Ascension Mountain,Summit,37.8349433,-119.9057658
Ash Spring Mountain,Summit,36.5918876,-119.0692622
Aspen Valley,Populated Place,37.8274238,-119.7712866
Athlone,Populated Place,37.2079986,-120.3579597
Auberry,Populated Place,37.0807823,-119.4854113
Auckland,Populated Place,36.5880042,-119.1067762
Avocado,Populated Place,36.789394,-119.404015
Barrett,Populated Place,37.6399328,-120.2857451
Barris Hill,Summit,36.5578871,-119.3516349
Bartlett Peak,Summit,38.093254,-119.7743787
Bassetts,Populated Place,39.6196223,-120.5874376
Bear Hill,Summit,36.5612988,-118.7700227
Bear Valley,Populated Place,38.4646337,-120.0399088
Belfort,Populated Place,38.4163052,-119.2671007
Ben Hur,Populated Place,37.3516088,-119.9576678
Big Baldy,Summit,36.6721002,-118.8823384
Big Bend,Summit,38.8495477,-120.5332638
Big Bunch,Populated Place,36.7571726,-119.5381873
Big Meadow,Populated Place,38.4149131,-120.1151891
Big Oak Flat,Populated Place,37.8235391,-120.2582456
Bijou,Populated Place,38.9465746,-119.9685146
Bijou Park,Populated Place,38.9493523,-119.9587922
Blanchard,Populated Place,37.7313191,-120.32547
Boards Crossing,Populated Place,38.3043608,-120.2340819
Boca,Populated Place,39.3860184,-120.0940868
Bodie,Populated Place,38.2121401,-119.0120874
Bodie Mountain,Summit,38.2268493,-119.070027
Bonetti,Populated Place,38.6746282,-120.4546445
Borden,Populated Place,36.9299466,-120.0265489
Boundary Hill,Summit,37.7641034,-119.6285741
Bridgeport,Populated Place,38.2557527,-119.2312656
Brockway,Populated Place,39.2265736,-120.0121345
Bryants,Populated Place,38.7187937,-120.4765896
Buchanan,Populated Place,37.9146476,-120.1885211
Buford Mountain,Summit,37.2206595,-119.8310063
Bullshead,Summit,39.2347729,-120.2022163
Bumblebee,Populated Place,38.2263048,-119.9971285
Buscones Peak,Summit,37.7771159,-118.4915819
Caldor,Populated Place,38.6060187,-120.4326996
Camp Earnest,Populated Place,38.0129792,-120.2260218
Camp Sierra,Populated Place,37.1905014,-119.2598456
Campbell Hot Springs,Populated Place,39.5749038,-120.3479848
Campo Seco,Populated Place,37.9388143,-120.4160283
Cape Horn,Populated Place,38.4907438,-119.9668508
Cedar Rock Lodge,Populated Place,38.0215903,-120.2468557
Cedarbrook,Populated Place,36.7068916,-119.0081641
Cella,Populated Place,36.691617,-119.454849
Central Camp,Populated Place,37.349388,-119.4837491
Chambers Lodge,Populated Place,39.0732406,-120.1413001
Cherokee,Populated Place,37.9815912,-120.2476889
Cold Springs,Populated Place,38.1624181,-120.053241
Columbia Finger,Summit,37.819744,-119.4232021
Confidence,Populated Place,38.0474224,-120.2012995
Cottage Springs,Populated Place,38.3560262,-120.211859
Crabtree,Populated Place,36.8435582,-119.089836
Croft,Populated Place,38.5815747,-120.4346443
Mount Crossman,Summit,38.4651823,-120.533226
Curtis Mountain,Summit,36.5946838,-119.2562142
Cutler,Populated Place,36.5232834,-119.2867823
Mount Dade,Summit,37.3819133,-118.7794894
Darlington,Populated Place,38.7290727,-120.4015865
Deadman Pass,Gap,37.6874339,-119.0695838
Deer Crossing,Populated Place,36.6899476,-119.0487208
Del Rey,Populated Place,36.6591171,-119.593744
Delft Colony,Populated Place,36.5118952,-119.4459569
Devils Crags,Summit,37.0380561,-118.6124615
Diana Peak,Summit,37.7679832,-118.4881623
Dinuba,Populated Place,36.5432837,-119.3870656
Discovery Pinnacle,Summit,36.5583869,-118.2902557
Dora Belle,Populated Place,37.1127251,-119.3209593
Douds Landing,Populated Place,38.2126963,-120.3254734
Dudley Hill,Summit,37.7477183,-120.1207081
Dunderberg Mill,Populated Place,38.1038109,-119.2504328
Eagle Peak,Summit,37.746059,-119.6147686
Eagle Rock,Summit,39.1089573,-120.1622962
East Orosi,Populated Place,36.5480054,-119.2606704
Echo Peaks,Summit,37.8325982,-119.4034267
Eder,Populated Place,39.2996278,-120.292422
Edmiston,Populated Place,36.7788393,-119.54041
Ellis Place,Populated Place,36.5210596,-119.0189934
Emerald Peak,Summit,37.1653681,-118.7638208
Mount Emerson,Summit,37.2447003,-118.6597284
Enson,Populated Place,36.559117,-119.3751208
Eshom Point,Summit,36.6333031,-118.9404462
Etheda Springs,Populated Place,36.694114,-119.0073304
Fisher Place,Populated Place,38.2351953,-120.4507566
Floriston,Populated Place,39.3946303,-120.021308
Four Gables,Summit,37.3024727,-118.6999308
Frank Harris Point,Summit,37.7843663,-120.0237826
Fredericksburg,Populated Place,38.8287947,-119.7868438
Fresh Pond,Populated Place,38.7601814,-120.5299248
Funk Hill,Summit,37.9805693,-120.5670051
Ganns,Populated Place,38.404358,-120.1590796
Gateway,Populated Place,39.3260174,-120.2035315
Gilberts,Populated Place,38.6368504,-120.4927017
Gilcrest Peak,Summit,38.0110294,-119.2301414
Goat Mountain,Summit,37.2951792,-119.5650218
Mount Goethe,Summit,37.2061483,-118.7022982
Goodmill,Populated Place,36.7807802,-119.0234438
Granite Springs,Populated Place,37.7010422,-120.2957464
Graveyard Peak,Summit,37.45131,-118.9898787
Gregg,Populated Place,36.8816137,-119.9368214
Gregorys Monument,Summit,36.7019472,-118.3957782
Griminger,Populated Place,38.7196282,-120.410198
Grizzly Flat,Populated Place,38.6362947,-120.5274251
Grizzly Peak,Summit,37.7299826,-119.5505438
Mount Hale,Summit,36.5880375,-118.3146535
Happy Valley,Populated Place,38.6818492,-120.5632596
Hartland,Populated Place,36.6543914,-118.9576057
Hathaway Pines,Populated Place,38.1918634,-120.3654745
Hayward,Populated Place,37.6427106,-120.3713035
Herndon,Populated Place,36.8366136,-119.9173752
Hess Mill,Populated Place,38.1024214,-120.2376903
Highway City,Populated Place,36.8107807,-119.8848731
Hildreth,Populated Place,37.1088374,-119.6329204
Hinton,Populated Place,39.3751853,-120.0738082
Hirschdale,Populated Place,39.3685185,-120.0760302
Hobart Mills,Populated Place,39.4004621,-120.183811
Hopeton,Populated Place,37.4916031,-120.531029
Hume,Populated Place,36.7849455,-118.9137179
Hunter Point,Summit,37.8670849,-120.075561
Huntington Lake,Populated Place,37.2316119,-119.2359559
Iceland,Populated Place,39.3754635,-120.0260295
Idlewild,Populated Place,39.108796,-120.1593573
Independence,Populated Place,36.8027102,-118.2000951
Indian Gulch,Populated Place,37.439383,-120.1968485
Indian Hill,Summit,37.3275753,-119.7637539
Indian Hill,Summit,37.6680905,-120.4539188
Indian Mountain,Summit,37.4900347,-119.9314549
Indian Peak,Summit,37.4349898,-120.1878698
Indian Springs,Populated Place,37.0505046,-119.7323698
Inspiration Point,Summit,38.4735169,-119.9876719
Iron Mountain,Summit,37.5728313,-119.7338249
Irrigosa,Populated Place,36.8910574,-119.9873798
Isosceles Peak,Summit,37.0938094,-118.538633
Ivory,Populated Place,36.5685616,-119.4234567
Jackass Mountain,Summit,37.7320029,-120.0184164
Jackass Point,Summit,39.3108792,-120.2301639
Jamesan,Populated Place,36.7199487,-120.2098838
Jamestown,Populated Place,37.9532584,-120.4226952
Jenkins Hill,Summit,37.660631,-119.9417801
Jenkins Hill,Summit,37.7167342,-120.375865
Jones Hill,Summit,37.8537601,-120.2301107
Jones Place,Populated Place,38.8496284,-120.3704735
June Lake,Populated Place,37.7796529,-119.0754228
Kaweah Queen,Summit,36.5546554,-118.5085537
Keough Hot Springs,Populated Place,37.2546513,-118.377051
Kerman,Populated Place,36.7235572,-120.059879
Kirkman Hill,Summit,36.7674454,-119.4973395
Kismet,Populated Place,37.0471684,-120.0934989
Knowles,Populated Place,37.2199463,-119.8740479
Kolana Rock,Summit,37.9523429,-119.7595795
Kuna Peak,Summit,37.812939,-119.2083218
Lake Alpine,Populated Place,38.4785221,-120.0037964
Lakeshore,Populated Place,37.2530003,-119.1748429
Lilley Mountain,Summit,37.1815405,-119.7953534
Lincoln Hill,Summit,38.6628121,-120.5023264
Little Mountain,Summit,38.5919727,-120.5434417
Little Steamboat Mountain,Summit,39.0989061,-120.3487102
Locans,Populated Place,36.7235612,-119.6631932
Loope,Populated Place,38.6651843,-119.6960075
Lower Forni,Populated Place,38.8029638,-120.2290792
Luck Point,Summit,37.3006013,-119.0974053
Lucky Point,Summit,37.6869498,-120.395969
Lundy,Populated Place,38.0274232,-119.2415435
Mount Maclure,Summit,37.7435702,-119.2803545
Mount Maddox,Summit,36.7279374,-118.7471801
Magonigal Summit,Gap,39.3571255,-120.4610393
Magoon Hill,Summit,37.4935041,-119.8358752
Malaga,Populated Place,36.6835611,-119.7337514
Mammoth Lakes,Populated Place,37.648546,-118.972079
Manzanar,Populated Place,36.7399318,-118.0806457
Mariposa,Populated Place,37.4849377,-119.9662843
Markleeville,Populated Place,38.6949057,-119.7801768
Mount Mary Austin,Summit,36.8149209,-118.3627341
Mathews Mill,Populated Place,37.1232808,-119.3729063
Mattei,Populated Place,36.7002279,-119.6918052
Mount McAdie,Summit,36.5517527,-118.2763365
McCauley Hill,Summit,37.7366576,-119.996514
McConnel Place,Populated Place,38.7968493,-120.4479769
McKay,Populated Place,38.2468621,-120.3082511
McManus,Populated Place,38.7990704,-120.5340914
Meadow Lakes,Populated Place,37.0802264,-119.4306865
Meiss,Populated Place,38.638242,-120.3363069
Mercur Peak,Summit,38.0957712,-119.8161965
Miley,Populated Place,36.6221729,-119.5470745
Mitchell Peak,Summit,36.6818896,-119.0745615
Moccasin,Populated Place,37.8107616,-120.2999137
Modoc Peak,Summit,37.7815709,-118.4963687
Mono Hot Springs,Populated Place,37.3266098,-119.0176179
Mono Village (historical),Populated Place,38.1496419,-119.3771056
Mono Vista,Populated Place,37.997702,-120.2699117
Monotti Hill,Summit,37.7318113,-120.1019244
Montezuma,Populated Place,37.9046484,-120.4535296
Moran Point,Summit,37.7353784,-119.5842951
Mormon Bar,Populated Place,37.4621607,-119.9479491
Morrison,Populated Place,38.70963,-120.3243612
Murphy Peak,Summit,37.9818636,-120.1649885
Mystic,Populated Place,39.4374086,-120.0199208
Nance Peak,Summit,38.0691132,-119.7550882
New Auberry,Populated Place,37.0932822,-119.4970787
Norden,Populated Place,39.3179603,-120.3560354
Norman Clyde Peak,Summit,37.0744853,-118.4744223
North Dinuba,Populated Place,36.5674504,-119.3945663
North Wawona (historical),Populated Place,37.5485465,-119.6409902
Ockenden,Populated Place,37.0888364,-119.3176257
Old Iron Mountain,Summit,38.705457,-120.3908877
Mount Olive,Summit,36.627167,-119.3672025
Omo Ranch,Populated Place,38.5812956,-120.5732603
Oteys Sierra Village,Populated Place,37.3585409,-118.4592797
Ottoway Peak,Summit,37.642133,-119.3933501
Owens Point,Summit,36.5018863,-118.1567639
Owl Peak,Summit,36.5721657,-119.0956947
Pacific,Populated Place,38.7601815,-120.5071461
Palisade Crest,Summit,37.0814468,-118.4895799
Paloni Mountain,Summit,37.4499053,-119.7728408
Parlier,Populated Place,36.6116174,-119.5270734
Parsons Peak,Summit,37.7769019,-119.3077989
Paynesville,Populated Place,38.8090722,-119.7793435
Pearce Peak,Summit,37.7809895,-118.4862066
Penole Peak,Summit,37.6931067,-120.3649666
Peoria Mountain,Summit,37.9407297,-120.5144613
Peterson Mill,Populated Place,37.254374,-118.4784443
Piedra,Populated Place,36.8102272,-119.3820698
Pilliken,Populated Place,38.6862965,-120.3543626
Pinehurst,Populated Place,36.6952252,-119.0164975
Pinewood,Populated Place,36.5738336,-118.7659318
Pizona,Populated Place,37.9715975,-118.5581825
Plainsburg,Populated Place,37.2329983,-120.324348
Plasse,Populated Place,38.6371315,-120.1265771
Polaris,Populated Place,39.3390735,-120.1357526
Pollock Pines,Populated Place,38.7612923,-120.5865935
Potter Point,Summit,37.8108139,-119.2805238
Potwisha,Populated Place,36.5174455,-118.7998207
Mount Provo,Summit,38.0118627,-120.2062862
Pywiack Dome,Summit,37.8463013,-119.4427544
Quartz,Populated Place,37.9279813,-120.4207506
Raco,Populated Place,36.8005012,-119.9790445
Rafferty Peak,Summit,37.8151546,-119.3554826
Raffetto,Populated Place,38.8635162,-120.4413097
Raisin City,Populated Place,36.6024481,-119.9040349
Ralph,Populated Place,37.9654805,-120.2710231
Rambaud Peak,Summit,37.0387261,-118.595757
Rampart,Populated Place,39.164629,-120.1782485
Randolph,Populated Place,39.5796256,-120.3707633
Raymond,Populated Place,37.2171683,-119.9054382
Mount Raymond,Summit,37.5089523,-119.5472929
Red Kaweah,Summit,36.5400002,-118.5056254
Red Mountain,Summit,37.6217044,-118.1146426
Reedley,Populated Place,36.5963395,-119.4504029
Reward,Populated Place,36.7474316,-118.0550894
Mount Ritter,Summit,37.6889653,-119.199575
Riverton,Populated Place,38.7710159,-120.4493659
Rock Haven,Populated Place,37.1257804,-119.3192926
Rodgers Crossing,Populated Place,36.8618916,-119.1209485
Rolinda,Populated Place,36.7352234,-119.9618199
Rovana,Populated Place,37.4127096,-118.6153972
Santa Rita Park,Populated Place,37.0474459,-120.5951846
Sawmill Flat,Populated Place,36.9693904,-119.0173346
Sciots Camp,Populated Place,38.7860189,-120.153521
Second Garrotte,Populated Place,37.8249275,-120.1974107
Selma,Populated Place,36.5707838,-119.6120765
Seven Pines,Populated Place,36.7854889,-118.2939859
Sharktooth Peak,Summit,37.4805593,-119.0268195
Shaver Lake,Populated Place,37.104114,-119.3176258
Sheep Peak,Summit,37.982274,-119.3407014
Sherman Acres,Populated Place,38.4471343,-120.0718543
Sherwin Summit,Gap,37.514376,-118.627901
Shingle Hill,Summit,37.7594426,-120.0842061
Short Place,Populated Place,38.7799044,-120.4740892
Shumake Knoll,Summit,38.2585227,-120.1623995
Sierra Glen,Populated Place,36.639392,-119.0001066
Silver Hill,Summit,38.2048872,-119.006861
Skyhigh,Populated Place,38.4265794,-120.099633
Slide Mountain,Summit,38.0931634,-119.4458359
Altaville,Populated Place,38.0838106,-120.5618692
Bear Creek,Populated Place,37.2971635,-120.4174093
Bear Valley,Populated Place,37.5688237,-120.1193489
Big Creek,Populated Place,37.2049456,-119.2459561
Biola,Populated Place,36.8021676,-120.0162684
Buhach,Populated Place,37.3363289,-120.5818606
Bullion Hill,Summit,37.572152,-120.2560937
Calpack,Populated Place,37.2968858,-120.3521288
Castle Gardens,Populated Place,37.3566062,-120.5807499
Cemetery Hill,Summit,37.5157307,-120.3016071
Copper Hill,Summit,37.2907717,-120.0429348
Cow and Calf Mountain,Summit,37.2946601,-120.0898817
Cow Creek,Populated Place,38.2404711,-119.9921284
Darrah,Populated Place,37.5179921,-119.8351676
Fergus,Populated Place,37.3193849,-120.5382478
Fluhr,Populated Place,37.3627172,-120.5776944
Fowler,Populated Place,36.6305058,-119.6784697
Hornitos,Populated Place,37.5021592,-120.238241
Jerseydale,Populated Place,37.5635456,-119.8573928
Kadota,Populated Place,37.2949414,-120.4121312
Laws,Populated Place,37.4007622,-118.3456639
Meeks Bay,Populated Place,39.034352,-120.1240761
Merced,Populated Place,37.3021633,-120.4829677
Merced Falls,Populated Place,37.5229918,-120.3324115
Negro Hill,Summit,38.0728881,-120.5830558
North Fork,Populated Place,37.2296694,-119.5095807
Oxalis,Populated Place,36.9118924,-120.5499008
Peddler Hill,Summit,38.5788503,-120.2626762
Pinecrest,Populated Place,38.1885279,-119.9907392
Planada,Populated Place,37.2907749,-120.3185161
Revis Mountain,Summit,37.1944039,-119.7458863
Snow Bend,Populated Place,37.2671666,-119.1262305
Soda Cone,Summit,38.5098464,-119.6355246
Sonora,Populated Place,37.9840911,-120.3821381
Soulsbyville,Populated Place,37.9846467,-120.2638005
South Lake Tahoe,Populated Place,38.9332411,-119.9843482
South Landing,Populated Place,37.5818767,-118.7337383
South Wawona (historical),Populated Place,37.5413246,-119.6418231
Speckerman Mountain,Summit,37.4532338,-119.5796656
Mount Spencer,Summit,37.1552071,-118.6817912
Split Rock,Summit,37.3494157,-119.9328253
Spring Gap,Populated Place,38.1685295,-120.1021316
Spring Valley,Populated Place,38.7793481,-120.5277024
Leaning Pine Hill,Summit,37.4621559,-119.7577331
Yokuts Valley,Populated Place,36.7402261,-119.246785
Standard,Populated Place,37.9665915,-120.3118578
Mount Stanford,Summit,36.7039654,-118.3957031
Stanislaus,Populated Place,38.1382537,-120.3701959
Stateline,Populated Place,38.9582412,-119.9437919
Stokes Mountain,Summit,36.5239149,-119.1870204
Stony Point,Summit,36.8376884,-119.4544105
Storey,Populated Place,36.9741136,-120.0190494
Strawberry,Populated Place,38.19825,-120.009351
Strawberry,Populated Place,38.7968521,-120.1451874
Striped Mountain,Summit,36.9656207,-118.4037659
Sugarbowl Dome,Summit,36.5528181,-118.6481496
Sugarpine,Populated Place,38.0582555,-120.2015775
Sultana,Populated Place,36.5455058,-119.3401188
Sun Rock,Summit,38.92619,-120.3338137
Sunday Ridge,Summit,38.6524506,-120.5394404
Sunnyside,Populated Place,36.7491167,-119.6993068
Sunnyside,Populated Place,39.1432403,-120.1535249
Sunshine Camp,Populated Place,37.9877022,-120.28269
Sylvan Lodge,Populated Place,38.0840878,-120.1571322
Table Mountain,Summit,37.1931153,-120.0533355
Taft Point,Summit,37.7126805,-119.6049282
Tahoe City,Populated Place,39.1721291,-120.1388031
Tahoe Pines,Populated Place,39.1046293,-120.1601906
Tahoma,Populated Place,39.0674074,-120.1282439
Tamarack,Populated Place,38.4388012,-120.0760211
Tamarack Mountain,Summit,37.1798678,-119.2215601
Taylor Mountain,Summit,37.3488832,-119.6047057
Tennessee Point,Summit,37.3289855,-119.0869835
The Cedars,Populated Place,39.2529607,-120.353256
The Pines,Populated Place,37.3188334,-119.5531972
The Three Sirens,Summit,37.0804621,-118.6853627
Mount Thompson,Summit,37.1428824,-118.6136118
Thornberry Mountain,Summit,37.2768296,-119.6007972
Three Brothers,Summit,37.7460327,-119.6148102
Tiltill Creek,Stream,37.9565874,-119.7293416
Tollhouse,Populated Place,37.018838,-119.3992957
Toms Place,Populated Place,37.5613209,-118.6812364
Tranquillity,Populated Place,36.648839,-120.2526596
Tresidder Peak,Summit,37.8310954,-119.4227284
Trigo,Populated Place,36.9130025,-119.9604343
Trimmer,Populated Place,36.9049485,-119.296234
Troy,Populated Place,39.3115702,-120.4629827
Turret Peak,Summit,37.2635959,-118.8425623
Tuttle,Populated Place,37.2960525,-120.3787966
Tuttletown,Populated Place,37.9915909,-120.4596408
Twain Harte,Populated Place,38.0396452,-120.2326891
Twin Peaks,Summit,36.6644927,-118.7104363
Unicorn Peak,Summit,37.8446541,-119.3819596
Union Hill,Summit,38.7636935,-120.5537359
Union Mills,Populated Place,39.353796,-120.1071414
Union Point,Summit,37.7345179,-119.5875025
Upper Forni,Populated Place,38.82213,-120.1726883
Van Vleck,Populated Place,38.7779594,-120.5154797
Mount Versteeg,Summit,36.6477151,-118.3256176
Voss,Populated Place,38.6571297,-120.3876976
Mount Warlow,Summit,37.1284231,-118.6747173
Washapie Mountain,Summit,36.6580701,-119.1565943
Wet Meadow Hill,Summit,37.9166375,-120.1639142
Whisky Falls,Populated Place,37.2868898,-119.4393003
White Hall,Populated Place,38.7751834,-120.4051975
White Mountain,Summit,37.9469565,-119.309518
White Wolf,Populated Place,37.8693671,-119.6501705
Whitney Portal,Populated Place,36.589101,-118.2259237
Wilseyville,Populated Place,38.3790793,-120.5146478
Wilsonia,Populated Place,36.7349465,-118.9564964
Wimp,Populated Place,36.5005056,-119.244002
Wineland,Populated Place,36.5416174,-119.5837415
Wolf,Populated Place,36.695228,-119.6379135
Woodfords,Populated Place,38.7776832,-119.8218443
Wotans Throne,Summit,36.5667756,-118.2797156
Wyeth,Populated Place,36.5193944,-119.2667812
Yosemite Junction,Populated Place,37.8907599,-120.488253
Zediker,Populated Place,36.7571726,-119.52402
Allensworth,Populated Place,35.8635651,-119.3890044
Alpaugh,Populated Place,35.8877316,-119.4873422
Ambler,Populated Place,36.3080062,-119.2823357
Angiola,Populated Place,35.9891192,-119.4759537
Annette,Populated Place,35.6507997,-120.1790348
Avenal,Populated Place,36.0041223,-120.1290272
Badger Hill,Summit,35.8278526,-119.9305066
Bagby Hill,Summit,36.0148585,-118.8415559
Balance Rock,Populated Place,35.8060623,-118.6520326
Bald Mountain,Summit,36.0196099,-118.2539156
Ball Mountain,Summit,35.5685598,-118.5039626
Bartlett,Populated Place,36.4766016,-118.0309189
Bella Vista,Populated Place,35.6521754,-118.3225811
Black Mountain,Summit,35.8535203,-118.2486781
Black Mountain,Summit,36.0968697,-118.7347159
Block Hill,Summit,35.9731264,-120.0021519
Blue Point,Summit,35.7722156,-120.216651
Bodfish,Populated Place,35.588009,-118.4920303
Bohna Peak,Summit,35.7596155,-118.5948214
Bonsall Hill,Summit,36.0270288,-118.8696128
Boulder Hill,Summit,35.8654208,-119.9116812
Brushy Hill,Summit,35.5052283,-119.0003642
Buck Peak,Summit,35.8226205,-118.7199285
Burr,Populated Place,36.2452282,-119.1151057
Burrel,Populated Place,36.4882821,-119.9851457
Burton Mill,Populated Place,35.5005111,-118.407027
Cabin Cove,Populated Place,36.4654983,-118.6539835
Cairns Corner,Populated Place,36.2124509,-119.135662
Calgro,Populated Place,36.4896724,-119.2856706
Calico,Populated Place,35.6327332,-119.2064961
California Hot Springs,Populated Place,35.881329,-118.664435
Camp Nelson,Populated Place,36.1427237,-118.6092561
Camp Owens,Populated Place,35.7685618,-118.4309185
Canebrake,Populated Place,35.728285,-118.1384103
Cartago,Populated Place,36.3207709,-118.0264725
Cedar Slope,Populated Place,36.1452233,-118.5784223
Cerro Alto,Summit,35.9902792,-120.0352084
Cerro Lodoso,Summit,36.0371027,-120.1127757
Cerro Ultimo,Summit,35.9791508,-120.0227713
Church Dome,Summit,35.8514025,-118.2711358
Cimarron,Populated Place,36.2985616,-119.813745
Citro,Populated Place,36.392727,-119.0245476
Clint,Populated Place,36.4313389,-119.773469
Cold Springs Peak,Summit,35.931906,-118.6493306
Corral Hill,Summit,35.9225839,-118.7213378
Cotton Center,Populated Place,36.0660638,-119.142884
El Chichon,Summit,36.0198108,-120.0887785
El Collado,Summit,35.9652274,-119.9987329
El León,Summit,35.9994806,-120.0507654
El Loro,Summit,35.9965292,-120.043456
El Mirador,Populated Place,36.1777286,-119.0184348
El Mirador,Summit,35.9471896,-120.0025328
El Perno,Summit,36.024116,-120.0551234
El Perro,Summit,36.0392559,-120.1368358
El Pitón,Summit,36.0430754,-120.1453197
El Pulgar,Summit,36.0191161,-120.0720266
El Rabo,Summit,35.8464379,-119.9318292
El Rascador,Summit,36.0194282,-120.0428792
El Taco,Summit,36.0377272,-120.0834172
Elephant Hill,Summit,36.064985,-120.1412808
Elmo,Populated Place,35.6793999,-119.3303899
Fayette,Populated Place,36.2018951,-119.0648257
Gepford,Populated Place,36.3982833,-119.8093028
Giffen Cantua Ranch,Populated Place,36.4746732,-120.3923805
Gillete,Populated Place,36.1738399,-119.0362133
Globe,Populated Place,36.1010603,-118.8281496
Goodale,Populated Place,36.378005,-119.0442705
Goshen,Populated Place,36.3510616,-119.4201204
Grangeville,Populated Place,36.3435612,-119.7087425
Grist Mill Peak,Summit,35.8004854,-118.6917688
Guernsey Mill,Populated Place,35.8341173,-118.6164769
Halls Corner,Populated Place,36.3424502,-119.8065236
Hanford,Populated Place,36.3274502,-119.6456844
Hardwick,Populated Place,36.401339,-119.7187441
Havilah,Populated Place,35.5177324,-118.5186972
Hydril,Populated Place,36.0127328,-120.0984707
Hydril Hill,Summit,36.011339,-120.1019631
Idlewild,Populated Place,35.8107846,-118.6720328
Indian Rocks,Summit,35.7518668,-120.0901258
Jasmin,Populated Place,35.7427311,-119.1448272
Johnson Peak,Summit,35.8000627,-120.1544477
Johnsondale,Populated Place,35.9746706,-118.5409204
Kaweah,Populated Place,36.4696697,-118.9184341
Kelso Peak,Summit,35.5166877,-118.2245924
Kernville,Populated Place,35.7546732,-118.4253627
Kettleman Station,Populated Place,35.9988421,-119.9637442
Keyesville,Populated Place,35.6257861,-118.5109199
La Clavija,Summit,36.0341857,-120.0835663
La Cuba,Summit,35.9513389,-119.9803992
La Cuesta,Summit,36.0270501,-120.0675821
La Cumbre,Summit,36.0405924,-120.1209591
La Meseta,Summit,36.0020673,-120.0512984
Lackey Place,Populated Place,35.6321758,-118.6467548
Lanare,Populated Place,36.4305054,-119.9309749
Laton,Populated Place,36.4332835,-119.686799
Lemoore,Populated Place,36.3007835,-119.7829107
Lisko,Populated Place,36.0968963,-119.0373244
Little Campbell,Summit,36.1021671,-118.8778612
Lone Pine Mountain,Summit,35.970448,-118.7367231
Lost Hills,Populated Place,35.616349,-119.6942941
Lucca,Populated Place,36.2452281,-119.0898268
Lucerne,Populated Place,36.3807835,-119.6642972
Martin Hill,Summit,36.045555,-118.9973091
Mesa Roida,Summit,35.9912338,-120.0224516
Midvalley,Populated Place,36.2980061,-119.3881738
Milo,Populated Place,36.2202256,-118.8173174
Mine Mountain,Summit,35.9688453,-120.4327488
Miracle Hot Springs (historical),Populated Place,35.5757871,-118.534531
Mirador,Populated Place,36.1668954,-119.0359355
Monson,Populated Place,36.4921726,-119.3365066
Moreland Mill,Populated Place,35.5071779,-118.3550809
Mountain Mesa,Populated Place,35.6393975,-118.4056391
Murry Hill,Summit,36.0641832,-119.0053232
Mustang Peak,Summit,35.9745392,-120.413345
Nanceville,Populated Place,36.0693968,-119.073159
Naranjo,Populated Place,36.4046716,-119.0626049
Neufeld,Populated Place,35.619401,-119.3326121
North Cold Spring Peak,Summit,35.9735202,-118.6876734
North Shafter,Populated Place,35.511347,-119.2845544
Onion Meadow Peak,Summit,36.0300113,-118.6045914
Onyx,Populated Place,35.6902305,-118.220634
Orris,Populated Place,35.8538418,-119.0612133
Oyster Hill,Summit,35.8172624,-119.9154217
Palmo,Populated Place,35.5591243,-119.331223
Panorama Heights,Populated Place,35.8049511,-118.6292547
Parkfield,Populated Place,35.8996856,-120.4326542
Peral,Populated Place,36.428006,-119.2867813
Pilot Knob,Summit,35.7286625,-118.2122457
Pine Flat,Populated Place,35.8780059,-118.6514771
Pine Mountain,Summit,35.5625897,-118.7690933
Pipe Hill,Summit,35.9638211,-119.9922388
Pitco,Populated Place,36.3566169,-119.6637412
Plainview,Populated Place,36.1441184,-119.1339951
Plano,Populated Place,36.0435635,-119.0084343
Pleasant View,Populated Place,35.8055068,-118.6409215
Poplar,Populated Place,36.0532862,-119.1431617
Posey,Populated Place,35.8046737,-118.6828662
Poso Park,Populated Place,35.8107844,-118.6348103
Quail,Populated Place,36.0096758,-119.3034459
Quaker Meadow,Populated Place,36.1102237,-118.5545327
Quality,Populated Place,35.783842,-119.1195485
Rainbow Mountain,Summit,36.4237798,-118.5501546
Redwood Corral,Populated Place,35.9824489,-118.6625884
Reef Station,Populated Place,35.9016242,-120.0548594
Remnoy,Populated Place,36.3396726,-119.5542925
Richgrove,Populated Place,35.7966198,-119.1078814
Riverdale,Populated Place,36.431061,-119.8595833
Rossi,Populated Place,36.2955062,-119.8326344
Rough and Ready Mountain,Summit,35.610782,-118.616655
Saint Johns,Populated Place,36.3846719,-119.0984395
Schilling,Populated Place,36.4088389,-119.9137514
Shafter,Populated Place,35.5005139,-119.2717761
Sheep Mountain,Summit,36.3084794,-118.6251009
Shell,Populated Place,36.3288391,-119.6231837
Shirley,Populated Place,36.3985613,-119.6642975
Shirley Meadows,Populated Place,35.7107851,-118.5564764
Sierra Heights,Populated Place,36.1871731,-119.0620477
Smith Mill,Populated Place,36.0902251,-118.6584229
Soda Butte,Summit,36.3222287,-118.571831
Soda Springs,Populated Place,36.0391155,-118.7581458
South Lake,Populated Place,35.6368977,-118.3670267
Spear Creek Summer Home Tract,Populated Place,35.8199507,-118.5942544
Spicer City,Populated Place,35.5010719,-119.6045681
Spinks Corner,Populated Place,36.2118957,-119.2331661
Split Mountain,Summit,35.7516665,-118.4823824
Squirrel Mountain Valley,Populated Place,35.6232866,-118.4098058
Stoil,Populated Place,35.9180091,-119.4253952
Stone Place,Populated Place,35.9024504,-118.7342556
Stratford,Populated Place,36.1893956,-119.8231877
Sugarloaf Mountain Park,Populated Place,35.8388394,-118.6045323
Sunset Point,Summit,35.5271879,-118.4153902
Table Mountain,Summit,35.9889714,-118.6037294
Tagus,Populated Place,36.2713394,-119.3681726
Three Peaks,Summit,35.8019691,-120.1665322
Three Rivers,Populated Place,36.4388364,-118.9045445
Tonyville,Populated Place,36.2485614,-119.0906602
Toolville,Populated Place,36.2874502,-119.1176062
Turk,Populated Place,36.1710648,-120.2220876
Twin Buttes,Populated Place,36.4666166,-119.2065002
Uhl Hill,Summit,35.867168,-118.7139653
Vanguard,Populated Place,36.25523,-119.9590257
Vinland,Populated Place,35.7149542,-119.2348307
Wasco,Populated Place,35.5941238,-119.3409457
White Chief Peak,Summit,36.4053227,-118.597728
White Mountain,Summit,36.2568109,-118.4766387
White River,Populated Place,35.8110632,-118.8428706
White River Summer Home Tract,Populated Place,35.8493949,-118.6270324
Wofford Heights,Populated Place,35.7068961,-118.4561967
Woodville,Populated Place,36.0935637,-119.1989975
Woodward Peak,Summit,35.6440275,-118.5806532
Wyleys Knob,Summit,35.5360268,-118.1402541
Yettem,Populated Place,36.486339,-119.2595581
Abilene,Populated Place,36.145507,-119.053714
Alfac (historical),Populated Place,36.0318977,-119.3081684
Burling (historical),Populated Place,36.1838402,-119.3431709
Dead Horse Slough,Stream,36.1093964,-119.0948267
Elba,Populated Place,36.231062,-119.3131698
Giant Oak (historical),Populated Place,36.3046726,-119.1884426
Grey Rocks (historical),Populated Place,36.267728,-119.1051055
Hawkins (historical),Populated Place,36.2205061,-119.0692703
Imhoff,Populated Place,36.2143954,-119.3309483
Middle Fork Deep Creek,Stream,36.0913404,-119.47901
Musk (historical),Populated Place,36.3280058,-119.1509412
North Fork Deep Creek,Stream,36.0888404,-119.4926217
Orlem (historical),Populated Place,36.1910619,-119.0462138
Portex (historical),Populated Place,36.1455069,-119.0270462
Prewit (historical),Populated Place,36.1599511,-119.0228793
Reynolds (historical),Populated Place,36.2277283,-119.073715
Sides (historical),Populated Place,36.2527281,-119.0992717
South Fork Deep Creek,Stream,36.0888404,-119.4926217
Spa (historical),Populated Place,35.9418976,-119.4420629
Tiffin (historical),Populated Place,36.1835619,-119.0278796
Turnbull (historical),Populated Place,36.0485629,-119.5198446
West Alpaugh (historical),Populated Place,35.8877316,-119.5098431
Worthing (historical),Populated Place,36.1868954,-119.0834375
Arundel (historical),Populated Place,37.4485483,-120.5993636
Bellevue (historical),Populated Place,37.3610508,-120.4899137
Burchell (historical),Populated Place,37.2621645,-120.2871251
Cuba (historical),Populated Place,37.3577173,-120.5682495
Dickenson (historical),Populated Place,37.1985547,-120.2082307
Edendale (historical),Populated Place,37.4485487,-120.503805
Hoff (historical),Populated Place,37.3396623,-120.5396371
La Branza (historical),Populated Place,37.1746657,-120.3176793
Marguerite (historical),Populated Place,37.1707775,-120.1773951
Nairn (historical),Populated Place,37.3743838,-120.5032478
Banner (historical),Populated Place,36.3718946,-119.6640193
Kimble (historical),Populated Place,36.3671723,-119.7176322
Odessa (historical),Populated Place,36.2713389,-119.6459612
Orion (historical),Populated Place,36.3102278,-119.7406874
Oakhurst (historical),Populated Place,36.7491167,-119.4381825
Burrough Mountain,Summit,37.0162164,-119.3729324
Medlicott Dome,Summit,37.8565114,-119.4263446
Uhlmeyer Spring,Spring,37.1820436,-118.2378319
Bear Hollow Creek,Stream,35.7038421,-118.7342556
Vogelsang Pass,Gap,37.7796501,-119.3407081
Dollar Creek,Stream,39.1971291,-120.0949137
Dollar Reservoir,Reservoir,39.2012638,-120.1090423
Kings Beach,Populated Place,39.2376846,-120.0265798
Lake Forest,Populated Place,39.1843513,-120.114636
Tahoe Vista,Populated Place,39.2399068,-120.0510249
Mount Farquhar,Summit,36.7284055,-118.4982974
Zwang Peak,Summit,35.946517,-120.2475232
Lost Canyon Creek,Stream,36.4604943,-118.4717577
Hot Springs Valley,Valley,38.691718,-119.815874
Coyote Valley Creek,Stream,38.4985212,-119.6051716
Hot Springs,Spring,38.770183,-119.7165634
Jerrys Pool,Reservoir,38.9754603,-120.506034
Greekstore (historical),Populated Place,39.0768477,-120.5585368
Spring Hollow,Valley,39.0171853,-120.5246984
Goggins,Populated Place,39.0407378,-120.507979
Quartz Mountain,Summit,39.2670193,-120.5884428
Natalie Lake,Lake,39.2769778,-120.4706839
Gilberts,Populated Place,39.0115717,-120.4721439
Grizzly Creek,Stream,38.6299059,-120.5296474
Hope Mountain,Summit,38.6785109,-120.5398921
Hazel Canyon,Valley,38.7356087,-120.5340756
Twin Lakes Reservoir,Reservoir,38.7065744,-120.0493513
Stumpy Meadows Reservoir,Reservoir,38.8989734,-120.5914618
French Meadows Reservoir,Reservoir,39.1115712,-120.4693679
Hell Hole Reservoir,Reservoir,39.0582387,-120.407698
Wutchumna Ditch Reservoir,Reservoir,36.4066163,-119.112607
Sand Creek Reservoir,Reservoir,36.6616155,-119.2276159
Burns Lake,Reservoir,37.377285,-120.27375
Y Meadows Reservoir,Reservoir,38.1935229,-119.8280159
Snowlake Reservoir,Reservoir,38.1732495,-119.6510056
Middle Emigrant Lake,Reservoir,38.1903378,-119.6546492
Buck Lake,Reservoir,38.1665824,-119.7176746
Buck Lake,Reservoir,38.1657409,-119.7386357
Herring Creek Reservoir,Reservoir,38.2499147,-119.9176814
Leighton Lake,Reservoir,38.1499159,-119.7676764
H. V. Eastman Lake,Reservoir,37.2298077,-119.9731892
Hensley Lake,Reservoir,37.1225362,-119.8783791
Cuña Spring,Spring,37.3443364,-118.0712337
Sams Spring,Spring,37.3363444,-118.0896117
Bender (historical),Populated Place,36.4596716,-119.9359761
Bronge (historical),Populated Place,36.7646722,-119.6826396
Butler (historical),Populated Place,36.7221723,-119.682083
Caldwell (historical),Populated Place,36.5785604,-120.1476534
Collins (historical),Populated Place,36.8663389,-119.6206935
Dickerson (historical),Populated Place,36.800501,-119.9882115
El Prado (historical),Populated Place,36.9063385,-119.7315337
Eshel (historical),Populated Place,36.7221722,-119.7093066
Fargo (historical),Populated Place,36.6368951,-119.514851
Fort Camp (historical),Populated Place,36.7646722,-119.6731946
Fresno Beach (historical),Populated Place,36.8593926,-119.8451498
Gates Lake,Lake,36.8839548,-119.6884221
Granz (historical),Populated Place,36.7468944,-119.7093072
Letcher (historical),Populated Place,36.9077281,-119.5184665
Lillis (historical),Populated Place,36.4382834,-119.7176337
McKenzie Spring (historical),Populated Place,36.9816166,-119.6129173
McMullin (historical),Populated Place,36.6574466,-119.968762
Mowry Lake (historical),Lake,36.7746715,-120.3173893
Nares (historical),Populated Place,36.5366159,-120.1004282
Nevills (historical),Populated Place,36.7463356,-119.9032061
Reka (historical),Populated Place,36.6888394,-119.551798
Riverview (historical),Populated Place,36.8518924,-119.8570946
Robinson (historical),Populated Place,36.4021723,-119.8426375
Rugg (historical),Populated Place,36.7316117,-120.0051553
Shipp (historical),Populated Place,36.9452275,-119.6751424
Sparkville (historical),Populated Place,36.9680055,-119.6120837
Three Rocks,Populated Place,36.5024507,-120.391548
Vanris (historical),Populated Place,36.7757832,-119.7004184
Bean (historical),Populated Place,36.1377288,-119.5851248
Cornwell (historical),Populated Place,36.3991167,-119.7804129
Cuneo (historical),Populated Place,36.2482842,-119.8342998
Hasset (historical),Populated Place,36.4013389,-119.7320779
Lethent (historical),Populated Place,36.2866178,-119.8829133
Millham City (historical),Populated Place,36.0374533,-119.999301
South Corcoran,Populated Place,36.0910625,-119.5540125
Fridley Creek,Stream,36.4763377,-119.0201038
Hog Spring Creek,Stream,36.4930043,-119.0176039
Indian Canyon,Valley,36.4544066,-119.027103
Oat Knob Creek,Stream,36.483282,-119.0176038
Sandspur (historical),Populated Place,36.399116,-119.0345481
Califa (historical),Populated Place,37.0846671,-120.2079496
Italian Swiss Colony,Populated Place,36.9310577,-120.1065523
Jesbel (historical),Populated Place,37.1496686,-119.9532169
Lincoln (historical),Populated Place,37.0185568,-120.3460085
Medano (historical),Populated Place,37.1296671,-120.1532261
Sierra Vista,Populated Place,37.1513327,-120.2862884
Talbot (historical),Populated Place,37.0735575,-120.03183
Tillman (historical),Populated Place,37.0413342,-120.3273975
Tyler (historical),Populated Place,37.0566118,-120.3146197
Greaser Creek,Stream,37.4202166,-120.2579617
Toledo Creek,Stream,37.4429939,-120.2721296
Sulphur Spring,Spring,36.0152371,-120.3898726
Sulphur Spring,Spring,36.0282929,-120.4382086
Beacon Point,Summit,39.5331206,-120.049461
Calpine Reservoir,Reservoir,39.6645287,-120.4626725
Chapman Saddle,Gap,39.657401,-120.5227139
Land Peak,Summit,39.556746,-120.1902306
Little Boulder Creek,Stream,39.6974001,-120.5643825
Little Truckee Summit,Gap,39.504905,-120.2818709
Mello Canyon,Valley,39.6524027,-120.3565575
Mohawk Gap,Gap,39.6871217,-120.5963278
North Branch Dog Creek,Stream,39.5637974,-120.0307565
Perry Creek,Stream,39.6340698,-120.3779866
Wild Bill Canyon,Valley,39.5977323,-120.4508162
Alabama Hills,Populated Place,36.5677117,-118.0898097
Eclipse Canyon,Valley,36.7466177,-118.0538425
Fossil Hill,Summit,36.7290418,-118.0476194
Meysan Creek,Stream,36.5913231,-118.2198126
Reinhackle Spring,Spring,36.6895181,-118.1058673
Union Wash,Stream,36.7043765,-118.0356437
Alta Vista,Populated Place,37.4127086,-118.5426178
Batchelder Spring,Spring,37.2436965,-118.1950698
Blackrock,Populated Place,36.9291002,-118.2334309
Blackrock Drain,Stream,36.9260445,-118.227875
Calvert Lake,Lake,36.9870283,-118.2197352
Crystal Peak,Summit,37.369948,-118.0187138
The Elephant,Summit,37.3286264,-118.0648258
Hines Slough,Stream,36.9632669,-118.2237087
Index Hill,Summit,37.4326518,-118.1084198
Indian Rock,Summit,36.8685231,-118.3400654
Log Canyon,Valley,37.4312076,-118.1134196
Mayfield Canyon,Valley,37.4472297,-118.6376661
Mazourka Peak,Summit,36.9771834,-118.1216189
Pleasant Valley,Valley,37.4064684,-118.4765836
Pleasant Valley Reservoir,Reservoir,37.4227542,-118.5367763
Red Hill,Summit,37.3599246,-118.4691843
Royal Gorge,Gap,37.4277087,-118.0673198
Saunders Lake,Reservoir,37.2988549,-118.327964
Second Falls,Falls,37.1340989,-118.4556611
Sentinal Peak,Summit,37.4155549,-118.0325408
Warm Springs,Spring,37.2665954,-118.2716802
Aperture Peak,Summit,37.1180306,-118.5304725
Aspendell,Populated Place,37.237988,-118.5984458
Big Pine Lakes,Lake,37.1321548,-118.5092735
Cloudripper,Summit,37.1427527,-118.5304693
Clyde Spires,Summit,37.1401228,-118.6483761
Ems Pond,Lake,37.2334566,-118.5642921
Inconsolable Lake,Lake,37.1530958,-118.5495955
Jawbone Canyon,Valley,37.234821,-118.5944964
Little George Lake,Lake,37.1890923,-118.6106345
Mule Lake,Lake,37.1633689,-118.5601899
Pee Wee Lake,Lake,37.1756349,-118.6357056
Picture Puzzle,Summit,37.1279154,-118.538844
Mount Robinson,Summit,37.1178726,-118.5172677
Sky Haven,Summit,37.1442946,-118.5050089
Sky High Lake,Lake,37.2085955,-118.6697114
Slide Canyon,Valley,36.4641561,-118.0331811
Soda Spring,Spring,36.135553,-118.049276
Two Eagle Peak,Summit,37.1296543,-118.5229579
Wishbone Lake,Lake,37.2055927,-118.6626063
Caples Creek,Stream,38.69102,-120.1854673
Alsace Lake,Lake,37.2822392,-118.7491187
Arrowhead Lake,Lake,36.8272671,-118.4114496
Big Shot Lake,Lake,37.1239781,-118.8241635
Blanc Lake,Lake,37.278749,-118.7311493
Bonita Lake,Lake,37.1883639,-118.8445277
Charlotte Dome,Summit,36.7824228,-118.4803297
Chevaux Lake,Lake,37.2775608,-118.754284
Clear Lake,Lake,37.064412,-118.9836182
Cold Springs,Spring,37.120496,-118.8367775
Lake Confusion,Lake,37.0984979,-118.7613359
Cony Lake,Lake,37.2512233,-118.690262
Crown Pass,Gap,37.0413308,-118.8567755
Dollar Lake,Lake,36.8331846,-118.4073393
Elba Lake,Lake,37.2919908,-118.7389148
Feather Peak,Summit,37.3256785,-118.7784413
Florence Rock,Summit,37.2510872,-118.9523675
Forsaken Lake,Lake,37.273854,-118.6921928
Gabbot Pass,Gap,37.3796577,-118.7917872
Heather Lake,Lake,37.188801,-118.8529473
Hummingbird Lake,Lake,37.0211445,-118.7622215
Jigger Lakes,Lake,37.1259326,-118.8398273
La Tete Lake,Lake,37.3080048,-118.7064978
Little French Lake,Lake,37.3112325,-118.712835
Little Shot Lake,Lake,37.1252053,-118.8260505
Lorraine Lake,Lake,37.2803651,-118.7347143
Lower Box,Basin,37.0138325,-118.916221
Lower Petite Lake,Lake,37.3066063,-118.7099232
Maxson Basin,Basin,37.0313295,-118.7998293
North Rock,Summit,37.2521577,-118.8945468
Paris Lake,Lake,37.2818694,-118.7406319
Pig Chute,Valley,37.1619071,-118.7858445
Potluck Pass,Gap,37.079656,-118.5084379
Red Rock Basin,Basin,37.1946639,-118.9103914
Reddys Hole,Basin,37.164663,-118.869557
Regiment Lake,Lake,37.0597937,-118.7463521
Roget Lake,Lake,37.2797805,-118.7285135
Rust Lake,Lake,37.2938966,-118.7075642
Star Lake,Lake,37.2862172,-118.7196322
Thompson Pass,Gap,37.1966095,-118.9465029
Upper Box,Basin,37.057998,-118.8848323
Upper Golden Trout Lake,Lake,37.2417518,-118.7160568
Upper Petite Lake,Lake,37.3061496,-118.7079702
Zingheim Heights,Summit,37.1837898,-118.8568636
Patricia Lake,Lake,37.4648703,-118.7472989
Coyote Creek,Stream,37.2302225,-119.1070627
East Short Hair Creek,Stream,37.0360566,-119.0023348
Honeymoon Pool,Lake,37.0825667,-119.1533231
Lakecamp Creek,Stream,37.2316112,-119.0601168
Log Meadow Creek,Stream,37.050779,-119.036503
Azalea Creek,Stream,37.1280022,-119.2623454
Black Creek,Stream,37.2441123,-119.3242934
Deer Creek Saddle,Gap,36.8254975,-118.7228792
Hole in the Wall,Basin,36.9568858,-118.7884383
Hume Station,Populated Place,36.7943897,-118.9051066
Mushroom Creek,Stream,37.2371676,-119.2851248
Randle Corral,Basin,36.9488299,-118.7662153
Sheep Thief Creek,Stream,37.1977236,-119.2679015
Cascadel Woods,Populated Place,37.2305024,-119.4551334
Dam Six Lake,Reservoir,37.2155106,-119.33117
Indian Creek,Stream,37.1860586,-119.4654112
Redinger Lake,Reservoir,37.1486784,-119.4342934
Aqua Bonita Spring,Spring,36.1275372,-118.1974161
Olivas Spring,Spring,36.2353531,-118.1992271
Willow Spring,Spring,36.0274441,-118.0595237
The Basin,Basin,36.8782804,-119.1095594
Blue Clay Spring,Spring,36.8368315,-119.1845215
Delilah Spring,Spring,36.8121647,-119.122301
Goat Saddle,Gap,36.8007805,-119.0890022
House Meadow Creek,Stream,36.9996683,-119.0473362
Nutmeg Saddle,Gap,36.994114,-119.1737301
Trough Spring,Spring,36.7548485,-119.0514361
Williamson Bowl,Basin,36.6596569,-118.3256495
Oak Flat Creek,Stream,36.9663361,-119.1498399
Belle Canyon,Valley,36.7075883,-118.6929542
Big Fern Springs,Spring,36.5383096,-118.7737805
Crabtree Pass,Gap,36.5488242,-118.2814789
Ella Falls,Falls,36.7317649,-118.9784067
Granite Spring,Spring,36.5444918,-118.7780943
Grant Grove Village,Populated Place,36.7399465,-118.9626078
Guitar Lake,Lake,36.5704486,-118.3135462
Red Fir,Populated Place,36.6055002,-118.7662101
Rowell Creek,Stream,36.7146663,-118.7689897
Shepherd Saddle,Gap,36.5030022,-118.8692666
Slide Spring,Spring,36.5498495,-118.7823002
Stony Creek Village,Populated Place,36.664112,-118.8406577
Timberline Lake,Lake,36.5672144,-118.3301296
Wall Spring,Spring,36.553362,-118.773193
Riverkern,Populated Place,35.7896726,-118.44703
Carl Lake,Lake,36.2434932,-118.7433934
Cholollo Falls,Falls,36.0596699,-118.645089
Cold Spring,Spring,36.182952,-118.406846
Hell for Sure Creek,Stream,36.2735516,-118.4059209
Hells Hole Creek,Stream,36.2391074,-118.3778645
Hermit Rock,Summit,36.1694349,-118.5131957
Lake Canyon,Valley,36.4460464,-118.7660842
Lemon Hill,Summit,36.4066106,-118.9967563
Mountain Home,Populated Place,36.234668,-118.6959256
Needle Spring,Spring,36.1208186,-118.5080132
Palome Creek,Stream,35.8185608,-118.1939681
Ponderosa,Populated Place,36.1055013,-118.5281434
Reinhardt Spring,Spring,35.8838365,-118.0561883
Sherman Pass,Gap,35.9905023,-118.3659172
Sirretta Pass,Gap,35.926892,-118.3250828
Snake Spring,Spring,35.9574474,-118.3823064
Sugarloaf Saw Mill,Populated Place,35.8355062,-118.6189769
Sugarloaf Village,Populated Place,35.8257842,-118.6342547
Trout Meadows Spring,Spring,36.2172049,-118.4201816
Wheatons,Populated Place,36.0324485,-118.7025893
Givens Lake,Lake,37.2863628,-119.049947
Kings Castle,Summit,37.2736911,-119.0115782
Lower Saddle Lake,Lake,37.4462995,-119.0430579
Mill Creek Meadow,Lake,37.3888751,-119.230429
Portal Forebay,Reservoir,37.3188204,-119.0693459
Portuguese Flat,Lake,37.35091,-119.1042635
Pryor Lake,Lake,37.3191016,-119.1867153
Tub Lake,Lake,37.4824929,-119.0203611
Upper Saddle Lake,Lake,37.4430503,-119.0443632
Useless Lake,Lake,37.4732582,-119.0294558
Bern,Populated Place,35.6891361,-120.5396073
Union,Populated Place,35.6374701,-120.5609977
Antelope Spring,Spring,37.8791321,-118.5732153
Antelope Spring,Spring,37.6803606,-118.8772656
Aspen Springs,Populated Place,37.5546544,-118.7131817
Chalfant Valley,Populated Place,37.5293738,-118.3634454
Cornucopia Gulch,Valley,37.7732216,-118.4835166
Layton Springs,Spring,37.6375968,-118.7260657
Old Mammoth,Populated Place,37.6260469,-118.9831886
Sawmill Canyon,Valley,37.8058527,-118.6522615
Carson Falls,Falls,38.4889532,-119.6825133
Golden Lake,Lake,38.4477454,-119.7219265
Mount Bullion (historical),Populated Place,38.6604619,-119.7262864
Tamarack Lake,Lake,38.4558562,-119.627325
Whitecliff Lake,Lake,38.438134,-119.6353762
Mono City,Populated Place,38.0407564,-119.1445949
Sharon Lake,Lake,38.2758016,-119.7002686
Bald Mill Creek,Stream,37.1143928,-119.469022
Mahan Peak,Summit,38.0522191,-119.6861397
Rock Creek,Stream,38.0421423,-119.477388
Angels Camp,Populated Place,38.0682554,-120.5396457
Truckee,Populated Place,39.327962,-120.1832533
Mineral King,Populated Place,36.4507747,-118.5948155
Woodlake Junction,Populated Place,36.4138385,-119.1167738
Maclure Lake,Lake,37.7552255,-119.2801678
Mud Lake,Lake,39.4782019,-120.5876625
Upper Independence Creek,Stream,39.4324046,-120.3293705
Vichy Spring,Spring,37.1593919,-119.7937645
Burke Creek,Stream,35.6143987,-118.7331448
Isabella (historical),Populated Place,35.6555081,-118.4611965
Kernville (historical),Populated Place,35.7141183,-118.4367517
Petersburg (historical),Populated Place,35.6024537,-118.6036988
Pine Mountain Creek,Stream,35.5277332,-118.8420376
Scovern Hot Springs (historical),Populated Place,35.6213419,-118.4742522
Gibbon Canyon,Valley,36.0263811,-118.7937523
Lempon (historical),Populated Place,35.9988417,-118.9948226
Log Cabin Gulch,Valley,37.6687744,-120.2167335
Newtown (historical),Populated Place,37.7032639,-120.1918544
Cold Spring,Spring,38.3012054,-120.2788211
Hams,Populated Place,38.3740798,-120.4621459
Lightning Creek,Stream,38.3385264,-120.3193629
Martel Creek,Stream,38.3282488,-120.336308
San Antonio Spring,Spring,38.2828781,-120.3202645
Snowshoe Lake,Reservoir,38.29253,-120.275102
White Pines Lake,Reservoir,38.2686734,-120.3415717
Million Dollar Spring,Spring,38.2564813,-120.2557138
Oak Leaf Spring,Spring,38.2624287,-120.2660327
Bourland Mountain,Summit,38.1082633,-119.936889
Brentwood Park,Populated Place,38.044923,-120.2468561
Camp Lake,Lake,38.1659753,-119.8803062
Robert Nichols Spring,Spring,38.0744945,-120.1501099
Sam Williams Spring,Spring,38.0878596,-120.1032015
Sherwood Forest,Populated Place,38.0290898,-120.2243553
Sierra Village,Populated Place,38.0718659,-120.1729657
Twain Harte Valley,Basin,38.0540893,-120.2326893
Floyd,Populated Place,36.734945,-119.9929325
Acebedo,Populated Place,35.8319066,-120.20181
Oak Canyon,Valley,35.8533196,-120.3338133
Grant Lake (historical),Lake,35.5983003,-120.1529237
Poison Water Pond,Lake,35.7413486,-120.2347398
North Belridge,Populated Place,35.5463512,-119.790688
Packwood (historical),Populated Place,35.5874656,-120.0601426
Summers (historical),Populated Place,35.5327448,-120.0815333
Armstrong,Populated Place,39.3282394,-120.2363101
Donner Lake Village,Populated Place,39.3251834,-120.2857557
Donner Pines Tract,Populated Place,39.3290727,-120.2457547
Donner Woods,Populated Place,39.3179611,-120.2904779
Lakeview,Populated Place,39.3282391,-120.2635329
Meadow Lake Park,Populated Place,39.3276841,-120.209365
Olympic Heights,Populated Place,39.3357399,-120.1576975
Ponderosa Fairway Estates,Populated Place,39.3276844,-120.1635307
Prosser Lake Heights,Populated Place,39.3512954,-120.1815873
Prosser Lakeview Estates,Populated Place,39.3629622,-120.1710319
Weeks Tract,Populated Place,39.3187943,-120.2990893
Bronco,Populated Place,39.3862969,-120.0226966
Gelatt,Populated Place,39.3210166,-120.2913114
West Lakes,Lake,39.3418976,-120.3328669
Andover (historical),Populated Place,39.3018504,-120.257421
Donner,Populated Place,39.3162939,-120.3321457
Dulzura Lake,Lake,39.2976823,-120.3829801
Ponderosa Palisades,Populated Place,39.3151842,-120.1926976
Serena Lake,Lake,39.3012934,-120.3863137
Spruce (historical),Populated Place,39.3157372,-120.4285374
Southside Highlands,Populated Place,39.3157391,-120.2704772
Stanford (historical),Populated Place,39.2926837,-120.2676989
Tamarack (historical),Populated Place,39.3060142,-120.4921501
Calvada (historical),Populated Place,39.462409,-120.0060327
Frosts (historical),Populated Place,39.0007411,-120.1043521
Jacobsen (historical),Populated Place,39.0054615,-120.3854738
Pomins,Populated Place,39.0665741,-120.1268549
Rubicon Springs (historical),Populated Place,39.0174071,-120.2488023
Prosser (historical),Populated Place,39.3701848,-120.1251979
Alpine Meadows,Populated Place,39.1785177,-120.2276948
Big Rock Spring,Spring,39.0949053,-120.3965873
Brushy Spring,Spring,39.0061575,-120.5827859
Duncan Creek,Stream,39.0387927,-120.5454801
Flat Ravine (historical),Populated Place,39.1340704,-120.5185366
Goggins (historical),Populated Place,39.0421266,-120.509368
Granite Canyon,Valley,39.224033,-120.5299326
Little Duncan Creek,Stream,39.141571,-120.4715908
Secret Canyon (historical),Populated Place,39.1874024,-120.5857621
Soda Springs,Populated Place,39.2471276,-120.3251995
Tadpole Spring,Spring,39.1840307,-120.5365218
Milton (historical),Populated Place,39.523234,-120.5821581
Black Butte,Summit,38.68343,-120.0223289
Corrie Lochan,Lake,38.649819,-120.0245592
Covered Wagon Peak,Summit,38.6570082,-120.047522
Emigrant Creek,Stream,38.6840747,-120.0371289
Fourth of July Peak,Summit,38.6587337,-120.0232401
The Sisters,Summit,38.6624126,-120.0080772
Kit Carson,Populated Place,38.670742,-120.1135207
Martin Point,Summit,38.688792,-120.0923956
Oyster Lake,Lake,38.6712657,-120.1176559
Porthole Gap,Gap,38.624354,-120.1324108
Tragedy Spring (historical),Populated Place,38.6387983,-120.1446332
Two Sentinels,Summit,38.697731,-120.088044
Jim Quinn Spring,Spring,38.6561286,-120.2432286
Little Round Top,Summit,38.7400459,-120.0515603
Negro Canyon,Valley,38.7190948,-120.1722124
Singleton Springs,Spring,38.6384179,-120.2381317
Soda Springs,Spring,37.6275333,-119.0856326
Straube Lake,Lake,37.597617,-119.1874483
Bottomless Pit,Basin,37.619103,-119.0187442
June Mountain,Summit,37.7399268,-119.0701311
Twin Falls,Falls,37.6116033,-119.0101324
Johnson Point,Summit,36.7014174,-119.0684732
Sentinel (historical),Populated Place,36.9641169,-119.4929104
Primero (historical),Populated Place,36.6024496,-119.2853949
Smyrna (historical),Populated Place,36.5166172,-119.3651196
Canebrake (historical),Populated Place,35.7316181,-118.0786868
Whitmore Tub,Basin,37.6290998,-118.8106853
Elna (historical),Populated Place,37.0938208,-118.2245432
Graham Spring,Spring,37.1882333,-118.1970149
Poleta,Populated Place,37.3613177,-118.3262177
Comstock Acres,Populated Place,39.1590736,-120.1496363
Lake Valley,Basin,39.2990686,-120.5815977
Little Granite Canyon,Valley,39.2285269,-120.5239317
Pine Land,Populated Place,39.1365737,-120.1585248
Tahoe Park,Populated Place,39.1421291,-120.1579694
Tahoe Woods,Populated Place,39.1490736,-120.1515806
Talmont,Populated Place,39.1449069,-120.1668586
Twin Peaks Estates,Populated Place,39.143518,-120.1743588
Brockway Vista,Populated Place,39.2379625,-120.0151906
Carnelian Heights,Populated Place,39.209629,-120.101581
Chamberlands Estates,Populated Place,39.0693517,-120.1524115
Dollar Point,Populated Place,39.1879625,-120.0999135
Kingswood Estates,Populated Place,39.2551845,-120.0635258
Ridgewood,Populated Place,39.2157401,-120.0924142
Tahoe Estates,Populated Place,39.2440734,-120.0565808
Tahoe Marina Estates,Populated Place,39.24074,-120.0618586
Tahoma Meadows,Populated Place,39.0651851,-120.1479667
Timberland,Populated Place,39.127407,-120.165747
Wood Vista,Populated Place,39.2424068,-120.0324134
Sierra Brooks,Populated Place,39.6424052,-120.2165932
Verdi,Populated Place,39.5243535,-120.0132564
Dew Drop (historical),Populated Place,38.5132418,-120.4843685
Centerville (historical),Populated Place,38.6310179,-119.7232309
Marklee Village,Populated Place,38.6896281,-119.7982329
Glenridge Park,Populated Place,39.0443519,-120.1243542
Lily Pond,Lake,39.0347266,-120.1624561
Rubicon Properties,Populated Place,39.0137966,-120.1176864
Spring Creek,Populated Place,38.9290745,-120.0649064
Tahoe Keys,Populated Place,38.9315746,-120.0135156
Long Canyon Forebay,Reservoir,38.769881,-120.5836795
Gold Ridge,Populated Place,38.7532368,-120.5682595
Little Norway,Populated Place,38.8246295,-120.0365724
Grizzly Peak,Populated Place,38.6324058,-120.5440925
Lakewood Sierra,Populated Place,38.7401815,-120.569093
Sly Park,Populated Place,38.7212929,-120.5846491
Black Jack Bluffs,Populated Place,37.8896487,-120.5840906
Cuesta Serena,Populated Place,37.946592,-120.3860272
Fairway Acres,Populated Place,37.9674248,-120.4038056
Gibbs Ranch,Populated Place,37.9882576,-120.4054722
Heavenly Hills,Populated Place,37.9665914,-120.4707524
Lambert Lake,Lake,37.9553621,-120.3324679
Lambert Lake Estates,Populated Place,37.9604806,-120.3343586
Melones Sunset Lake Estates,Populated Place,37.9657581,-120.4757525
Mother Lode West,Populated Place,37.9465919,-120.4163061
Peppermint Creek,Populated Place,37.9715914,-120.4274175
Rancho Sonora Estates,Populated Place,37.9932575,-120.4038055
Rolling Hills,Populated Place,37.9438142,-120.4260286
Sonora Knolls,Populated Place,37.9874243,-120.3904716
Sonora Ranchettes,Populated Place,37.9543695,-120.3260251
Volponi Acres,Populated Place,37.9652026,-120.4024166
Woods Crossing,Populated Place,37.9402032,-120.4343622
Buckhorn Estates,Populated Place,37.9532585,-120.2726899
Curtis Creek Ranch,Populated Place,37.9707581,-120.2921349
Diamond Bar B Ranch,Populated Place,37.9674248,-120.2829679
East Sonora,Populated Place,37.9777024,-120.361304
Greenley Oaks,Populated Place,37.9852022,-120.361304
Mono Village,Populated Place,37.9738136,-120.3243582
Monte Grande Heights,Populated Place,37.976869,-120.2685229
Oak Gardens Estates,Populated Place,37.9902022,-120.2751898
Peaceful Valley,Populated Place,37.9860355,-120.3188025
Quail Hollow,Populated Place,37.9907576,-120.3649152
Quail Ridge Ranch,Populated Place,37.9888132,-120.3482479
Rancho Poquitos,Populated Place,37.9835356,-120.2843567
Scenic Brook,Populated Place,37.9924243,-120.333803
Scenic View,Populated Place,37.9977019,-120.3321362
Sonora Hills,Populated Place,37.976869,-120.3663042
Upper Gaylor Lake,Lake,37.9225931,-119.2673771
Willow Springs,Populated Place,37.9952021,-120.2590781
River Spring,Spring,37.9385417,-118.6123501
Thornburg Peak,Summit,38.6495234,-119.8495463
Bishop Trail Park,Populated Place,37.3624293,-118.3923321
Sunland (historical),Populated Place,37.3324293,-118.4045542
Chrysopolis (historical),Populated Place,36.9604888,-118.196763
Camp Lake,Lake,36.5601412,-118.2451757
Frog Pond,Lake,36.5777453,-118.2691708
Peanut Lake,Lake,36.5619696,-118.2377725
Big Trees Village,Populated Place,38.3096386,-120.261583
Lakeside Terrace,Populated Place,38.2515842,-120.3210295
Lynn Park Acres,Populated Place,38.3893566,-120.5127033
Snowshoe Springs,Populated Place,38.2915834,-120.2829725
Tamarack Springs,Populated Place,38.4401901,-120.0829658
Blue Lake Junction,Populated Place,38.2585284,-120.3315855
Blue Lake Springs,Populated Place,38.2596395,-120.3240852
Grizzly Ridge,Populated Place,38.2563062,-120.338808
Lilac Park,Populated Place,38.252973,-120.3496417
Mountain Retreat,Populated Place,38.2532508,-120.326863
Mumbert Acres,Populated Place,38.2679727,-120.3196406
Big Valley,Populated Place,38.1318648,-120.4279757
Canyon View,Populated Place,38.192419,-120.3565854
Cedar Vista,Populated Place,38.1693638,-120.4079757
Forest Meadows,Populated Place,38.1679751,-120.4054756
Hanford Hill,Populated Place,38.1743637,-120.4035312
Hathaways Mountain Pines,Populated Place,38.1946411,-120.3682525
Indian Creek,Populated Place,38.1815857,-120.4343659
Indian Hills,Populated Place,38.1735305,-120.3774191
Ponderosa Park,Populated Place,38.1860302,-120.3688079
Rocky Hill,Populated Place,38.1454755,-120.4671442
Sunset Point,Populated Place,38.1888079,-120.3632522
Timber Trails,Populated Place,38.1968631,-120.3996427
Wyldewood,Populated Place,38.1457533,-120.4540882
Ebbetts Pass Highlands,Populated Place,38.2085296,-120.3696417
Lakemont Pines,Populated Place,38.2351956,-120.371309
Meadowmont,Populated Place,38.2463064,-120.3690869
Pinebrook,Populated Place,38.2418622,-120.3307519
Fly-In Acres,Populated Place,38.2318624,-120.3371409
The Shores of Poker Flat,Populated Place,37.9029818,-120.582146
Fort Roosevelt,Populated Place,36.3174501,-119.6579069
Coyote Creek,Stream,37.7415925,-119.7043378
Ponderosa Basin,Populated Place,37.4660498,-119.7357154
Columbia Village,Populated Place,38.0238123,-120.4015837
Cuesta Oaks,Populated Place,38.0021462,-120.3854715
Saratoga Acres,Populated Place,38.0013129,-120.3938052
Apple Valley Estates,Populated Place,38.0110349,-120.328803
Belleview Acres,Populated Place,38.015757,-120.279079
Bellwood Estates,Populated Place,38.0204792,-120.3007465
Black Oak Estates,Populated Place,38.0365897,-120.2279666
Cedar Pines Vista,Populated Place,38.033812,-120.2265777
Chaparral Heights,Populated Place,38.0024241,-120.2518555
Comstock Ranch,Populated Place,38.0499229,-120.2626902
Crystal Falls,Populated Place,38.0202014,-120.2718566
Goldmont Forest,Populated Place,38.0232569,-120.2524115
Lakewood Highlands,Populated Place,38.0546446,-120.2188001
Lakewood Park,Populated Place,38.0515892,-120.2135221
Lakewood Park Lake,Reservoir,38.0494176,-120.2253563
Lilac Terrace,Populated Place,38.0299232,-120.2346334
Lynnwood Estates,Populated Place,38.0449228,-120.2321336
Phoenix Lake County Club Estates,Populated Place,38.0113127,-120.3035243
Scenic Heights,Populated Place,38.0165904,-120.2565782
Sonora Meadows,Populated Place,38.0110349,-120.2865792
Twain Harte Valley,Populated Place,38.0535337,-120.2293559
White Oak Estates,Populated Place,38.0096461,-120.2738009
Lake Joallan,Reservoir,36.8474037,-120.4421614
Perkins West Peak,Summit,37.0041113,-119.6381842
Avalanche Canyon,Valley,36.7852916,-118.5574829
Fresno City (historical),Populated Place,36.6610611,-120.2609938
Young Pond,Lake,36.593006,-119.6362447
Ahwahnee Estates,Populated Place,37.3707757,-119.7037653
Bailey Flats (historical),Populated Place,37.3429987,-119.8121042
Grub Gulch (historical),Populated Place,37.3246662,-119.7707125
Black Hawk Lake,Reservoir,37.1616601,-119.7748418
Hillside (historical),Populated Place,37.2057797,-119.87877
Indian Lakes Estates,Populated Place,37.2110585,-119.6801475
Magnet (historical),Populated Place,37.1521702,-119.6615342
Narbo (historical),Populated Place,37.2171695,-119.7012602
Willow Glen (historical),Populated Place,37.2118917,-119.7082049
Yosemite Lakes Park,Populated Place,37.1818919,-119.768208
Ash (historical),Populated Place,37.0688338,-120.3040642
Lake Madera Country Estates,Populated Place,37.0430026,-119.9926608
Madera Country Club Estates,Populated Place,37.0260577,-120.0646081
Madera Highlands,Populated Place,37.0110578,-120.0809974
Ovejo (historical),Populated Place,37.0543895,-120.3165642
Plains (historical),Populated Place,37.0235567,-120.3490643
Valley Lake Ranchos,Populated Place,37.0613355,-120.0157179
Bonadelle Ranchos,Populated Place,36.9666147,-119.8940431
Bonadelle Ranchos Five,Populated Place,36.993003,-119.9829369
Bonadelle Ranchos Nine,Populated Place,36.959949,-119.7982047
Fort Miller (historical),Populated Place,37.0152273,-119.6593093
Lankershim (historical),Populated Place,36.9338357,-119.9829358
Madera Ranchos,Populated Place,36.9310591,-119.8815418
River Road Estates,Populated Place,36.998003,-119.9857149
Rolling Hills,Populated Place,36.9032823,-119.7976481
San Joaquin River Estates,Populated Place,36.8638375,-119.8170928
Sumner Hill,Populated Place,36.9555051,-119.7501467
Chinatown,Populated Place,38.2138068,-119.014032
Panorama Dome,Summit,37.6191318,-119.000547
Pearson Spring,Spring,38.2133605,-119.0176418
Lake Heron,Reservoir,36.0499523,-119.0106566
Hope (historical),Populated Place,36.0221749,-119.0259349
Monache (historical),Populated Place,36.0805078,-119.0528805
Roche,Populated Place,36.0730077,-119.01149
Westfield,Populated Place,36.0910631,-119.0445468
Little Bravo Lake,Reservoir,36.4039742,-119.1053987
Dillon Canyon,Valley,36.2912317,-118.7206234
Elder Creek,Stream,36.5310595,-119.0112155
Alta Vista (historical),Populated Place,36.0549517,-118.963988
Dome Rock,Summit,35.9675478,-118.5643466
Harmony,Populated Place,36.1235632,-119.1698298
Pleasant Grove (historical),Populated Place,36.0805083,-119.1701074
Vincent,Populated Place,36.0832858,-119.1453841
Saucelito,Populated Place,35.9791204,-119.1787184
Round Valley,Populated Place,37.4193758,-118.5876191
East Porterville,Populated Place,36.0574518,-118.9756551
Home Garden,Populated Place,36.3032834,-119.6362393
Madera Acres,Populated Place,37.0191134,-120.0668302
Parksdale,Populated Place,36.9471689,-120.0229379
Parkwood,Populated Place,36.9268909,-120.0446051
Tuolumne City,Populated Place,37.9627027,-120.2412999
West Bishop,Populated Place,37.3610408,-118.455113
Yosemite Lakes,Populated Place,37.1910585,-119.772653
Mesa Vista,Populated Place,38.8071278,-119.7960105
Alpine Village,Populated Place,38.7729609,-119.8179553
Sonora Pass,Gap,38.327691,-119.6368387
Barton Mountain,Summit,36.4527205,-118.9320329
Schroeder Mountain,Summit,39.6272635,-120.5292825
Mount Marsh,Summit,36.5547643,-118.2784443
Australia Gulch,Valley,37.4505096,-119.9471614
Bullion Knob,Summit,37.5344773,-120.0302711
Crows Nest,Summit,37.4707547,-119.9592188
East Fork Buckeye Creek,Stream,37.4463279,-119.9829504
McBrights Gulch,Valley,37.4718299,-119.9486506
Yaqui Creek,Stream,37.4385503,-120.0079514
Panoramic View (historical),Summit,36.5749419,-118.6509296
Sheep Pass (historical),Gap,36.6166015,-118.3009257
Alamo Solo Spring,Spring,35.7816273,-119.9993038
Darwin Creek,Stream,37.1766012,-118.6389993
Davis Slough,Stream,36.2028151,-119.2430091
Long Gulch Creek,Stream,37.8088131,-119.7621194
Moss Canyon,Valley,37.6696735,-119.8189813
The Pinnacles,Summit,37.7621335,-119.4943787
Clark Fork Illilouette Creek,Stream,37.6760401,-119.5107117
Slide Peak,Summit,36.9002312,-118.6915906
Chimney Canyon,Valley,36.2260162,-120.529935
Nehi Canyon,Valley,36.2908751,-120.4836682
Rock House Spring,Spring,36.2271775,-120.5098806
Poulsen Peak,Summit,39.2096428,-120.2362141
Bijou Creek,Stream,38.94806,-119.96444
Lewis Canyon,Valley,36.2349447,-120.5556892
Skelton Spring,Spring,36.2058333,-120.5383333
Zalba Spring,Spring,36.3272222,-120.4947222
Fig Garden,Populated Place,36.7983,-119.8045
Cottonwood Lake Number One,Lake,36.4897646,-118.2105556
Cottonwood Lake Number Two,Lake,36.4893625,-118.2155585
Cottonwood Lake Number Three,Lake,36.4959253,-118.2202523
Cottonwood Lake Number Four,Lake,36.4989813,-118.2296929
Cottonwood Lake Number Five,Lake,36.5031845,-118.2268072
Cottonwood Lake Number Six,Lake,36.5133344,-118.2264242
Phoenix Lake,Populated Place,38.005939,-120.307024
Powers Peak,Summit,35.7793523,-118.4057136
Kaye Creek,Stream,38.3325,-120.4247222
Hanford Del Arroyo Estates,Populated Place,36.345,-119.6325
Kingston (historical),Populated Place,36.4236111,-119.6936111
Sierra Pines,Populated Place,39.52751,-120.00667
Buckhorn,Populated Place,38.452158,-120.52854
Webber Peak,Summit,39.4802565,-120.4452908
Clem Nelson Peak,Summit,37.3952328,-118.1730312
Mount Andrea Lawrence,Summit,37.7796181,-119.2201795
Gold Star Peak,Summit,39.2567492,-120.088126
Mount Hansen (not official),Summit,37.0738375,-118.692159
Buena Vista Peak,Summit,36.7114849,-118.8967275
West Vidette,Summit,36.7339049,-118.4197275
Dead Horse Gulch,Valley,38.0137598,-119.8977216
Snow Canyon,Valley,38.0327223,-119.8936213
Bartholomew Peak,Summit,37.2124872,-119.1231013
Mono Lake,Populated Place,38.00912,-119.15364
Sky Point,Summit,37.2543979,-118.7275333
Beyers Lake,Lake,39.37885,-120.56253
Gertrude Lake (historical),Reservoir,38.21767,-119.88672
Kinney Lakes,Lake,38.5593023,-119.8263686
Boulder Lake,Lake,38.4338889,-119.7002778
Oat Mountain,Summit,36.0002227,-118.7992445
Twin Lakes,Populated Place,38.1537873,-119.3496942
Virginia Lakes,Populated Place,38.0521132,-119.252561
Twain Harte Lake,Reservoir,38.0291871,-120.2423087
Brentwood Lake,Reservoir,38.040892,-120.250361
Cedar Flat,Populated Place,39.2103031,-120.0982517
Millerton,Populated Place,36.9808381,-119.6606396
Millerton,Populated Place,36.9808381,-119.6606396
Hypericum,Populated Place,36.2561564,-119.2166055
Yosemite West,Populated Place,37.6481932,-119.7182169
TV Hill,Summit,39.6387439,-120.2642756
Dark Canyon,Valley,39.682907,-120.1084148
Cat Valley,Valley,38.565772,-119.9851097
Leonard Creek,Stream,39.632955,-120.550489
Granite Face Lake,Reservoir,39.3966538,-120.4279962
Sawyier Falls,Falls,38.877444,-120.091063
Lake Marie,Lake,39.2835433,-120.5031307
La Salle Lake,Lake,37.31375,-118.78615
Lake McSwain,Reservoir,37.5185,-120.29884
Lewis Peak,Summit,36.57333,-118.28973
Kearsarge Lakes,Lake,36.764579,-118.388622
